date,ticker,open,high,low,close,adj_close,volume
2024-10-10,SPY,575.77,577.58,574.49,576.13,563.1344,44138100
2024-10-10,QQQ,490.85,494.47,489.53,492.59,487.6545,25750400
2024-10-10,XLK,114.465,115.505,114.145,115.205,113.8937,5692200
2024-10-10,XLF,45.82,45.86,45.44,45.63,44.271,34127400
2024-10-10,XLV,153.34,153.46,152.4,152.77,147.6223,4385500
2024-10-10,XLY,99.02,99.24,98.42,98.71,97.0747,3259000
2024-10-10,XLC,90.12,90.5,89.78,89.81,87.7009,3136400
2024-10-10,XLI,136.15,136.37,135.53,135.99,132.4184,5495600
2024-10-10,XLP,81.53,81.7,80.99,81.19,76.9535,9122600
2024-10-10,XLE,46.065,46.375,45.73,46.12,43.3979,26047400
2024-10-10,XLU,39.44,39.75,39.26,39.28,37.1009,26326600
2024-10-10,XLB,47.505,47.71,47.305,47.635,45.8734,6764600
2024-10-10,XLRE,43.11,43.47,42.84,42.99,40.1494,3659600
2024-10-10,SMH,252.51,255.87,251,254.65,252.7399,4044600
2024-10-10,IGV,91.38,92.42,91.24,92.36,92.3427,6154800
2024-10-10,XBI,95.52,96.23,95.08,96.22,95.7648,6752900
2024-10-10,GNOM,42.68,42.9,42.36,42.8,42.1743,13525
2024-10-10,ARKG,23.76,23.9,23.415,23.87,23.87,2270200
2024-10-10,KRE,55.85,56.39,55.47,56.09,53.3551,8150600
2024-10-10,XHB,120.44,121.31,119.82,120.33,117.9878,1559300
2024-10-10,XME,62.7,63.74,62.54,63.71,63.1997,1824700
2024-10-10,URA,29.28,29.65,29.11,29.57,27.4785,1171100
2024-10-10,ITA,151.42,151.42,149.9,150.39,148.6314,283200
2024-10-10,PAVE,41.13,41.18,40.78,41.08,40.4922,1173000
2024-10-11,SPY,576.05,580.33,575.91,579.58,566.5065,42268000
2024-10-11,QQQ,490.74,494.39,490.17,493.36,488.4168,20644500
2024-10-11,XLK,114.93,115.665,114.76,115.405,114.0914,8849000
2024-10-11,XLF,45.92,46.6,45.89,46.51,45.1248,52850300
2024-10-11,XLV,153.25,154.07,153.03,153.89,148.7046,9354000
2024-10-11,XLY,97.715,98.685,97.7,98.29,96.6616,4991600
2024-10-11,XLC,90.03,90.66,89.87,90.43,88.3064,1861400
2024-10-11,XLI,136.49,138.47,136.49,138.42,134.7846,8764800
2024-10-11,XLP,81.47,81.72,81.11,81.64,77.38,8741500
2024-10-11,XLE,46.105,46.57,46.015,46.405,43.6661,26414600
2024-10-11,XLU,39.15,39.625,39.025,39.625,37.4268,19332600
2024-10-11,XLB,47.73,48.08,47.66,47.945,46.1719,6631200
2024-10-11,XLRE,43.22,43.44,43.095,43.43,40.5603,2312100
2024-10-11,SMH,253.61,257.3,253.6,256.69,254.7646,4202900
2024-10-11,IGV,92.42,92.99,92.37,92.82,92.8026,2588100
2024-10-11,XBI,96.22,98.79,95.82,98.68,98.2132,7486100
2024-10-11,GNOM,42.76,44,42.76,43.944,43.3015,7850
2024-10-11,ARKG,23.82,24.93,23.72,24.79,24.79,2750700
2024-10-11,KRE,56.46,58.28,56.46,58.03,55.2005,22096400
2024-10-11,XHB,119.8,121.86,119.8,121.3,118.9389,1202400
2024-10-11,XME,63.85,64.82,63.85,64.67,64.152,1060300
2024-10-11,URA,29.36,30.03,29.26,30,27.8781,1788000
2024-10-11,ITA,150.84,152.91,150.84,152.86,151.0725,283900
2024-10-11,PAVE,41.15,41.88,41.15,41.86,41.261,694900
2024-10-14,SPY,581.22,585.27,580.73,584.32,571.1396,36217200
2024-10-14,QQQ,495.77,498.83,495.26,497.5,492.5153,26060100
2024-10-14,XLK,116.14,117.15,116.085,116.91,115.5793,9810200
2024-10-14,XLF,46.59,46.85,46.46,46.8,45.4062,35850800
2024-10-14,XLV,154.06,155.01,153.53,154.74,149.5259,4819800
2024-10-14,XLY,98.49,98.885,98.085,98.72,97.0845,3566600
2024-10-14,XLC,90.67,91.135,90.54,90.85,88.7165,3436000
2024-10-14,XLI,138.39,139.32,137.85,139.25,135.5928,6817400
2024-10-14,XLP,81.6,82.01,81.47,81.97,77.6928,6263000
2024-10-14,XLE,46.08,46.46,46.01,46.385,43.6473,22198600
2024-10-14,XLU,39.685,40.16,39.61,40.125,37.8991,18041800
2024-10-14,XLB,47.73,48.25,47.655,48.22,46.4368,6217000
2024-10-14,XLRE,43.32,43.79,43.21,43.73,40.8405,3542900
2024-10-14,SMH,258.52,262.26,258.42,261.28,259.3202,4608600
2024-10-14,IGV,93.44,93.69,92.85,93.33,93.3125,5191800
2024-10-14,XBI,98.28,99.22,98,99.07,98.6014,5538500
2024-10-14,GNOM,44,44.52,43.52,44.52,43.8691,12725
2024-10-14,ARKG,24.79,25.24,24.47,25.2,25.2,1557600
2024-10-14,KRE,58.07,58.76,57.52,58.49,55.6381,11169800
2024-10-14,XHB,121.55,123.8,121.1,123.67,121.2627,1173200
2024-10-14,XME,64.09,64.63,63.76,64.63,64.1123,1028100
2024-10-14,URA,30.01,30.21,29.65,30.17,28.0361,2337800
2024-10-14,ITA,152.98,153.93,152.69,153.75,151.9521,510800
2024-10-14,PAVE,41.83,42.18,41.7,42.16,41.5567,653500
2024-10-15,SPY,584.59,584.9,578.54,579.78,566.7019,54203600
2024-10-15,QQQ,497.83,498.5,488.68,490.85,485.932,34784500
2024-10-15,XLK,117,117.285,113.915,114.34,113.0385,14179400
2024-10-15,XLF,47.12,47.39,46.84,46.9,45.5032,42356800
2024-10-15,XLV,152.67,154.59,152.51,152.85,147.6996,9088600
2024-10-15,XLY,98.75,99.58,98.75,98.935,97.296,6855200
2024-10-15,XLC,91.05,91.445,90.765,91.05,88.9118,3436500
2024-10-15,XLI,139.4,139.77,138.06,138.18,134.5509,7808900
2024-10-15,XLP,82.08,83.19,82.08,82.49,78.1857,11287700
2024-10-15,XLE,45.15,45.45,44.865,44.89,42.2405,37839200
2024-10-15,XLU,40.3,40.6,40.26,40.305,38.0691,26427600
2024-10-15,XLB,48.11,48.565,48.11,48.17,46.3886,7717600
2024-10-15,XLRE,43.92,44.64,43.89,44.28,41.3541,5176300
2024-10-15,SMH,261,262.11,245.58,247.16,245.3061,14128900
2024-10-15,IGV,93.5,93.57,92.24,92.43,92.4127,2487400
2024-10-15,XBI,99.03,99.95,98.27,99.31,98.8402,7379400
2024-10-15,GNOM,44.48,44.48,43.88,43.92,43.2779,6750
2024-10-15,ARKG,25.015,25.05,24.46,24.78,24.78,1959400
2024-10-15,KRE,58.85,60.41,58.41,59.13,56.2469,21830300
2024-10-15,XHB,124.1,125.51,123.71,123.8,121.3902,1477200
2024-10-15,XME,64.05,64.74,63.92,64.19,63.6758,1187300
2024-10-15,URA,30.31,30.42,29.61,30.23,28.0918,1970400
2024-10-15,ITA,154.64,154.64,152.69,152.96,151.1714,273900
2024-10-15,PAVE,42.16,42.38,41.88,41.92,41.3202,637900
2024-10-16,SPY,579.78,582.83,578.96,582.3,569.1652,30725400
2024-10-16,QQQ,491.18,491.69,487.57,490.91,485.9914,22996800
2024-10-16,XLK,114.7,114.87,113.46,114.695,113.3895,5758800
2024-10-16,XLF,47.08,47.5,46.99,47.48,46.0659,44973700
2024-10-16,XLV,152.65,153.61,152.24,153.28,148.1151,4510200
2024-10-16,XLY,99.03,99.48,98.9,99.455,97.8074,4607000
2024-10-16,XLC,90.64,91.11,90.55,90.99,88.8532,3198700
2024-10-16,XLI,138.4,139.55,138.34,139.25,135.5928,8207800
2024-10-16,XLP,82.21,82.54,82.02,82.43,78.1288,7720300
2024-10-16,XLE,45.145,45.255,44.985,45.105,42.4428,19877000
2024-10-16,XLU,40.505,41.185,40.325,41.105,38.8247,19099600
2024-10-16,XLB,48.225,48.64,48.205,48.545,46.7498,7465800
2024-10-16,XLRE,44.38,44.785,44.25,44.72,41.765,3662700
2024-10-16,SMH,249.83,249.83,245.5,247.32,245.4649,5692300
2024-10-16,IGV,92.38,92.38,91.17,92,91.9828,1738900
2024-10-16,XBI,99.45,100.56,99.05,100.25,99.7758,6478800
2024-10-16,GNOM,44.08,44.48,44,44.48,43.8297,3025
2024-10-16,ARKG,24.93,25.14,24.73,25.02,25.02,1304700
2024-10-16,KRE,59.66,60.52,59.32,59.94,57.0174,17911000
2024-10-16,XHB,124.76,125.98,124.46,125.25,122.812,1178500
2024-10-16,XME,64.84,65.81,64.84,65.52,64.9952,1177300
2024-10-16,URA,30.76,32.51,30.62,32.35,30.0619,9074900
2024-10-16,ITA,153.37,154.75,153.04,154.69,152.8811,260500
2024-10-16,PAVE,42.12,42.495,42.09,42.36,41.7539,649500
2024-10-17,SPY,585.91,586.12,582.16,582.35,569.2141,34393700
2024-10-17,QQQ,496.44,496.49,491.19,491.25,486.3279,27210700
2024-10-17,XLK,116.295,116.36,115.045,115.045,113.7355,6051200
2024-10-17,XLF,47.68,47.81,47.58,47.61,46.1921,45823400
2024-10-17,XLV,152.77,153.02,152.29,152.39,147.2551,5430000
2024-10-17,XLY,99.63,99.79,99.035,99.365,97.7188,3488800
2024-10-17,XLC,91.39,91.41,90.4,90.56,88.4333,2237600
2024-10-17,XLI,139.27,139.47,138.6,138.85,135.2033,5065100
2024-10-17,XLP,82.54,82.65,81.84,82.06,77.7781,7716400
2024-10-17,XLE,45.1,45.47,45.05,45.32,42.6451,21433400
2024-10-17,XLU,41.24,41.25,40.71,40.74,38.4799,23527200
2024-10-17,XLB,48.65,48.73,48.465,48.62,46.822,5043600
2024-10-17,XLRE,44.59,44.63,44.26,44.43,41.4942,2934000
2024-10-17,SMH,255.18,256.17,251.5,251.58,249.6929,6745000
2024-10-17,IGV,92.73,92.78,91.73,92.07,92.0527,1426800
2024-10-17,XBI,100.23,100.54,99.27,99.3,98.8303,8155300
2024-10-17,GNOM,44.48,44.48,43.6,43.6,42.9626,8225
2024-10-17,ARKG,24.98,24.99,24.29,24.33,24.33,2411600
2024-10-17,KRE,60.12,60.61,59.65,60.46,57.512,14806200
2024-10-17,XHB,125.42,125.72,123.88,124.37,121.9491,1389000
2024-10-17,XME,65.8,66.57,65.43,65.7,65.1737,1667600
2024-10-17,URA,32.95,33.32,32.38,32.76,30.4429,5217400
2024-10-17,ITA,154.99,155.47,154.5,154.9,153.0887,184800
2024-10-17,PAVE,42.39,42.52,42.245,42.38,41.7736,596600
2024-10-18,SPY,584.07,585.39,582.58,584.59,571.4036,37416800
2024-10-18,QQQ,494.06,495.57,493.3,494.47,489.5157,25335000
2024-10-18,XLK,115.645,115.88,115.21,115.455,114.1408,4537000
2024-10-18,XLF,47.61,47.72,47.35,47.62,46.2018,34279600
2024-10-18,XLV,152.5,153.5,152.06,153.13,147.9702,9823900
2024-10-18,XLY,99.575,100.02,99.185,99.755,98.1024,3797000
2024-10-18,XLC,91.14,91.48,91.05,91.23,89.0876,2665500
2024-10-18,XLI,139.21,139.33,138.43,139.27,135.6123,4782100
2024-10-18,XLP,81.88,82.27,81.64,82.24,77.9487,8314200
2024-10-18,XLE,45.235,45.365,44.85,45.17,42.504,24015200
2024-10-18,XLU,40.705,40.995,40.525,40.975,38.7019,14035200
2024-10-18,XLB,48.765,48.935,48.57,48.815,47.0098,6035600
2024-10-18,XLRE,44.52,44.756,44.345,44.74,41.7837,3950800
2024-10-18,SMH,253.5,253.52,250.86,251.51,249.6234,3720700
2024-10-18,IGV,92.23,92.68,92,92.31,92.2927,2617500
2024-10-18,XBI,99.52,100.17,99.14,99.83,99.3578,4477200
2024-10-18,GNOM,43.8,44,43.6,43.9,43.2582,5950
2024-10-18,ARKG,24.45,24.82,24.39,24.78,24.78,840300
2024-10-18,KRE,60.45,60.52,59.53,59.64,56.732,12041200
2024-10-18,XHB,125.13,126.07,124.45,125.54,123.0963,1502800
2024-10-18,XME,66.5,67.01,66.03,66.65,66.1161,1370400
2024-10-18,URA,33,33.75,32.5,33.46,31.0934,4181800
2024-10-18,ITA,154.94,155.24,154.32,154.86,153.0492,231500
2024-10-18,PAVE,42.43,42.51,42.23,42.49,41.882,462700
2024-10-21,SPY,583.85,584.85,580.6,583.63,570.4651,36439000
2024-10-21,QQQ,493.25,496.23,491.31,495.42,490.4562,30336500
2024-10-21,XLK,115.095,116.01,114.885,115.995,114.6747,6322400
2024-10-21,XLF,47.54,47.65,47.15,47.24,45.8331,26207400
2024-10-21,XLV,152.73,153.14,151.18,151.33,146.2308,4825900
2024-10-21,XLY,99.535,99.535,98.605,98.98,97.3402,3304800
2024-10-21,XLC,91.19,91.26,90.36,90.87,88.736,2920800
2024-10-21,XLI,139.25,139.45,138.22,138.78,135.1351,5216700
2024-10-21,XLP,82.21,82.39,81.47,81.55,77.2947,8704600
2024-10-21,XLE,45.47,45.615,44.955,45.035,42.3769,21162000
2024-10-21,XLU,41.07,41.19,40.655,40.815,38.5508,14811600
2024-10-21,XLB,48.76,48.835,48.275,48.44,46.6486,4343200
2024-10-21,XLRE,44.48,44.68,43.76,43.82,40.9245,5938700
2024-10-21,SMH,251,253.05,249.49,252.84,250.9435,3923400
2024-10-21,IGV,91.72,92.69,91.57,92.28,92.2627,2125800
2024-10-21,XBI,99.42,99.71,97.65,98.15,97.6857,6895300
2024-10-21,GNOM,43.88,43.88,42.84,43.08,42.4502,5325
2024-10-21,ARKG,24.71,24.76,24.13,24.36,24.36,1589400
2024-10-21,KRE,59.65,59.75,57.77,57.89,55.0673,19228200
2024-10-21,XHB,125.23,125.33,121.36,121.61,119.2428,3380600
2024-10-21,XME,67.1,67.2,65.91,66.27,65.7392,1630000
2024-10-21,URA,33.91,33.99,33.03,33.25,30.8982,3322300
2024-10-21,ITA,155.63,156.1,154.45,155.61,153.7904,300800
2024-10-21,PAVE,42.49,42.53,42.02,42.23,41.6257,1372600
2024-10-22,SPY,581.05,584.5,580.38,583.32,570.1622,34183800
2024-10-22,QQQ,492.73,497.45,491.97,495.96,490.9908,26685800
2024-10-22,XLK,115.38,116.27,115.05,115.875,114.556,6169200
2024-10-22,XLF,47,47.23,46.78,47.15,45.7458,30018700
2024-10-22,XLV,150.53,151.39,150.4,151.11,146.0182,5166900
2024-10-22,XLY,98.22,98.935,97.96,98.58,96.9468,3157600
2024-10-22,XLC,90.46,91.13,90.28,91,88.863,3423200
2024-10-22,XLI,138.17,138.28,136.39,137.1,133.4992,8579700
2024-10-22,XLP,81.43,82.11,81.35,82.01,77.7307,8912400
2024-10-22,XLE,45.2,45.35,44.975,45.14,42.4757,17956400
2024-10-22,XLU,40.54,40.755,40.345,40.67,38.4138,17119200
2024-10-22,XLB,48.405,48.48,47.73,47.995,46.2201,6954000
2024-10-22,XLRE,43.73,44.06,43.62,43.89,40.9899,4497400
2024-10-22,SMH,251.33,252.49,249.67,251.69,249.8021,3629100
2024-10-22,IGV,91.9,92.38,91.78,92.11,92.0927,1680300
2024-10-22,XBI,97.69,98.4,97.46,98.27,97.8051,5222200
2024-10-22,GNOM,42.92,43.2,42.84,43.2,42.5684,9975
2024-10-22,ARKG,24.17,24.3,24,24.07,24.07,1423600
2024-10-22,KRE,57.94,58.7,57.76,58.62,55.7617,11097100
2024-10-22,XHB,120.2,120.4,118.32,118.43,116.1247,2867100
2024-10-22,XME,66.42,66.62,65.38,65.87,65.3424,1447200
2024-10-22,URA,33.24,33.27,32.04,32.75,30.4336,3976000
2024-10-22,ITA,154.51,154.51,149.83,150.52,148.7599,1066400
2024-10-22,PAVE,42.15,42.15,41.565,41.75,41.1526,1421200
2024-10-23,SPY,581.26,581.71,574.42,577.99,564.9525,49314600
2024-10-23,QQQ,493.59,494.25,485.05,488.36,483.4669,39346600
2024-10-23,XLK,115.445,115.62,113.24,114.215,112.9149,6083600
2024-10-23,XLF,47.1,47.22,46.88,47.11,45.707,20697200
2024-10-23,XLV,150.7,150.93,149.6,150.4,145.3322,4910200
2024-10-23,XLY,97.79,98.015,96.515,97.03,95.4225,4339000
2024-10-23,XLC,90.79,91.12,89.975,90.31,88.1892,3015500
2024-10-23,XLI,136.96,137.54,136,136.7,133.1098,8480700
2024-10-23,XLP,81.6,81.97,81.44,81.85,77.579,6926500
2024-10-23,XLE,45.015,45.19,44.645,44.905,42.2546,19813200
2024-10-23,XLU,40.7,41.075,40.625,41.06,38.7822,19645000
2024-10-23,XLB,47.87,48.13,47.64,47.865,46.0949,6782600
2024-10-23,XLRE,43.78,44.395,43.74,44.32,41.3915,4849500
2024-10-23,SMH,250.45,251.67,245.84,249.01,247.1422,4971600
2024-10-23,IGV,91.86,92.03,90.32,90.79,90.773,3619700
2024-10-23,XBI,97.87,98.27,96.11,96.67,96.2127,8293600
2024-10-23,GNOM,43.04,43.16,42.28,42.56,41.9378,7675
2024-10-23,ARKG,23.98,24.06,23.35,23.55,23.55,2263500
2024-10-23,KRE,58.42,59.01,57.96,58.66,55.7998,10278700
2024-10-23,XHB,118.05,119.28,117.13,117.88,115.5854,2571000
2024-10-23,XME,65.27,65.51,64.23,64.69,64.1718,1342600
2024-10-23,URA,32.37,32.48,31.11,31.57,29.337,3394400
2024-10-23,ITA,151.05,151.95,150.44,150.98,149.2145,415100
2024-10-23,PAVE,41.7,41.815,41.18,41.51,40.916,1010500
2024-10-24,SPY,579.98,580.06,576.57,579.24,566.1741,34979900
2024-10-24,QQQ,492.11,493,489.44,492.32,487.3873,22024900
2024-10-24,XLK,114.68,114.835,113.87,114.55,113.2461,4832800
2024-10-24,XLF,47.12,47.21,46.86,47.15,45.7458,19617500
2024-10-24,XLV,150.4,151.01,149.37,149.41,144.3755,5066300
2024-10-24,XLY,99.15,100.225,98.85,100.09,98.4318,6991400
2024-10-24,XLC,90.56,90.705,90.06,90.62,88.4919,2044700
2024-10-24,XLI,136.49,136.49,135.37,135.76,132.1945,6720400
2024-10-24,XLP,81.83,82,81.5,81.74,77.4748,6211500
2024-10-24,XLE,45,45.135,44.6,44.9,42.2499,17046600
2024-10-24,XLU,41.065,41.15,40.66,40.795,38.5319,13092000
2024-10-24,XLB,47.77,47.865,47.085,47.28,45.5315,5092000
2024-10-24,XLRE,44.36,44.69,44.34,44.42,41.4849,3188600
2024-10-24,SMH,250.87,251.2,248.2,250.06,248.1843,2595500
2024-10-24,IGV,91.53,92.28,91.38,91.79,91.7728,1458100
2024-10-24,XBI,97.14,98.24,96.88,97.25,96.79,4408300
2024-10-24,GNOM,42.56,42.62,42,42.04,41.4254,6400
2024-10-24,ARKG,23.58,23.66,23.17,23.29,23.29,3185300
2024-10-24,KRE,58.81,59.04,57.99,58.96,56.0852,11207400
2024-10-24,XHB,118.15,118.78,117.34,118.16,115.86,1639200
2024-10-24,XME,64.69,64.78,63.58,64.44,63.9238,1068500
2024-10-24,URA,31.79,32.17,31.35,31.77,29.5229,2275600
2024-10-24,ITA,150.93,150.93,149.29,149.39,147.6431,325000
2024-10-24,PAVE,41.51,41.545,41.19,41.45,40.8569,589700
2024-10-25,SPY,581.51,584.46,578.08,579.04,565.9786,47268200
2024-10-25,QQQ,495.14,500.28,494.43,495.32,490.3572,38762100
2024-10-25,XLK,115.2,116.44,114.98,115.145,113.8343,8314800
2024-10-25,XLF,47.34,47.42,46.52,46.63,45.2412,25526500
2024-10-25,XLV,149.92,150,148.42,148.59,143.5831,5314500
2024-10-25,XLY,100.27,101.29,100.035,100.405,98.7416,5440000
2024-10-25,XLC,91.15,91.805,90.76,90.85,88.7165,2943700
2024-10-25,XLI,136.38,136.75,135.12,135.4,131.8439,6399300
2024-10-25,XLP,81.74,81.87,80.99,81.06,76.8303,6546900
2024-10-25,XLE,45.14,45.26,44.755,44.885,42.2358,19104600
2024-10-25,XLU,41,41.035,40.16,40.19,37.9605,17518200
2024-10-25,XLB,47.26,47.45,46.955,46.98,45.2426,7406600
2024-10-25,XLRE,44.79,44.98,44.05,44.07,41.158,4820700
2024-10-25,SMH,252.49,256.55,252.3,252.96,251.0626,6835900
2024-10-25,IGV,92.24,93.29,91.89,92.2,92.1827,2555400
2024-10-25,XBI,97.63,98.85,97.12,97.15,96.6904,6256100
2024-10-25,GNOM,42.32,42.52,41.96,41.96,41.3465,5875
2024-10-25,ARKG,23.4,23.775,23.21,23.3,23.3,1973900
2024-10-25,KRE,59.29,59.56,57.69,57.9,55.0769,14982900
2024-10-25,XHB,118.76,119.24,116.44,116.54,114.2715,2130200
2024-10-25,XME,64.56,65.03,63.81,64.01,63.4973,774600
2024-10-25,URA,31.89,32.14,31.41,31.56,29.3277,2030000
2024-10-25,ITA,150.49,150.97,149.22,149.62,147.8704,462700
2024-10-25,PAVE,41.7,41.72,41.07,41.21,40.6203,636200
2024-10-28,SPY,582.58,582.71,580.52,580.83,567.7284,30174700
2024-10-28,QQQ,498.46,498.52,495.1,495.4,490.4364,20477800
2024-10-28,XLK,115.97,115.97,115.085,115.11,113.7997,5899200
2024-10-28,XLF,46.87,47.25,46.86,47.21,45.804,31415900
2024-10-28,XLV,149.01,149.49,148.62,148.81,143.7957,4923500
2024-10-28,XLY,101.195,101.54,100.595,100.64,98.9727,4102400
2024-10-28,XLC,91.72,91.77,91.09,91.43,89.2829,2079700
2024-10-28,XLI,136.08,136.4,135.76,135.8,132.2334,7132200
2024-10-28,XLP,81.38,81.56,81.17,81.21,76.9725,5714200
2024-10-28,XLE,43.93,44.63,43.89,44.6,41.9676,24228000
2024-10-28,XLU,40.405,40.71,40.31,40.505,38.258,14622800
2024-10-28,XLB,47.21,47.435,47.16,47.37,45.6182,7701600
2024-10-28,XLRE,44.46,44.65,44.125,44.21,41.2887,3129100
2024-10-28,SMH,252.77,253.05,251,251.21,249.3257,3557300
2024-10-28,IGV,92.77,93,92.28,92.34,92.3227,2344700
2024-10-28,XBI,98.08,99.51,97.87,98.49,98.0241,6178200
2024-10-28,GNOM,42.24,42.92,42.24,42.612,41.989,4700
2024-10-28,ARKG,23.47,24.305,23.42,24.06,24.06,1691700
2024-10-28,KRE,58.52,59.83,58.27,59.56,56.6559,15722300
2024-10-28,XHB,117.64,119.01,117.37,117.76,115.4678,1423600
2024-10-28,XME,64.25,65.78,64.2,65.64,65.1142,778700
2024-10-28,URA,31.4,32.35,31.02,32.18,29.9039,2973700
2024-10-28,ITA,149.9,150.2,148.66,148.7,146.9612,300400
2024-10-28,PAVE,41.55,41.845,41.47,41.76,41.1625,701900
2024-10-29,SPY,579.85,582.91,578.43,581.77,568.6472,42899700
2024-10-29,QQQ,495.72,501.35,493.85,500.16,495.1487,28014100
2024-10-29,XLK,115.33,116.995,114.9,116.66,115.3321,7451600
2024-10-29,XLF,47.09,47.22,46.88,46.92,45.5226,27930900
2024-10-29,XLV,148.71,149.32,148.33,148.4,143.3995,7342600
2024-10-29,XLY,99.805,100.325,99.49,100.115,98.4564,4247000
2024-10-29,XLC,91.43,92.4,91.215,92.29,90.1227,3839600
2024-10-29,XLI,135.39,136.15,134.59,135.62,132.0581,11192300
2024-10-29,XLP,80.83,81.04,80.36,80.41,76.2142,9459900
2024-10-29,XLE,44.5,44.535,43.825,43.92,41.3277,23791600
2024-10-29,XLU,40.055,40.06,39.63,39.64,37.441,27733000
2024-10-29,XLB,47.135,47.345,47.01,47.065,45.3245,7315600
2024-10-29,XLRE,44.07,44.305,43.74,43.81,40.9152,4557100
2024-10-29,SMH,251.9,258.33,250.86,256.92,254.9929,5392800
2024-10-29,IGV,92.45,94.06,92.37,93.89,93.8724,2185100
2024-10-29,XBI,98.4,98.71,97.64,98.56,98.0938,6183700
2024-10-29,GNOM,42.52,42.52,42.2,42.392,41.7722,4350
2024-10-29,ARKG,23.95,23.975,23.69,23.94,23.94,1478000
2024-10-29,KRE,59.38,59.67,58.98,59.21,56.323,8539500
2024-10-29,XHB,113.82,115.29,111.95,115.27,113.0263,3742100
2024-10-29,XME,65.6,66,65.02,65.67,65.144,1104700
2024-10-29,URA,32.21,32.24,31.61,31.82,29.5694,2117300
2024-10-29,ITA,148.28,148.28,147.26,147.53,145.8049,674300
2024-10-29,PAVE,41.54,41.61,41.15,41.5,40.9062,1043700
2024-10-30,SPY,581.29,583.32,579.29,580.01,566.9268,41435800
2024-10-30,QQQ,499.39,500.35,495.89,496.38,491.4065,29756000
2024-10-30,XLK,115.595,115.905,114.73,114.805,113.4982,8341200
2024-10-30,XLF,46.98,47.43,46.94,47.13,45.7264,28704300
2024-10-30,XLV,146.14,148.17,145.62,148.12,143.129,9211800
2024-10-30,XLY,100.355,100.805,99.895,99.975,98.3187,4879800
2024-10-30,XLC,93.58,93.92,92.745,92.85,90.6695,4871800
2024-10-30,XLI,135.02,136.12,134.79,135.39,131.8342,10469000
2024-10-30,XLP,80.3,80.54,80.05,80.28,76.091,8504800
2024-10-30,XLE,44.075,44.365,43.905,44.02,41.4219,19364200
2024-10-30,XLU,39.795,39.87,39.475,39.545,37.3512,20910600
2024-10-30,XLB,47.065,47.635,47.065,47.32,45.5701,10643600
2024-10-30,XLRE,43.85,44.29,43.79,43.97,41.0646,5513800
2024-10-30,SMH,251.74,253,249.45,250.68,248.7997,5348400
2024-10-30,IGV,93.9,94.55,93.52,93.67,93.6524,2187400
2024-10-30,XBI,98.25,99.46,97.98,98.42,97.9544,4733100
2024-10-30,GNOM,42.24,42.792,42.24,42.308,41.6895,7900
2024-10-30,ARKG,23.74,24.31,23.65,23.995,23.995,860400
2024-10-30,KRE,59.16,60.82,58.99,59.81,56.8937,17946000
2024-10-30,XHB,114.49,116.51,114.04,115.03,112.7909,2206600
2024-10-30,XME,65.24,65.87,64.51,64.54,64.023,808200
2024-10-30,URA,31.82,31.99,31.29,31.3,29.0861,2106500
2024-10-30,ITA,147.09,148.48,146.85,147.34,145.6171,225000
2024-10-30,PAVE,41.44,41.87,41.3,41.5,40.9062,433700
2024-10-31,SPY,575.56,575.63,568.44,568.64,555.8134,60182500
2024-10-31,QQQ,492.38,492.43,483.75,483.85,479.0021,41245200
2024-10-31,XLK,113.545,113.545,111.08,111.12,109.8552,12110200
2024-10-31,XLF,47.07,47.21,46.48,46.48,45.0957,53417100
2024-10-31,XLV,147.24,147.93,146.84,146.87,141.9211,6701100
2024-10-31,XLY,99.75,99.975,98.385,98.445,96.8141,6197400
2024-10-31,XLC,92.89,93.42,92.01,92.04,89.8786,4840000
2024-10-31,XLI,134.32,134.67,133.41,133.83,130.3151,16640000
2024-10-31,XLP,80.08,80.59,79.96,80.12,75.9393,10905300
2024-10-31,XLE,44.3,44.63,44.18,44.295,41.6806,31623200
2024-10-31,XLU,39.645,40.25,39.615,39.955,37.7385,27516000
2024-10-31,XLB,47,47.195,46.675,46.695,44.9682,8106800
2024-10-31,XLRE,43.5,43.89,43.19,43.2,40.3455,5866200
2024-10-31,SMH,248.27,248.27,240.28,241.68,239.8672,9464700
2024-10-31,IGV,92.57,92.91,91.26,91.26,91.2429,3307100
2024-10-31,XBI,97.93,98.12,96.84,97.03,96.571,8177800
2024-10-31,GNOM,42.12,42.2,41.504,41.52,40.913,9750
2024-10-31,ARKG,23.78,23.89,23.14,23.14,23.14,2828900
2024-10-31,KRE,59.8,60.15,58.92,58.95,56.0757,14257000
2024-10-31,XHB,114.16,115.19,113.75,114.21,111.9869,1786000
2024-10-31,XME,64.27,64.77,63.24,63.59,63.0806,1229400
2024-10-31,URA,31.05,31.2,30.24,30.73,28.5565,3621200
2024-10-31,ITA,146.48,146.48,144.33,144.43,142.7411,336900
2024-10-31,PAVE,41.26,41.46,41,41.12,40.5316,841100
2024-11-01,SPY,571.32,575.55,570.62,571.04,558.1592,45667500
2024-11-01,QQQ,485.5,490.75,485.2,487.43,482.5462,33655800
2024-11-01,XLK,111.24,112.79,111.09,111.955,110.6806,11565800
2024-11-01,XLF,46.63,47,46.52,46.64,45.2509,40139900
2024-11-01,XLV,147.44,148.47,147.43,147.74,142.7618,6896900
2024-11-01,XLY,100.255,101.075,99.95,100.045,98.3876,7607600
2024-11-01,XLC,92.38,92.985,92.21,92.4,90.2301,5714000
2024-11-01,XLI,134.51,135.24,133.98,134.01,130.4904,7482300
2024-11-01,XLP,80.38,80.44,80.05,80.15,75.9678,7916100
2024-11-01,XLE,44.895,45.055,43.925,44.015,41.4171,26304600
2024-11-01,XLU,39.95,40.07,39.03,39.065,36.8979,30861000
2024-11-01,XLB,46.73,46.895,46.55,46.565,44.843,6928000
2024-11-01,XLRE,43.49,43.545,42.71,42.74,39.9159,6141400
2024-11-01,SMH,244.19,247.29,243.35,244.75,242.9142,5521000
2024-11-01,IGV,91.54,92.93,91.48,92.26,92.2427,3116700
2024-11-01,XBI,97.59,99.3,97.35,99.27,98.8004,6877500
2024-11-01,GNOM,41.68,42.04,41.48,41.96,41.3465,7200
2024-11-01,ARKG,23.37,24,23.32,24,24,3939500
2024-11-01,KRE,59.3,59.76,58.5,58.64,55.7808,11512000
2024-11-01,XHB,115.46,116.6,114.45,114.6,112.3693,1553500
2024-11-01,XME,63.92,64.54,63.74,63.86,63.3485,998500
2024-11-01,URA,31.07,31.52,30.43,30.56,28.3985,2025800
2024-11-01,ITA,145.38,146.24,144.54,144.54,142.8498,290600
2024-11-01,PAVE,41.4,41.67,41.23,41.29,40.6992,1373000
2024-11-04,SPY,571.18,572.5,567.89,569.81,556.9568,38217000
2024-11-04,QQQ,486.82,489.38,484.25,486.01,481.1405,23291600
2024-11-04,XLK,112.06,112.675,111.395,111.87,110.5966,6311800
2024-11-04,XLF,46.61,46.65,46.03,46.28,44.9017,41705600
2024-11-04,XLV,147.38,148.09,146.48,146.77,141.8245,5985900
2024-11-04,XLY,99.625,100.525,99.455,99.7,98.0483,4769200
2024-11-04,XLC,92.66,92.69,91.63,92.09,89.9274,3003700
2024-11-04,XLI,134.15,134.88,133.49,133.86,130.3444,6744400
2024-11-04,XLP,80.27,80.61,80.15,80.37,76.1763,6958900
2024-11-04,XLE,44.315,44.855,44.255,44.785,42.1417,25811800
2024-11-04,XLU,38.675,38.88,38.39,38.6,36.4587,27956200
2024-11-04,XLB,46.82,47.085,46.56,46.77,45.0404,15308600
2024-11-04,XLRE,42.92,43.29,42.875,43.22,40.3642,6509900
2024-11-04,SMH,245.31,247.51,243.41,244.27,242.4378,5199200
2024-11-04,IGV,91.86,92.64,91.56,92.25,92.2327,1721600
2024-11-04,XBI,98.84,100.07,97.89,99.22,98.7507,6426700
2024-11-04,GNOM,42.04,42.6,41.56,42.48,41.859,9850
2024-11-04,ARKG,23.95,24.39,23.67,24.27,24.27,1721000
2024-11-04,KRE,58.38,58.5,57.39,58.13,55.2956,19173700
2024-11-04,XHB,115.01,117.9,114.91,115.83,113.5753,1869800
2024-11-04,XME,63.74,64.16,63.17,63.54,63.031,1027300
2024-11-04,URA,30.16,30.2,29.28,29.87,27.7573,3871100
2024-11-04,ITA,144.83,145.67,144.4,144.76,143.0672,369700
2024-11-04,PAVE,41.21,41.635,41.16,41.25,40.6598,696900
2024-11-05,SPY,570.74,576.74,570.52,576.7,563.6915,39478300
2024-11-05,QQQ,487.61,492.88,487.52,492.21,487.2783,24353600
2024-11-05,XLK,112.215,113.535,112.215,113.445,112.1537,7273000
2024-11-05,XLF,46.32,46.73,46.23,46.71,45.3189,35221800
2024-11-05,XLV,146.48,147.89,145.94,147.85,142.8681,5035300
2024-11-05,XLY,99.925,101.495,99.84,101.465,99.784,4424200
2024-11-05,XLC,92.46,93.21,92.38,93.11,90.9234,3090100
2024-11-05,XLI,134.33,136.13,133.99,136.1,132.5255,7469400
2024-11-05,XLP,80.17,80.88,80.02,80.88,76.6597,5304800
2024-11-05,XLE,45.005,45.2,44.805,45.085,42.424,20876600
2024-11-05,XLU,38.58,39.18,38.465,39.18,37.0065,19016200
2024-11-05,XLB,46.66,47.03,46.51,46.84,45.1078,7972800
2024-11-05,XLRE,43.11,43.82,42.875,43.81,40.9152,4747500
2024-11-05,SMH,245.25,249.04,245.08,248.31,246.4474,4344200
2024-11-05,IGV,92.99,94.05,92.98,93.86,93.8424,2636400
2024-11-05,XBI,98.71,100.63,98.2,100.62,100.144,7170600
2024-11-05,GNOM,42.24,42.84,41.88,42.76,42.1349,9750
2024-11-05,ARKG,24.07,24.78,23.64,24.78,24.78,3834400
2024-11-05,KRE,58.32,59.22,58.06,59.13,56.2469,16097500
2024-11-05,XHB,115.5,118.62,115.26,118.61,116.3012,1822100
2024-11-05,XME,63.52,64.69,63.16,64.67,64.152,1108100
2024-11-05,URA,30.18,30.32,29.78,30.01,27.8874,2074600
2024-11-05,ITA,145.28,146.55,145.06,146.49,144.777,249200
2024-11-05,PAVE,41.4,42.36,41.21,42.36,41.7539,888800
2024-11-06,SPY,589.2,591.93,585.39,591.04,577.708,68182000
2024-11-06,QQQ,500.56,506.41,499.6,505.58,500.5143,43082200
2024-11-06,XLK,115.635,116.89,115.29,116.675,115.3469,10967800
2024-11-06,XLF,49.04,49.68,48.7,49.55,48.0743,153473400
2024-11-06,XLV,150.67,150.91,147.35,148.04,143.0517,10685600
2024-11-06,XLY,103.775,104.795,102.95,104.71,102.9753,9398600
2024-11-06,XLC,94.49,95.5,94.35,95.4,93.1596,5477400
2024-11-06,XLI,140.67,141.68,139.17,141.43,137.7155,17738800
2024-11-06,XLP,81.09,81.21,79.36,79.56,75.4085,18487700
2024-11-06,XLE,46.325,47.135,46.025,46.78,44.0189,50053200
2024-11-06,XLU,38.675,38.945,38.41,38.775,36.624,32958800
2024-11-06,XLB,47.87,47.965,47.135,47.485,45.729,12702800
2024-11-06,XLRE,43.42,43.66,42.19,42.64,39.8225,12721600
2024-11-06,SMH,252.29,255.69,250.21,254.81,252.8987,7284400
2024-11-06,IGV,96.47,97.74,96.27,97.71,97.6917,7199800
2024-11-06,XBI,103.28,103.31,100.75,102.44,101.9554,17003400
2024-11-06,GNOM,43.72,43.72,42.72,43.16,42.529,10300
2024-11-06,ARKG,25.36,25.62,24.82,25.49,25.49,2482500
2024-11-06,KRE,63.6,67.12,63.49,67.06,63.7902,64388300
2024-11-06,XHB,116.19,117.87,114.45,117.48,115.1932,5702300
2024-11-06,XME,67.52,70.17,66.93,69.89,69.3302,3735600
2024-11-06,URA,30.61,30.82,29.77,30.32,28.1755,4696900
2024-11-06,ITA,152.19,152.21,148.97,151.16,149.3924,850900
2024-11-06,PAVE,44.45,45.265,44.15,45.22,44.573,2494600
2024-11-07,SPY,593.08,596.65,593,595.61,582.1749,47233200
2024-11-07,QQQ,508.4,514.33,508.34,513.54,508.3946,32853100
2024-11-07,XLK,117.485,118.845,117.43,118.71,117.3588,10463000
2024-11-07,XLF,49.44,49.44,48.66,48.75,47.2981,70611400
2024-11-07,XLV,148.93,149.29,148.21,149.11,144.0856,9381600
2024-11-07,XLY,104.915,106.48,104.88,106.055,104.298,8021000
2024-11-07,XLC,95.83,96.845,95.77,96.65,94.3803,5268000
2024-11-07,XLI,141.83,141.89,140.39,140.58,136.8879,10062400
2024-11-07,XLP,79.73,80.31,79.67,79.85,75.6834,17598100
2024-11-07,XLE,46.75,46.75,46.21,46.565,43.8166,26138000
2024-11-07,XLU,38.97,39.235,38.64,38.845,36.6901,37703200
2024-11-07,XLB,47.61,47.84,47.51,47.67,45.9071,19949800
2024-11-07,XLRE,42.8,43.29,42.72,43.17,40.3175,10597900
2024-11-07,SMH,258.39,261.15,258.14,261.02,259.0621,5370200
2024-11-07,IGV,98.6,100.34,98.33,100.16,100.1412,5536700
2024-11-07,XBI,103,103.89,102.54,103.01,102.5227,8157100
2024-11-07,GNOM,43.68,44.04,43.2,43.44,42.8049,6100
2024-11-07,ARKG,25.7,26.07,25.355,25.39,25.39,2257700
2024-11-07,KRE,66.28,66.35,64.31,64.63,61.4787,25755100
2024-11-07,XHB,117.57,119.22,117.34,118.18,115.8796,2216700
2024-11-07,XME,70.49,70.49,69.27,69.67,69.1119,1283100
2024-11-07,URA,30.76,31.78,30.62,31.52,29.2906,3747100
2024-11-07,ITA,152.13,152.13,149.86,150.26,148.5029,448900
2024-11-07,PAVE,45.22,45.29,44.77,44.89,44.2477,1779500
2024-11-08,SPY,596.17,599.64,596.17,598.19,584.6968,46444900
2024-11-08,QQQ,513.04,514.92,512.41,514.14,508.9886,22924500
2024-11-08,XLK,118.56,118.97,118.15,118.58,117.2302,7236400
2024-11-08,XLF,49.1,49.47,48.85,49.19,47.725,60376500
2024-11-08,XLV,149.31,150.95,149.14,150.18,145.1196,8701100
2024-11-08,XLY,106.04,108.135,105.925,107.56,105.7781,7785800
2024-11-08,XLC,96.63,96.63,95.88,96.18,93.9213,3219700
2024-11-08,XLI,140.99,142.53,140.72,142.09,138.3582,8270000
2024-11-08,XLP,79.86,81.02,79.85,80.82,76.6028,11530300
2024-11-08,XLE,46.57,46.945,46.385,46.875,44.1083,22336800
2024-11-08,XLU,39.04,39.675,39.01,39.59,37.3937,28857200
2024-11-08,XLB,47.495,47.54,47.15,47.235,45.4882,8805600
2024-11-08,XLRE,43.37,44.035,43.32,43.91,41.0086,7348100
2024-11-08,SMH,260.76,261.88,257.92,259.34,257.3947,3915600
2024-11-08,IGV,100.07,101.41,99.94,101.24,101.221,4941100
2024-11-08,XBI,102.88,104.23,102.56,104.18,103.6872,9431100
2024-11-08,GNOM,43.36,43.36,42.76,43.08,42.4502,8050
2024-11-08,ARKG,25.4,26,25.29,25.895,25.895,2532400
2024-11-08,KRE,64.9,65.46,64.27,64.98,61.8117,18268800
2024-11-08,XHB,118.15,119.5,117.96,118.75,116.4385,1073400
2024-11-08,XME,69.06,69.33,68.48,69.27,68.7151,1335800
2024-11-08,URA,31.46,31.52,30.65,31,28.8074,2908500
2024-11-08,ITA,152.11,156.69,152.02,155.82,153.9979,562200
2024-11-08,PAVE,44.91,45.24,44.72,45.09,44.4448,1037300
2024-11-11,SPY,599.81,600.17,597,598.76,585.2539,37586800
2024-11-11,QQQ,515.37,515.58,510.92,513.84,508.6917,24167500
2024-11-11,XLK,118.565,118.64,117.22,117.925,116.5827,7267200
2024-11-11,XLF,49.68,50.14,49.67,49.89,48.4042,63654700
2024-11-11,XLV,149.85,150.6,149.08,149.3,144.2692,6071900
2024-11-11,XLY,109.25,110.195,108.755,109.73,107.9121,9210000
2024-11-11,XLC,96.2,96.8,96.175,96.72,94.4487,2625100
2024-11-11,XLI,142.89,143.72,142.86,143.19,139.4293,8237000
2024-11-11,XLP,80.71,81.45,80.48,80.54,76.3374,9273800
2024-11-11,XLE,46.885,47.3,46.665,47.14,44.3577,20909400
2024-11-11,XLU,39.595,39.935,39.505,39.7,37.4976,26011000
2024-11-11,XLB,47.185,47.38,46.98,47.03,45.2908,7693600
2024-11-11,XLRE,43.85,44.06,43.49,43.53,40.6537,7899300
2024-11-11,SMH,257.92,258.05,250.99,253.53,251.6283,7667300
2024-11-11,IGV,102.37,103.68,101.99,103.59,103.5706,11509000
2024-11-11,XBI,104.79,105.47,103.35,103.53,103.0403,10158900
2024-11-11,GNOM,43.48,44.36,43.48,43.56,42.9232,9875
2024-11-11,ARKG,26.33,27.735,26.25,27.11,27.11,5343900
2024-11-11,KRE,66.19,67.79,65.82,66.99,63.7236,20318600
2024-11-11,XHB,119.7,120.26,119.02,119.26,116.9386,1279000
2024-11-11,XME,69.02,69.04,68.11,68.61,68.0604,1248900
2024-11-11,URA,31.01,31.02,29.98,30.52,28.3613,3004900
2024-11-11,ITA,157.17,158,156.93,157.31,155.4705,623700
2024-11-11,PAVE,45.48,45.65,45.355,45.47,44.8194,1096200
2024-11-12,SPY,598.68,599.29,594.37,596.9,583.4359,43006100
2024-11-12,QQQ,513.77,514.66,509.83,512.91,507.7709,25835300
2024-11-12,XLK,117.845,118.225,117.145,118.075,116.731,7530800
2024-11-12,XLF,49.87,49.94,49.59,49.74,48.2586,58512400
2024-11-12,XLV,149.06,149.31,147.19,147.22,142.2593,7022300
2024-11-12,XLY,109.45,109.465,107.875,108.265,106.4714,10535200
2024-11-12,XLC,96.79,97.24,96.39,97.16,94.8783,3260600
2024-11-12,XLI,143.53,143.67,141.38,141.96,138.2316,7161100
2024-11-12,XLP,80.84,80.95,80.49,80.63,76.4227,13518000
2024-11-12,XLE,47.275,47.425,46.84,46.89,44.1225,18500400
2024-11-12,XLU,39.58,39.67,39.055,39.245,37.0679,18703200
2024-11-12,XLB,46.8,46.865,46.115,46.23,44.5204,7078400
2024-11-12,XLRE,43.42,43.58,42.965,42.98,40.14,4972000
2024-11-12,SMH,253.1,253.57,248.86,251.86,249.9708,6574000
2024-11-12,IGV,102.85,104.29,102.8,104.09,104.0705,5093300
2024-11-12,XBI,102.44,103.17,100.39,100.51,100.0345,9782700
2024-11-12,GNOM,43.24,43.3,42.124,42.28,41.6619,8125
2024-11-12,ARKG,26.77,27.08,25.86,26,26,1964800
2024-11-12,KRE,66.64,67.51,66.3,66.6,63.3527,16415200
2024-11-12,XHB,118.66,119.11,116.11,116.16,113.8989,2302100
2024-11-12,XME,67.72,67.77,66.26,66.88,66.3443,1442800
2024-11-12,URA,29.89,30.95,29.53,30.72,28.5472,3971400
2024-11-12,ITA,157.53,157.61,154.48,155.5,153.6817,429900
2024-11-12,PAVE,45.37,45.39,44.653,44.8,44.159,5257400
2024-11-13,SPY,597.37,599.23,594.96,597.19,583.7194,47388600
2024-11-13,QQQ,512.4,514.98,509.95,512.25,507.1176,24567400
2024-11-13,XLK,117.825,118.535,117.3,117.665,116.3257,6329600
2024-11-13,XLF,49.84,50.13,49.69,49.77,48.2877,31880700
2024-11-13,XLV,147.16,147.6,146.68,146.83,141.8825,5981200
2024-11-13,XLY,108.995,109.77,108.62,109.19,107.3811,5883400
2024-11-13,XLC,97.17,97.6,96.6,97.2,94.9174,2937100
2024-11-13,XLI,142.11,143.06,142.07,142.26,138.5237,6033400
2024-11-13,XLP,80.64,80.95,80.4,80.87,76.6502,6781600
2024-11-13,XLE,47.03,47.45,46.465,47.255,44.4659,23676200
2024-11-13,XLU,39.5,39.515,39.01,39.175,37.0018,16411800
2024-11-13,XLB,46.265,46.435,46.115,46.34,44.6263,6310000
2024-11-13,XLRE,43.46,43.65,43.245,43.32,40.4575,5095000
2024-11-13,SMH,250.65,251.18,247.22,247.63,245.7726,5537900
2024-11-13,IGV,104.33,105.9,104.18,104.42,104.4004,7266900
2024-11-13,XBI,101.47,102.43,100,100.01,99.5369,8092400
2024-11-13,GNOM,42.72,43.34,42.4,42.4,41.7801,15350
2024-11-13,ARKG,26.45,26.83,25.6,25.65,25.65,2108200
2024-11-13,KRE,66.93,67.96,66.12,66.19,62.9627,14123700
2024-11-13,XHB,117.83,118.21,116.2,116.45,114.1833,2041000
2024-11-13,XME,67.03,67.11,65.75,65.83,65.3027,1926200
2024-11-13,URA,31.25,31.3,29.97,30.16,28.0268,2371900
2024-11-13,ITA,156.36,158,156.02,156.07,154.245,369100
2024-11-13,PAVE,45.02,45.205,44.71,44.76,44.1195,1591800
2024-11-14,SPY,597.32,597.81,592.65,593.35,579.9659,38904100
2024-11-14,QQQ,511.91,512.79,507.77,508.69,503.5932,28679500
2024-11-14,XLK,117.855,118.06,117.075,117.265,115.9302,6602000
2024-11-14,XLF,49.88,49.99,49.55,49.64,48.1616,38252800
2024-11-14,XLV,146.58,146.59,144.36,144.52,139.6503,7936700
2024-11-14,XLY,109.01,109.45,107.55,107.64,105.8568,4620200
2024-11-14,XLC,97.32,97.62,96.74,97.09,94.81,3170300
2024-11-14,XLI,142.12,142.31,139.71,139.86,136.1868,9977100
2024-11-14,XLP,80.67,81.14,80.61,80.67,76.4606,7572200
2024-11-14,XLE,47.57,47.59,47.135,47.435,44.6353,18011000
2024-11-14,XLU,39.225,39.425,38.98,39.04,36.8743,17707400
2024-11-14,XLB,46.275,46.325,45.91,45.96,44.2604,5911400
2024-11-14,XLRE,43.25,43.25,42.875,42.93,40.0933,4860400
2024-11-14,SMH,249.56,250.96,247.38,248.18,246.3184,4607600
2024-11-14,IGV,104.13,104.66,102.92,103.05,103.0307,6237600
2024-11-14,XBI,99.77,100.17,96.87,96.96,96.5013,15029400
2024-11-14,GNOM,42.48,42.6,40.8,40.8,40.2035,7025
2024-11-14,ARKG,25.66,25.71,24.095,24.13,24.13,3904100
2024-11-14,KRE,66.36,66.65,65.47,65.83,62.6202,9979900
2024-11-14,XHB,116.73,118.06,116.36,116.72,114.448,1317100
2024-11-14,XME,65.98,66.38,64.76,65.1,64.5785,1495300
2024-11-14,URA,30.2,30.66,30.06,30.4,28.2498,1891800
2024-11-14,ITA,156.64,156.64,150.49,151.17,149.4023,738400
2024-11-14,PAVE,44.75,44.84,43.96,44.09,43.4591,1080300
2024-11-15,SPY,589.72,590.2,583.86,585.75,572.5374,75988800
2024-11-15,QQQ,502.94,503.33,494.49,496.57,491.5946,51461100
2024-11-15,XLK,115.815,115.965,113.975,114.355,113.0533,11229800
2024-11-15,XLF,49.64,50.01,49.61,49.87,48.3848,40741500
2024-11-15,XLV,143.72,143.85,141.57,141.84,137.0606,14246100
2024-11-15,XLY,107.035,107.55,106.23,106.72,104.952,7824800
2024-11-15,XLC,96.6,96.79,94.835,95.15,92.9155,3526400
2024-11-15,XLI,139.37,140.21,138.75,139.11,135.4565,6628500
2024-11-15,XLP,80.6,80.66,79.92,79.96,75.7877,11359100
2024-11-15,XLE,47.39,47.845,47.195,47.365,44.5694,28080400
2024-11-15,XLU,39.07,39.675,38.995,39.625,37.4268,23931400
2024-11-15,XLB,45.94,46.035,45.565,45.64,43.9522,6395600
2024-11-15,XLRE,42.73,43.059,42.605,42.98,40.14,5875700
2024-11-15,SMH,244.17,244.57,238.8,239.95,238.1502,9499700
2024-11-15,IGV,102.06,102.35,100.65,101.13,101.111,6674800
2024-11-15,XBI,96.91,96.91,91.64,91.83,91.3956,30310200
2024-11-15,GNOM,40.8,40.8,38.6,38.6,38.0357,20475
2024-11-15,ARKG,24.25,24.25,22.63,22.66,22.66,4999100
2024-11-15,KRE,65.8,66.49,65.03,65.84,62.6297,13443700
2024-11-15,XHB,116.2,116.61,115.33,115.68,113.4283,1488100
2024-11-15,XME,65.56,66.23,64.85,65.05,64.5289,1555300
2024-11-15,URA,30.24,31.59,29.66,30.3,28.1569,7659600
2024-11-15,ITA,150.68,151.18,149.42,150.09,148.3349,537500
2024-11-15,PAVE,43.98,44.18,43.68,43.81,43.1831,3911900
2024-11-18,SPY,586.22,589.49,585.34,588.15,574.8832,37001700
2024-11-18,QQQ,498.13,502.14,496.73,500.02,495.0101,27080800
2024-11-18,XLK,114.355,115.21,113.86,114.725,113.4191,6166800
2024-11-18,XLF,49.91,50.11,49.7,50.02,48.5303,27141600
2024-11-18,XLV,141.47,142.09,141.31,141.94,137.1572,7933100
2024-11-18,XLY,108.005,108.53,107.015,107.705,105.9207,4752200
2024-11-18,XLC,95.38,96.3,95.22,96.09,93.8334,3880700
2024-11-18,XLI,139.09,139.49,138.58,138.92,135.2715,6414200
2024-11-18,XLP,80.14,80.67,80.05,80.52,76.3184,8747600
2024-11-18,XLE,47.74,48.09,47.53,47.995,45.1622,23892600
2024-11-18,XLU,39.59,40.08,39.54,39.97,37.7527,14660200
2024-11-18,XLB,45.725,45.995,45.64,45.995,44.2941,7875200
2024-11-18,XLRE,42.79,43.37,42.68,43.36,40.4949,3810800
2024-11-18,SMH,239.03,242.17,237.39,241.54,239.7282,7696500
2024-11-18,IGV,101.41,101.77,100.57,101.12,101.101,2827200
2024-11-18,XBI,92.14,92.74,91.08,91.96,91.525,12508300
2024-11-18,GNOM,38.96,38.96,38.2,38.48,37.9174,12075
2024-11-18,ARKG,23.11,23.16,22.525,22.68,22.68,4325900
2024-11-18,KRE,65.86,66.24,65.63,65.72,62.5156,7434200
2024-11-18,XHB,115.4,116.39,114.88,115.46,113.2126,1114100
2024-11-18,XME,65.56,66.58,65.56,66.4,65.8681,1769300
2024-11-18,URA,31,32.47,30.92,31.89,29.6344,5306500
2024-11-18,ITA,150.64,150.8,149.49,150.31,148.5524,390200
2024-11-18,PAVE,43.93,44.23,43.77,44.03,43.4,750600
2024-11-19,SPY,584.71,591.04,584.03,590.3,576.9847,49412000
2024-11-19,QQQ,497.42,503.95,497.08,503.46,498.4156,24523000
2024-11-19,XLK,114.005,115.76,114.005,115.665,114.3484,6906800
2024-11-19,XLF,49.62,49.88,49.42,49.69,48.2101,27014700
2024-11-19,XLV,140.65,141.61,140.26,141.21,136.4519,6205800
2024-11-19,XLY,106.71,108.115,106.215,107.785,105.9994,3935800
2024-11-19,XLC,95.26,96.815,95.22,96.72,94.4487,3186700
2024-11-19,XLI,138.06,139.16,137.82,138.8,135.1546,5554700
2024-11-19,XLP,80.73,80.89,80.14,80.63,76.4227,8020800
2024-11-19,XLE,47.61,47.975,47.465,47.69,44.8752,23796400
2024-11-19,XLU,39.82,40.23,39.63,40.225,37.9935,11750400
2024-11-19,XLB,45.65,45.92,45.41,45.845,44.1496,6540600
2024-11-19,XLRE,43.23,43.67,43.045,43.54,40.663,3693100
2024-11-19,SMH,241.1,244.27,240.6,244.18,242.3484,4505200
2024-11-19,IGV,100.17,102.67,99.82,102.52,102.5008,5866800
2024-11-19,XBI,91.24,93.21,90.67,93.17,92.7293,12751900
2024-11-19,GNOM,38.28,39.04,38.08,39.04,38.4692,25700
2024-11-19,ARKG,22.51,23.27,22.27,23.26,23.26,2746900
2024-11-19,KRE,64.64,65.74,64.58,65.34,62.1541,8318600
2024-11-19,XHB,114.62,115.71,113.69,115.4,113.1537,986000
2024-11-19,XME,65.87,67.07,65.84,66.99,66.4534,1203100
2024-11-19,URA,32.28,32.61,31.6,32.51,30.2106,3981900
2024-11-19,ITA,150.74,151.31,150.17,150.98,149.2145,384900
2024-11-19,PAVE,43.54,44.14,43.48,44.06,43.4296,1039000
2024-11-20,SPY,590.38,590.79,584.63,590.5,577.1802,50032600
2024-11-20,QQQ,503.16,503.48,496.56,503.17,498.1285,29565500
2024-11-20,XLK,115.765,115.805,114.025,115.565,114.2496,8874400
2024-11-20,XLF,49.89,49.92,49.3,49.54,48.0646,33932500
2024-11-20,XLV,141.51,143.08,141.28,142.88,138.0656,9328800
2024-11-20,XLY,107.465,107.535,106.19,107.31,105.5322,5979200
2024-11-20,XLC,96.88,97.355,96.11,97.34,95.0541,3069500
2024-11-20,XLI,139.13,139.28,137.93,138.95,135.3007,6527600
2024-11-20,XLP,79.9,80.22,79.53,80.22,76.0341,7687200
2024-11-20,XLE,47.865,48.205,47.715,48.17,45.3269,17917600
2024-11-20,XLU,40.3,40.435,40.045,40.245,38.0124,12196800
2024-11-20,XLB,45.87,46.275,45.69,46.22,44.5107,8345800
2024-11-20,XLRE,43.29,43.53,43.13,43.47,40.5976,3198700
2024-11-20,SMH,243.33,243.75,238.65,242.54,240.7207,7585600
2024-11-20,IGV,103.24,103.54,101.8,103.31,103.2906,6153700
2024-11-20,XBI,93.38,94.17,92.4,94.01,93.5653,10534700
2024-11-20,GNOM,39.04,39.32,38.6,39.28,38.7057,15075
2024-11-20,ARKG,23.53,23.59,22.96,23.36,23.36,2233100
2024-11-20,KRE,65.34,65.6,64.43,65.16,61.9829,9427700
2024-11-20,XHB,116.3,116.73,115.51,116.55,114.2813,1150500
2024-11-20,XME,67.01,67.83,66.77,67.11,66.5724,1324400
2024-11-20,URA,32.5,32.52,31.62,31.97,29.7087,3231300
2024-11-20,ITA,151.53,151.7,150.16,151.66,149.8866,402600
2024-11-20,PAVE,44.21,44.21,43.67,44.04,43.4098,1402400
2024-11-21,SPY,593.4,595.12,587.45,593.67,580.2787,46750300
2024-11-21,QQQ,506.24,506.96,497.56,504.98,499.9204,34526700
2024-11-21,XLK,116.685,117.285,114.9,116.74,115.4112,10591800
2024-11-21,XLF,49.79,50.4,49.66,50.17,48.6758,50881800
2024-11-21,XLV,142.88,144.23,142.14,144.03,139.1768,7969600
2024-11-21,XLY,107.635,107.77,106.67,107.5,105.7191,5468400
2024-11-21,XLC,97.29,97.34,95.76,97.09,94.81,3833900
2024-11-21,XLI,139.62,141.18,139.08,140.69,136.995,9677300
2024-11-21,XLP,80.31,81.18,80.09,81.09,76.8587,8185800
2024-11-21,XLE,48.39,48.925,48.27,48.56,45.6939,33541000
2024-11-21,XLU,40.305,40.995,40.11,40.945,38.6736,21764000
2024-11-21,XLB,46.23,46.8,46.095,46.785,45.0548,8402400
2024-11-21,XLRE,43.51,43.905,43.32,43.76,40.8685,3070100
2024-11-21,SMH,245.52,248.19,239.6,246.1,244.254,8825400
2024-11-21,IGV,104.59,105.75,103.7,104.54,104.5204,6883500
2024-11-21,XBI,94.11,95.44,92.74,94.3,93.8539,11717000
2024-11-21,GNOM,38.96,39.72,38.76,39.32,38.7451,11975
2024-11-21,ARKG,23.44,23.517,22.845,23.22,23.22,1702500
2024-11-21,KRE,65.45,66.93,65.39,66.13,62.9056,15814000
2024-11-21,XHB,117.18,118.85,116.81,117.91,115.6149,1023700
2024-11-21,XME,67.35,68.77,66.92,68.48,67.9314,1244100
2024-11-21,URA,32.18,33.16,31.8,33.1,30.7588,3154900
2024-11-21,ITA,152.3,153.92,151.6,152.92,151.1318,390900
2024-11-21,PAVE,44.25,45.01,44.07,44.81,44.1688,1351500
2024-11-22,SPY,593.66,596.15,593.15,595.51,582.0773,38226400
2024-11-22,QQQ,504.42,506.53,502.78,505.79,500.7223,23826600
2024-11-22,XLK,116.53,117.07,116.11,116.8,115.4705,7090800
2024-11-22,XLF,50.14,50.78,50.13,50.73,49.2191,42050800
2024-11-22,XLV,144.33,145.02,143.94,144.16,139.3024,6330300
2024-11-22,XLY,107.81,109.365,107.81,109.05,107.2434,4550600
2024-11-22,XLC,96.74,97.23,96.49,96.88,94.6049,3266100
2024-11-22,XLI,141.06,142.69,140.93,142.65,138.9035,7924300
2024-11-22,XLP,81.54,81.91,81.44,81.84,77.5696,7703800
2024-11-22,XLE,48.495,48.96,48.45,48.635,45.7645,21555600
2024-11-22,XLU,41.075,41.135,40.71,40.725,38.4658,15761400
2024-11-22,XLB,46.745,47.1,46.715,47.045,45.3052,5857200
2024-11-22,XLRE,43.93,44.17,43.89,44.09,41.1767,3333900
2024-11-22,SMH,245.97,246.64,243.31,244.62,242.7851,4746300
2024-11-22,IGV,104.79,106.16,104.53,106.04,106.0201,6795700
2024-11-22,XBI,94.78,96.61,94.16,96.24,95.7847,9684700
2024-11-22,GNOM,39.44,40.36,39.24,40.32,39.7305,9575
2024-11-22,ARKG,23.33,23.995,23.02,23.83,23.83,2640800
2024-11-22,KRE,66.34,67.86,66.2,67.79,64.4846,16224900
2024-11-22,XHB,118.8,120.05,118.63,119.94,117.6053,1995400
2024-11-22,XME,68.51,69.14,68.35,68.65,68.1001,1120800
2024-11-22,URA,33.44,33.56,32.48,33.12,30.7774,2811100
2024-11-22,ITA,153.54,154.69,153.49,154.51,152.7032,346200
2024-11-22,PAVE,45,45.425,44.95,45.38,44.7307,1158800
2024-11-25,SPY,599.52,600.86,595.2,597.53,584.0516,42441400
2024-11-25,QQQ,509.9,511.45,504.26,506.59,501.5143,26375200
2024-11-25,XLK,117.68,117.885,116.265,116.795,115.4656,11137200
2024-11-25,XLF,51.01,51.25,50.86,51.06,49.5393,47492500
2024-11-25,XLV,144.81,145.85,144.79,145.39,140.491,6834300
2024-11-25,XLY,110.35,111.135,110.11,110.165,108.3399,7360400
2024-11-25,XLC,97.37,98,96.87,97.38,95.0932,4387200
2024-11-25,XLI,143.38,143.93,142.92,143.54,139.7701,7411700
2024-11-25,XLP,82.38,82.63,82.04,82.29,77.9961,8243100
2024-11-25,XLE,48.625,48.87,47.56,47.675,44.8611,32950600
2024-11-25,XLU,41.05,41.125,40.5,40.8,38.5366,14253800
2024-11-25,XLB,47.235,47.6,47.18,47.53,45.7723,7524600
2024-11-25,XLRE,44.36,44.88,44.32,44.68,41.7277,4625700
2024-11-25,SMH,246.35,246.35,242.28,243.66,241.8323,4562700
2024-11-25,IGV,107.4,107.54,105.62,105.79,105.7702,7199800
2024-11-25,XBI,97.63,99.03,97.53,97.63,97.1682,13456000
2024-11-25,GNOM,41,41.68,41,41.44,40.8342,12275
2024-11-25,ARKG,24.46,25.4,24.4,25.06,25.06,3584200
2024-11-25,KRE,68.56,70.25,68.56,68.9,65.5405,22010600
2024-11-25,XHB,121.62,126.09,121.57,125.16,122.7237,4413900
2024-11-25,XME,68.69,69.23,68.51,68.89,68.3382,1223900
2024-11-25,URA,33.3,33.32,31.84,32.07,29.8017,4078000
2024-11-25,ITA,155.07,155.42,152.28,152.88,151.0923,539700
2024-11-25,PAVE,45.76,46.155,45.69,45.95,45.2925,2109600
2024-11-26,SPY,598.8,601.33,598.07,600.65,587.1012,45621300
2024-11-26,QQQ,508.08,510.14,507.23,509.31,504.207,26557100
2024-11-26,XLK,117.325,117.745,116.88,117.38,116.0439,6229400
2024-11-26,XLF,51.08,51.26,50.76,51.16,49.6363,28418400
2024-11-26,XLV,145.83,146.33,144.69,146.17,141.2447,6018400
2024-11-26,XLY,110.11,110.755,109.935,110.565,108.7333,3979600
2024-11-26,XLC,97.42,98.04,97.42,97.74,95.4447,2513400
2024-11-26,XLI,143.37,143.97,142.83,143.71,139.9356,6524900
2024-11-26,XLP,82.24,82.71,82.14,82.63,78.3184,6973600
2024-11-26,XLE,47.74,47.84,47.39,47.61,44.8,24932800
2024-11-26,XLU,40.915,41.475,40.81,41.45,39.1506,17374800
2024-11-26,XLB,47.41,47.41,46.995,47.175,45.4304,6104600
2024-11-26,XLRE,44.63,44.98,44.465,44.9,41.9331,3183800
2024-11-26,SMH,245.82,246.12,239.89,241.42,239.6091,4996500
2024-11-26,IGV,105.74,106.6,105.66,106.19,106.1701,3156800
2024-11-26,XBI,97.8,98.92,96.94,98.85,98.3824,8258500
2024-11-26,GNOM,41.8,42.24,41.64,42.24,41.6225,23825
2024-11-26,ARKG,24.94,24.99,24.49,24.84,24.84,1422200
2024-11-26,KRE,68.48,68.75,68.03,68.16,64.8366,10961200
2024-11-26,XHB,124.23,124.23,121.82,122.77,120.3802,1575000
2024-11-26,XME,68.72,68.81,67.99,68.28,67.7331,1133000
2024-11-26,URA,32,32.28,31.7,31.76,29.5136,2743500
2024-11-26,ITA,153.25,154.92,153.23,154.69,152.8811,307200
2024-11-26,PAVE,45.93,45.99,45.53,45.83,45.1742,1350800
2024-11-27,SPY,600.46,600.85,597.28,598.83,585.3223,34000200
2024-11-27,QQQ,508.17,508.24,501.93,505.3,500.2372,24957400
2024-11-27,XLK,116.585,116.655,114.765,115.79,114.472,6369400
2024-11-27,XLF,51.23,51.62,51.21,51.26,49.7333,31803700
2024-11-27,XLV,146.31,147.76,146.31,146.95,141.9984,5952800
2024-11-27,XLY,110.77,110.925,109.755,110.02,108.1973,3829000
2024-11-27,XLC,97.95,98.155,97.555,97.87,95.5716,2413700
2024-11-27,XLI,144.15,144.51,143.14,143.18,139.4196,5561100
2024-11-27,XLP,83,83.24,82.65,82.8,78.4795,7067800
2024-11-27,XLE,47.565,47.965,47.5,47.56,44.7529,15595600
2024-11-27,XLU,41.575,41.705,41.41,41.45,39.1506,17156600
2024-11-27,XLB,47.245,47.58,47.09,47.15,45.4063,14047400
2024-11-27,XLRE,45.11,45.482,45.1,45.21,42.2227,3531500
2024-11-27,SMH,239.66,239.8,234.17,238.25,236.4629,6911600
2024-11-27,IGV,105.59,105.69,103.54,104.3,104.2804,8332700
2024-11-27,XBI,99.08,100.2,98.7,100,99.527,7695300
2024-11-27,GNOM,42.6,43.472,42.6,43.32,42.6867,8150
2024-11-27,ARKG,25.06,25.58,25.05,25.43,25.43,1905500
2024-11-27,KRE,68.69,69.14,67.91,67.94,64.6273,8516700
2024-11-27,XHB,123.66,124.39,122.33,122.57,120.1842,854100
2024-11-27,XME,68.66,69.55,68.24,68.43,67.8819,615600
2024-11-27,URA,31.81,32.2,31.65,31.79,29.5415,960800
2024-11-27,ITA,155.25,155.29,153.75,153.86,152.0608,309500
2024-11-27,PAVE,46.07,46.18,45.485,45.59,44.9377,1420700
2024-11-29,SPY,599.66,603.35,599.38,602.55,588.9584,30177400
2024-11-29,QQQ,505.93,510.34,505.31,509.74,504.6327,15334000
2024-11-29,XLK,116.06,117.11,115.945,116.865,115.5348,4168400
2024-11-29,XLF,51.44,51.57,51.25,51.34,49.811,15178400
2024-11-29,XLV,146.94,147.79,146.71,147.41,142.4429,3521200
2024-11-29,XLY,110.265,111.175,110.2,111.15,109.3086,1771400
2024-11-29,XLC,97.84,98.536,97.735,98.4,96.0892,1960500
2024-11-29,XLI,143.4,144.26,143.4,143.99,140.2083,3091500
2024-11-29,XLP,82.78,83.3,82.67,83.22,78.8776,4982600
2024-11-29,XLE,47.665,47.845,47.58,47.765,44.9458,13636400
2024-11-29,XLU,41.585,41.615,41.375,41.465,39.1647,9234800
2024-11-29,XLB,47.155,47.43,47.085,47.39,45.6375,4265200
2024-11-29,XLRE,45.24,45.43,44.975,45,42.0265,3737500
2024-11-29,SMH,240,244.49,239.59,242.13,240.3138,5607400
2024-11-29,IGV,104.65,105.27,104.38,104.76,104.7404,1960800
2024-11-29,XBI,99.78,100.24,99.24,99.62,99.1488,4062400
2024-11-29,GNOM,43.52,43.52,43.16,43.36,42.7261,14550
2024-11-29,ARKG,25.63,26.09,25.41,25.98,25.98,1280600
2024-11-29,KRE,68.2,68.55,67.24,67.73,64.4276,5060700
2024-11-29,XHB,123.45,124.45,122.74,122.89,120.4979,752200
2024-11-29,XME,68.71,69.36,68.63,68.75,68.1993,580300
2024-11-29,URA,31.79,33.06,31.79,32.35,30.0619,1920800
2024-11-29,ITA,154.58,155.6,154.5,155.57,153.7509,116700
2024-11-29,PAVE,45.76,46.06,45.71,45.73,45.0757,463200
2024-12-02,SPY,602.97,604.32,602.47,603.63,590.014,31746000
2024-12-02,QQQ,511.01,516.26,510.62,515.29,510.127,25147200
2024-12-02,XLK,116.95,118.415,116.92,117.975,116.6321,9398200
2024-12-02,XLF,51.42,51.49,50.7,50.83,49.3162,55483600
2024-12-02,XLV,147.32,147.38,146.39,147.15,142.1917,6220800
2024-12-02,XLY,111.935,112.385,111.725,112.12,110.2625,8134800
2024-12-02,XLC,98.47,99.29,98.32,99.21,96.8802,4975900
2024-12-02,XLI,143.9,144.11,142.74,142.93,139.1761,6217500
2024-12-02,XLP,83.14,83.22,82.52,83.12,78.7828,10750100
2024-12-02,XLE,47.75,47.83,46.835,47.26,44.4706,22190000
2024-12-02,XLU,41.46,41.475,40.56,40.575,38.3241,22084200
2024-12-02,XLB,47.44,47.47,47.025,47.36,45.6086,12785600
2024-12-02,XLRE,44.75,44.83,44.16,44.32,41.3915,4837300
2024-12-02,SMH,243.35,249.15,243.35,247.87,246.0107,8070300
2024-12-02,IGV,105,105.23,104.57,104.86,104.8403,5737900
2024-12-02,XBI,99.29,99.64,98.54,99.31,98.8402,13563200
2024-12-02,GNOM,43.4,44,43.2,43.92,43.2779,9125
2024-12-02,ARKG,26.11,26.8,25.99,26.69,26.69,2295200
2024-12-02,KRE,67.83,67.97,66.64,67.09,63.8188,12988800
2024-12-02,XHB,122.6,123.17,121.5,122.54,120.1547,1267900
2024-12-02,XME,68.83,68.99,67.86,68.26,67.7132,1026000
2024-12-02,URA,32.93,32.93,31.64,31.91,29.653,2388900
2024-12-02,ITA,155.47,155.53,153.23,153.37,151.5766,307100
2024-12-02,PAVE,45.82,45.95,45.42,45.58,44.9278,922200
2024-12-03,SPY,603.39,604.16,602.34,603.91,590.2877,26906600
2024-12-03,QQQ,513.95,517.15,513.37,516.87,511.6913,18597900
2024-12-03,XLK,117.475,118.43,117.245,118.4,117.0523,5576000
2024-12-03,XLF,51.13,51.13,50.45,50.45,48.9475,46924300
2024-12-03,XLV,147.14,147.43,146.74,146.82,141.8728,4236200
2024-12-03,XLY,111.9,112.105,111.43,112.035,110.1789,7051400
2024-12-03,XLC,99.29,100.06,99.16,100.01,97.6614,3077300
2024-12-03,XLI,142.98,143.22,141.56,142.03,138.2997,4528000
2024-12-03,XLP,83.05,83.11,82.54,82.69,78.3752,11053200
2024-12-03,XLE,47.565,47.65,47.05,47.255,44.4659,17886600
2024-12-03,XLU,40.82,40.95,40.215,40.225,37.9935,18853600
2024-12-03,XLB,47.55,47.59,47.12,47.21,45.4641,11099200
2024-12-03,XLRE,44.36,44.45,44.03,44.06,41.1487,4164900
2024-12-03,SMH,246.93,248.68,245.93,248.42,246.5566,3227300
2024-12-03,IGV,104.31,105.84,103.92,105.77,105.7502,4002300
2024-12-03,XBI,99.04,99.33,97.57,97.69,97.2279,6550000
2024-12-03,GNOM,43.8,43.92,42.72,42.8,42.1743,9000
2024-12-03,ARKG,26.35,26.4,25.57,25.7,25.7,2001900
2024-12-03,KRE,66.94,67.39,66.21,66.5,63.2575,12429200
2024-12-03,XHB,122.91,123.35,121.49,122.28,119.8998,978600
2024-12-03,XME,68.76,69.05,68.24,68.46,67.9116,795500
2024-12-03,URA,32.09,32.09,31.26,31.89,29.6344,2317100
2024-12-03,ITA,153.35,153.8,152.84,153.41,151.6161,298300
2024-12-03,PAVE,45.68,45.68,45.17,45.46,44.8095,1099600
2024-12-04,SPY,605.63,607.91,604.95,607.66,593.953,42787600
2024-12-04,QQQ,520.32,523.52,519.6,523.26,518.0172,26086200
2024-12-04,XLK,119.88,120.625,119.53,120.565,119.1926,10840000
2024-12-04,XLF,50.4,50.44,50.09,50.26,48.7631,41017400
2024-12-04,XLV,147.08,147.58,146.36,146.74,141.7955,5597400
2024-12-04,XLY,112.275,113.185,112.155,113.075,111.2017,5539400
2024-12-04,XLC,99.98,100.35,99.815,100.24,97.886,2550200
2024-12-04,XLI,142.05,142.66,141.66,142.65,138.9035,5727700
2024-12-04,XLP,82.47,82.58,82.05,82.46,78.1572,10100900
2024-12-04,XLE,47.235,47.235,45.84,46.115,43.3932,32518000
2024-12-04,XLU,40.35,40.45,40.065,40.22,37.9888,24169400
2024-12-04,XLB,47.025,47.055,46.605,46.75,45.0211,10865800
2024-12-04,XLRE,44.06,44.09,43.69,43.94,41.0366,3315800
2024-12-04,SMH,252.23,253.07,249.32,252.63,250.735,5457400
2024-12-04,IGV,108.14,109.88,107.7,109.88,109.8594,8550000
2024-12-04,XBI,97.69,99.59,97.31,98.79,98.3227,7246400
2024-12-04,GNOM,42.96,43.28,42.48,42.76,42.1349,10300
2024-12-04,ARKG,25.82,26.53,25.43,26.13,26.13,3048900
2024-12-04,KRE,66.46,66.84,65.88,66.71,63.4573,11747000
2024-12-04,XHB,121.57,121.89,120.04,120.5,118.1544,1167300
2024-12-04,XME,68.34,68.77,67.22,67.47,66.9296,1358000
2024-12-04,URA,31.97,32.39,31.35,31.68,29.4393,2046900
2024-12-04,ITA,153.49,155.32,152.7,155.24,153.4247,364700
2024-12-04,PAVE,45.52,45.52,45.05,45.37,44.7208,1133300
2024-12-05,SPY,607.66,608.48,606.3,606.66,592.9756,28762200
2024-12-05,QQQ,523.31,524.04,521.42,521.81,516.5818,18169600
2024-12-05,XLK,120.375,120.515,119.79,119.955,118.5896,5638000
2024-12-05,XLF,50.34,50.67,50.3,50.41,48.9087,33599300
2024-12-05,XLV,146.09,146.25,144.83,145.1,140.2108,8948700
2024-12-05,XLY,113.185,114.515,113.135,114,112.1114,7321000
2024-12-05,XLC,100.51,100.58,99.915,100.01,97.6614,2493900
2024-12-05,XLI,142.65,142.77,140.89,140.92,137.2189,5233900
2024-12-05,XLP,82.55,82.95,82.33,82.79,78.47,12639000
2024-12-05,XLE,46.285,46.6,46.1,46.295,43.5626,22662400
2024-12-05,XLU,40.265,40.57,40.16,40.345,38.1069,14226000
2024-12-05,XLB,46.5,46.57,45.92,46.135,44.4289,12762800
2024-12-05,XLRE,43.68,43.86,43.55,43.83,40.9338,2971300
2024-12-05,SMH,251.89,252.16,247.58,248.3,246.4375,3872100
2024-12-05,IGV,109.26,109.78,108.46,108.55,108.5297,7697100
2024-12-05,XBI,98.08,98.71,97,97.33,96.8696,8467600
2024-12-05,GNOM,42.56,42.56,41.84,41.88,41.2677,7975
2024-12-05,ARKG,26.06,26.06,25.17,25.2,25.2,1744600
2024-12-05,KRE,67.09,67.58,66.29,66.37,63.1339,8069500
2024-12-05,XHB,120.57,120.75,118.62,118.71,116.3993,1529600
2024-12-05,XME,67.49,67.54,66.32,67.12,66.5824,975500
2024-12-05,URA,31.5,32.16,31.3,31.95,29.6902,2361200
2024-12-05,ITA,154.67,154.67,152.67,152.78,150.9935,282000
2024-12-05,PAVE,45.35,45.411,44.94,45.05,44.4054,4204300
2024-12-06,SPY,607.44,609.07,607.02,607.81,594.0997,31241500
2024-12-06,QQQ,522.48,526.72,522.35,526.48,521.2049,23762600
2024-12-06,XLK,120.165,120.94,120.035,120.42,119.0493,6654200
2024-12-06,XLF,50.4,50.57,50.26,50.4,48.899,23439400
2024-12-06,XLV,145.29,145.46,144.1,144.28,139.4184,6545200
2024-12-06,XLY,114.93,116.425,114.92,116.4,114.4716,4889200
2024-12-06,XLC,100,101.125,99.94,100.93,98.5598,4364500
2024-12-06,XLI,141.34,141.66,140.33,140.56,136.8684,5432800
2024-12-06,XLP,82.81,83.29,82.38,82.38,78.0814,7180600
2024-12-06,XLE,46.2,46.205,45.425,45.51,42.8239,26206600
2024-12-06,XLU,40.365,40.46,39.77,39.845,37.6346,14228600
2024-12-06,XLB,46.25,46.315,45.935,45.955,44.2555,7131000
2024-12-06,XLRE,43.95,44.08,43.565,43.77,40.8778,3624700
2024-12-06,SMH,247.88,249.42,247.21,248.61,246.7452,3885300
2024-12-06,IGV,109.37,110.55,109.17,110.05,110.0294,6127400
2024-12-06,XBI,97.82,99.73,97.63,99.14,98.671,6493000
2024-12-06,GNOM,42.12,43.2,42.12,42.88,42.2531,12125
2024-12-06,ARKG,25.53,26.74,25.51,26.43,26.43,3647700
2024-12-06,KRE,66.8,67.04,65.8,66.56,63.3146,7414000
2024-12-06,XHB,120.35,120.78,118.6,119.09,116.7719,1302100
2024-12-06,XME,67.16,67.39,65.21,65.44,64.9158,1479300
2024-12-06,URA,31.77,32.22,31.62,31.8,29.5508,1337200
2024-12-06,ITA,153.11,153.23,151.45,152.11,150.3313,315000
2024-12-06,PAVE,45.215,45.28,44.653,44.77,44.1294,1045200
2024-12-09,SPY,607.69,607.86,604.08,604.68,591.0404,34742700
2024-12-09,QQQ,525.55,526.35,521.22,522.38,517.1461,20674400
2024-12-09,XLK,119.97,120.4,119.33,119.635,118.2732,8032400
2024-12-09,XLF,50.44,50.49,49.69,49.71,48.2295,41998300
2024-12-09,XLV,144.42,145.09,143.92,144.7,139.8242,6258600
2024-12-09,XLY,117.07,117.785,115.615,116.03,114.1078,6513800
2024-12-09,XLC,100.84,100.98,98.72,98.78,96.4603,5040300
2024-12-09,XLI,140.59,140.75,139.26,139.34,135.6804,7434200
2024-12-09,XLP,82.5,82.88,82.03,82.25,77.9582,11614000
2024-12-09,XLE,45.89,46.135,45.395,45.435,42.7533,23627800
2024-12-09,XLU,39.845,39.9,39.32,39.345,37.1623,21053800
2024-12-09,XLB,46.32,46.575,45.935,45.945,44.2459,9417600
2024-12-09,XLRE,43.85,43.995,43.685,43.86,40.9619,5211000
2024-12-09,SMH,246.22,248.96,244.93,246.07,244.2243,4532600
2024-12-09,IGV,110.59,110.84,107.5,107.77,107.7498,9095700
2024-12-09,XBI,99.22,99.91,98.04,98.24,97.7753,6341100
2024-12-09,GNOM,43.08,43.6,43,43.16,42.529,24125
2024-12-09,ARKG,26.86,27.36,26.41,26.41,26.41,2675800
2024-12-09,KRE,66.61,66.85,65.43,65.48,62.2873,9580200
2024-12-09,XHB,120.06,120.65,119.37,119.94,117.6053,1771500
2024-12-09,XME,66.91,67.72,65.94,65.96,65.4316,1951700
2024-12-09,URA,32.1,32.15,30.32,30.37,28.2219,3094000
2024-12-09,ITA,151.9,151.94,148.88,149.3,147.5542,450300
2024-12-09,PAVE,44.91,44.98,44.2,44.24,43.607,1151900
2024-12-10,SPY,605.37,605.8,602.13,602.8,589.2028,37234500
2024-12-10,QQQ,523.62,525.38,519.16,520.6,515.3839,24350000
2024-12-10,XLK,119.23,119.555,117.6,117.975,116.6321,11234400
2024-12-10,XLF,49.75,49.98,49.39,49.7,48.2198,38861800
2024-12-10,XLV,144.99,145.1,143.62,144.1,139.2444,7200500
2024-12-10,XLY,116.05,117.3,115.835,116.22,114.2946,7630800
2024-12-10,XLC,99.77,100.609,99.57,100.33,97.9739,5125300
2024-12-10,XLI,139.17,139.52,138.19,139,135.3494,7382800
2024-12-10,XLP,82.19,82.84,81.86,82.64,78.3278,8497200
2024-12-10,XLE,45.695,45.76,45.06,45.125,42.4616,23299800
2024-12-10,XLU,39.28,39.28,38.745,39.06,36.8931,20319000
2024-12-10,XLB,45.89,45.925,45.195,45.475,43.7933,7718600
2024-12-10,XLRE,43.79,43.79,43.015,43.15,40.2988,4090500
2024-12-10,SMH,246.43,247.15,238.37,239.88,238.0807,6402400
2024-12-10,IGV,107.16,107.92,105.68,106.17,106.1501,4464400
2024-12-10,XBI,98.41,98.61,97.1,97.42,96.9592,5465700
2024-12-10,GNOM,43.4,43.64,43,43.104,42.4738,23400
2024-12-10,ARKG,26.47,27.05,26.33,26.52,26.52,1671300
2024-12-10,KRE,65.79,66.56,64.97,65.47,62.2778,10739800
2024-12-10,XHB,118.54,118.76,116.6,117.53,115.2423,1988600
2024-12-10,XME,65.91,65.91,64.69,65.06,64.5389,1478000
2024-12-10,URA,30.73,30.73,30.12,30.36,28.2126,1820500
2024-12-10,ITA,149.2,150.41,148.99,149.78,148.0285,335400
2024-12-10,PAVE,44.14,44.19,43.62,43.76,43.1339,1677600
2024-12-11,SPY,605.78,608.43,605.5,607.46,593.7577,28677700
2024-12-11,QQQ,525,530.61,524.59,529.92,524.6105,32168600
2024-12-11,XLK,118.91,120.065,118.5,119.685,118.3227,8689600
2024-12-11,XLF,49.9,49.92,49.58,49.8,48.3168,35035900
2024-12-11,XLV,143.52,143.64,142.1,142.14,137.3505,6895000
2024-12-11,XLY,117.185,118.3,117.12,118.26,116.3008,5734800
2024-12-11,XLC,100.56,102.14,100.56,101.97,99.5754,4015700
2024-12-11,XLI,139.72,139.93,138.62,138.68,135.0378,6168900
2024-12-11,XLP,82.77,83.11,81.97,82.01,77.7307,9046100
2024-12-11,XLE,45.22,45.37,44.98,45.2,42.5322,23147600
2024-12-11,XLU,39.165,39.195,38.745,38.815,36.6617,14759600
2024-12-11,XLB,45.625,45.625,45.285,45.315,43.6392,12288200
2024-12-11,XLRE,43.27,43.39,42.92,43.04,40.1961,4988900
2024-12-11,SMH,243.65,247.04,241.73,245.75,243.9067,5588400
2024-12-11,IGV,107.05,108.21,106.59,107.82,107.7998,7791400
2024-12-11,XBI,97.67,97.97,96.41,96.97,96.5113,5788300
2024-12-11,GNOM,43.12,43.32,42.476,42.608,41.9851,17575
2024-12-11,ARKG,26.97,26.97,25.87,26.13,26.13,1789300
2024-12-11,KRE,66.1,66.51,65.73,65.81,62.6012,12435800
2024-12-11,XHB,118.74,119,117.18,117.25,114.9677,1612900
2024-12-11,XME,65.23,65.54,64.89,65.08,64.5587,904900
2024-12-11,URA,30.44,30.88,30.01,30.85,28.668,1509500
2024-12-11,ITA,150.7,150.76,148.93,149.29,147.5443,348700
2024-12-11,PAVE,44.11,44.17,43.845,43.97,43.3409,1102700
2024-12-12,SPY,606.58,607.16,604.33,604.33,590.6982,31543800
2024-12-12,QQQ,527.68,528.96,526.02,526.5,521.2247,23577500
2024-12-12,XLK,118.92,119.455,118.63,119.015,117.6603,7218200
2024-12-12,XLF,49.93,49.97,49.58,49.58,48.1034,23107300
2024-12-12,XLV,142.17,142.54,140.91,141.01,136.2586,5994200
2024-12-12,XLY,118.2,118.33,117.13,117.28,115.337,4871800
2024-12-12,XLC,102.15,102.67,101.98,102.16,99.7609,2885400
2024-12-12,XLI,138.75,138.95,137.72,137.79,134.1711,7081600
2024-12-12,XLP,82.53,82.62,82.12,82.25,77.9582,5410800
2024-12-12,XLE,45.12,45.2,44.79,44.835,42.1887,21746200
2024-12-12,XLU,39,39.125,38.76,38.795,36.6428,15425000
2024-12-12,XLB,45.155,45.28,44.98,45,43.3359,7294000
2024-12-12,XLRE,42.99,43.48,42.93,43.01,40.168,3418100
2024-12-12,SMH,244.01,244.64,241.93,243.37,241.5445,3979300
2024-12-12,IGV,106.95,107.61,106.5,106.85,106.83,3366500
2024-12-12,XBI,96.18,96.71,94.15,94.2,93.7544,9518000
2024-12-12,GNOM,42.32,42.36,41.644,41.76,41.1495,22700
2024-12-12,ARKG,26,26.12,25.13,25.15,25.15,2155400
2024-12-12,KRE,65.66,66.03,64.95,65.01,61.8402,10548800
2024-12-12,XHB,116.93,117.11,115.95,116.14,113.8793,1744100
2024-12-12,XME,64.28,64.28,63.25,63.57,63.0608,1472100
2024-12-12,URA,30.68,30.75,30,30.1,27.971,2198100
2024-12-12,ITA,149.4,149.5,147.38,147.54,145.8147,553300
2024-12-12,PAVE,43.92,44,43.53,43.54,42.917,2043700
2024-12-13,SPY,606.4,607.13,602.81,604.21,590.581,35904700
2024-12-13,QQQ,530.46,533.17,527.3,530.53,525.2144,28780400
2024-12-13,XLK,120.09,120.56,118.575,119.525,118.1645,8677000
2024-12-13,XLF,49.78,49.8,49.43,49.54,48.0646,39160400
2024-12-13,XLV,140.83,141.45,140.13,140.99,136.2393,7599400
2024-12-13,XLY,117.245,117.795,116.95,117.745,115.7943,5382400
2024-12-13,XLC,101.62,101.88,100.875,100.94,98.5696,3371500
2024-12-13,XLI,137.95,138.1,137.29,137.43,133.8206,6709900
2024-12-13,XLP,82.09,82.52,81.63,82.04,77.7591,8154300
2024-12-13,XLE,44.945,44.96,44.485,44.61,41.977,22346000
2024-12-13,XLU,38.85,39.025,38.755,38.82,36.6665,13808400
2024-12-13,XLB,44.84,44.905,44.465,44.615,42.9651,8098800
2024-12-13,XLRE,42.97,43.07,42.74,42.83,39.9999,3833300
2024-12-13,SMH,249.52,251.63,246.05,249.49,247.6186,8628300
2024-12-13,IGV,106.94,107.07,105.12,105.77,105.7502,4477200
2024-12-13,XBI,93.97,94.47,92.64,93.4,92.9582,12305400
2024-12-13,GNOM,41.76,41.76,40.76,41.08,40.4794,41250
2024-12-13,ARKG,25.11,25.2,24.38,24.71,24.71,3689300
2024-12-13,KRE,65.26,65.26,64.22,64.77,61.6119,10990900
2024-12-13,XHB,115.79,115.9,113.73,114.38,112.1536,1503100
2024-12-13,XME,63.27,63.27,61.88,62.03,61.5331,1393000
2024-12-13,URA,30.1,30.29,29.36,29.39,27.3112,2366600
2024-12-13,ITA,147.76,148.62,147.46,148.37,146.635,298200
2024-12-13,PAVE,43.66,43.66,43.061,43.17,42.5523,1382100
2024-12-16,SPY,606,607.78,605.21,606.79,593.1028,43695200
2024-12-16,QQQ,533.08,539.15,533,538.17,532.7777,31979900
2024-12-16,XLK,119.68,120.825,119.425,120.72,119.3459,9442600
2024-12-16,XLF,49.57,49.63,49.36,49.45,47.9773,35242800
2024-12-16,XLV,140.88,141.65,139.2,139.31,134.6158,9476600
2024-12-16,XLY,118.355,119.425,118.125,119.34,117.3629,6013600
2024-12-16,XLC,101.61,102.04,101.22,101.33,98.9504,4222700
2024-12-16,XLI,137.58,138.06,137.11,137.55,133.9374,6573400
2024-12-16,XLP,82.07,82.48,81.59,81.61,77.3516,6495000
2024-12-16,XLE,44.485,44.485,43.595,43.63,41.0549,25036200
2024-12-16,XLU,38.855,38.955,38.495,38.51,36.3737,16121000
2024-12-16,XLB,44.525,44.68,44.2,44.22,42.5847,10486600
2024-12-16,XLRE,42.85,43.14,42.59,42.61,39.7945,3642900
2024-12-16,SMH,250.5,254.36,248.92,253.25,251.3504,4893000
2024-12-16,IGV,105.94,107.11,105.62,106.91,106.89,4956800
2024-12-16,XBI,93.4,95.52,92.94,94.76,94.3117,8476200
2024-12-16,GNOM,41.08,41.68,41,41.336,40.7317,20925
2024-12-16,ARKG,24.77,25.596,24.54,25.23,25.23,1589100
2024-12-16,KRE,64.88,65.11,64.25,65.09,61.9163,10993500
2024-12-16,XHB,114.3,115.19,113.16,113.28,111.075,1852000
2024-12-16,XME,61.75,61.91,61.03,61.15,60.6602,1157600
2024-12-16,URA,29.06,29.18,28.61,28.91,26.8652,2844900
2024-12-16,ITA,148.4,149.93,147.95,149.62,147.8704,454300
2024-12-16,PAVE,43.16,43.34,42.974,43.07,42.4537,803900
2024-12-17,SPY,604.19,605.17,602.89,604.29,590.6591,55773500
2024-12-17,QQQ,536.36,537.48,534.13,535.8,530.4316,28579100
2024-12-17,XLK,119.865,120.46,119.405,119.99,118.6242,8145000
2024-12-17,XLF,49.26,49.27,48.93,49.1,47.6377,46103300
2024-12-17,XLV,138.7,140.24,138.6,139.21,134.5192,10280100
2024-12-17,XLY,119.88,119.965,118.725,119.715,117.7317,10221000
2024-12-17,XLC,101.18,101.67,100.485,100.57,98.2082,4707900
2024-12-17,XLI,136.96,137.27,135.97,136.29,132.7105,6861700
2024-12-17,XLP,81.44,81.89,81.33,81.47,77.2189,8535900
2024-12-17,XLE,43.3,43.385,42.9,43.305,40.749,32011600
2024-12-17,XLU,38.27,38.51,38.195,38.35,36.2225,15876800
2024-12-17,XLB,44.025,44.345,43.965,43.975,42.3488,8289800
2024-12-17,XLRE,42.4,42.805,42.27,42.42,39.617,5319100
2024-12-17,SMH,250.48,251.17,248.03,249.96,248.0851,4027800
2024-12-17,IGV,106.52,106.9,105.61,105.94,105.9201,6660800
2024-12-17,XBI,93.98,95.3,93.95,94.59,94.1425,5638800
2024-12-17,GNOM,41.2,41.56,40.88,41.168,40.5661,21075
2024-12-17,ARKG,25.16,25.419,24.61,24.7,24.7,3602000
2024-12-17,KRE,64.6,64.98,63.29,63.56,60.4609,16791200
2024-12-17,XHB,112.78,113.59,111.71,111.93,109.7513,1561500
2024-12-17,XME,60.47,60.75,59.49,60.03,59.5491,2472400
2024-12-17,URA,28.6,28.78,28.18,28.71,26.6793,2991100
2024-12-17,ITA,148.4,148.75,147.36,147.86,146.5591,305000
2024-12-17,PAVE,42.85,42.865,42.335,42.44,41.8327,839600
2024-12-18,SPY,603.98,606.41,585.89,586.28,573.0555,108248700
2024-12-18,QQQ,535.15,536.88,515.01,516.47,511.2952,54703200
2024-12-18,XLK,120.395,120.725,115.85,116.12,114.7982,16927200
2024-12-18,XLF,49.19,49.3,47.59,47.63,46.2115,72399500
2024-12-18,XLV,139.12,140.04,137.23,137.32,132.6929,14448100
2024-12-18,XLY,118.765,120.14,113.855,114.32,112.4261,14405000
2024-12-18,XLC,100.54,101,97.63,97.7,95.4056,6406000
2024-12-18,XLI,136.48,136.79,132.35,132.44,128.9616,13428100
2024-12-18,XLP,81.16,81.43,80.21,80.23,76.0436,17223000
2024-12-18,XLE,43.185,43.39,42.025,42.025,39.5446,39241200
2024-12-18,XLU,38.325,38.38,37.42,37.445,35.3677,29811800
2024-12-18,XLB,43.95,44.1,42.705,42.725,41.145,14797400
2024-12-18,XLRE,42.28,42.49,40.71,40.76,38.0667,9802600
2024-12-18,SMH,252.16,254.47,240.45,241.99,240.1749,8125800
2024-12-18,IGV,105.91,105.99,100.88,101.18,101.161,8398200
2024-12-18,XBI,94.54,94.7,89.01,89.93,89.5046,16072700
2024-12-18,GNOM,41.12,41.12,38.76,38.84,38.2722,55975
2024-12-18,ARKG,24.85,24.89,22.47,22.9,22.9,7168500
2024-12-18,KRE,64.08,64.25,59.97,60.26,57.3218,25891300
2024-12-18,XHB,112.47,112.78,106.95,106.99,104.9074,3500700
2024-12-18,XME,60.06,60.45,57.26,57.75,57.2874,2130200
2024-12-18,URA,28.8,29.19,27.64,27.8,25.8337,2985100
2024-12-18,ITA,148,148,142.88,143.03,141.7715,580100
2024-12-18,PAVE,42.53,42.66,40.85,40.88,40.2951,1288700
2024-12-19,SPY,591.36,593,585.85,586.1,572.8795,85919500
2024-12-19,QQQ,521.19,521.76,513.83,514.17,509.0183,46441800
2024-12-19,XLK,117.3,117.68,116.095,116.245,114.9218,13383400
2024-12-19,XLF,48.17,48.53,47.79,47.8,46.3764,63641000
2024-12-19,XLV,137.06,137.8,135.95,136.28,131.688,11929300
2024-12-19,XLY,115.88,116.21,113.485,114.165,112.2736,13205200
2024-12-19,XLC,98.86,99.02,97.39,97.43,95.142,5026100
2024-12-19,XLI,133.08,134.05,132.22,132.27,128.7961,12507400
2024-12-19,XLP,80.16,80.56,79.66,79.66,75.5033,15778400
2024-12-19,XLE,42.47,42.605,41.63,41.66,39.2011,49981400
2024-12-19,XLU,37.48,38.04,37.47,37.615,35.5283,27076400
2024-12-19,XLB,42.765,43.06,42.255,42.265,40.702,12495600
2024-12-19,XLRE,40.8,41.09,40.01,40.06,37.413,8386500
2024-12-19,SMH,243,243.25,238.35,238.87,237.0782,6893100
2024-12-19,IGV,103.05,103.48,101.52,101.57,101.551,7808100
2024-12-19,XBI,90.03,90.46,88.63,89.81,89.3852,11752200
2024-12-19,GNOM,39,39.04,38.4,38.8,38.2327,32175
2024-12-19,ARKG,23.15,23.19,22.54,22.95,22.95,4290900
2024-12-19,KRE,61.48,61.92,59.62,59.73,56.8176,27602700
2024-12-19,XHB,106.23,107.24,104.48,104.65,102.613,3946100
2024-12-19,XME,58,58.53,56.79,57.08,56.6228,1331600
2024-12-19,URA,28,28.28,27.71,28.05,26.066,2563400
2024-12-19,ITA,143.89,145.66,143.6,144.31,143.0403,456400
2024-12-19,PAVE,41.28,41.519,40.675,40.75,40.1669,1295800
2024-12-20,SPY,581.77,595.75,580.91,591.15,579.7603,125716700
2024-12-20,QQQ,510.44,524.82,509.29,518.66,513.4633,60530000
2024-12-20,XLK,115.455,118.93,115.095,117.98,116.6371,14924800
2024-12-20,XLF,47.7,48.89,47.6,48.51,47.0653,56066100
2024-12-20,XLV,137.49,139.29,137.05,138,133.35,12098400
2024-12-20,XLY,113.02,116.255,112.75,114.455,112.5588,10915800
2024-12-20,XLC,96.73,99.045,96.7,97.96,95.6595,6285600
2024-12-20,XLI,132.14,134.81,131.81,133.82,130.3054,11849600
2024-12-20,XLP,79.62,80.4,79.35,79.94,75.7687,11035400
2024-12-20,XLE,41.655,42.215,41.545,42.07,39.5869,35704800
2024-12-20,XLU,37.4,38.3,37.35,38.215,36.095,25188600
2024-12-20,XLB,42.19,43.04,42.165,42.79,41.2076,14684600
2024-12-20,XLRE,40.25,41.22,40.15,40.79,38.0947,9792600
2024-12-20,SMH,237.4,245.26,236.54,242.71,240.8895,6909300
2024-12-20,IGV,100.42,104.2,100.04,103.62,103.6006,5981800
2024-12-20,XBI,89.37,91.97,89.34,91.28,90.8482,10338000
2024-12-20,GNOM,38.52,39.72,38.52,39.56,38.9816,27925
2024-12-20,ARKG,22.8,24.035,22.72,23.68,23.68,7037400
2024-12-20,KRE,59.4,61.46,59.28,60.81,57.845,20130500
2024-12-20,XHB,104.47,106.79,104.19,105.99,103.9269,2256800
2024-12-20,XME,56.54,57.75,56.47,56.82,56.3649,2075400
2024-12-20,URA,27.6,28.39,27.35,27.97,25.9917,2158500
2024-12-20,ITA,143.46,147.21,143.28,146.32,145.0326,392600
2024-12-20,PAVE,40.49,41.44,40.42,41.08,40.4922,1057500
2024-12-23,SPY,590.89,595.3,587.66,594.69,583.2321,57635800
2024-12-23,QQQ,519.55,523.25,516.13,522.87,518.4658,29672800
2024-12-23,XLK,118.125,119.085,117.495,119.035,117.8729,7973400
2024-12-23,XLF,48.06,48.46,47.87,48.42,47.1783,43033300
2024-12-23,XLV,137.6,138.95,136.99,138.75,134.6818,8050500
2024-12-23,XLY,114.445,114.7,113.09,114.585,112.9002,5922400
2024-12-23,XLC,97.93,98.33,97.14,98.24,96.1824,3768900
2024-12-23,XLI,132.99,133.32,132.01,133.12,130.276,8022300
2024-12-23,XLP,79.05,79.23,78.16,78.92,75.3695,11469000
2024-12-23,XLE,41.655,42.105,41.375,41.965,39.8194,34445400
2024-12-23,XLU,37.805,38.06,37.435,38.03,36.2179,20114400
2024-12-23,XLB,42.515,42.585,42.13,42.535,41.1756,11338400
2024-12-23,XLRE,40.21,40.6,40.08,40.54,38.2684,6917200
2024-12-23,SMH,243.53,249.59,243.53,249.22,248.4469,6650100
2024-12-23,IGV,103.38,103.63,101.93,102.92,102.9007,3653800
2024-12-23,XBI,91.28,91.95,90.36,91.89,91.4583,7620200
2024-12-23,GNOM,39.4,39.68,39.12,39.68,39.0999,20975
2024-12-23,ARKG,23.77,24.01,23.27,23.97,23.97,2111100
2024-12-23,KRE,60.03,60.74,59.86,60.6,58.0384,10452900
2024-12-23,XHB,105.44,105.87,104.69,105.77,103.8866,1461300
2024-12-23,XME,56.63,57.21,56.2,57.1,56.7075,1298500
2024-12-23,URA,27.9,28.37,27.81,28.26,26.2612,1588700
2024-12-23,ITA,146.55,146.69,145.1,146.51,145.2209,322000
2024-12-23,PAVE,41,41.126,40.71,41.08,40.4922,1461900
2024-12-24,SPY,596.06,601.34,595.47,601.3,589.7147,33160100
2024-12-24,QQQ,524.83,530.05,524.19,529.96,525.4962,17558200
2024-12-24,XLK,119.46,120.27,119.28,120.265,119.0909,4653400
2024-12-24,XLF,48.52,49.01,48.43,48.99,47.7337,18350500
2024-12-24,XLV,138.63,139.32,138.04,139.32,135.235,3139300
2024-12-24,XLY,115.07,117.25,114.975,117.235,115.5113,2552600
2024-12-24,XLC,98.36,99.17,98,99.17,97.0929,1626800
2024-12-24,XLI,132.98,134.22,132.73,134.16,131.2938,2972900
2024-12-24,XLP,78.85,79.49,78.74,79.44,75.8661,3932600
2024-12-24,XLE,42.085,42.4,41.81,42.32,40.1563,15024200
2024-12-24,XLU,38.03,38.25,37.915,38.24,36.4179,9010200
2024-12-24,XLB,42.545,42.8,42.34,42.765,41.3983,5502400
2024-12-24,XLRE,40.39,40.84,40.36,40.81,38.5233,2812100
2024-12-24,SMH,250.44,251.37,249.38,251.37,250.5903,2097400
2024-12-24,IGV,103.13,104.14,103.1,104.1,104.0805,1584200
2024-12-24,XBI,91.94,92.1,90.9,91.98,91.5479,3540600
2024-12-24,GNOM,39.56,39.88,39.2,39.88,39.297,12400
2024-12-24,ARKG,24.07,24.24,23.69,24.18,24.18,659400
2024-12-24,KRE,60.6,61.11,60.31,61.04,58.4598,5302800
2024-12-24,XHB,105.64,106.41,105.11,106.33,104.4367,778800
2024-12-24,XME,57.28,57.35,56.64,57.27,56.8763,711900
2024-12-24,URA,28.15,28.25,27.57,28.08,26.0939,825800
2024-12-24,ITA,146.5,147.9,146.22,147.86,146.5591,200700
2024-12-24,PAVE,41.14,41.42,40.96,41.37,40.7781,390100
2024-12-26,SPY,599.5,602.48,598.08,601.34,589.754,41219100
2024-12-26,QQQ,528.32,531.24,526.31,529.6,525.1391,19090500
2024-12-26,XLK,119.88,120.785,119.495,120.345,119.1701,7150800
2024-12-26,XLF,48.77,49.13,48.74,49.11,47.8506,20805600
2024-12-26,XLV,138.83,139.72,138.68,139.6,135.5069,4720300
2024-12-26,XLY,116.985,117.225,116.285,116.8,115.0827,4109600
2024-12-26,XLC,98.77,99.185,98.51,99.04,96.9656,3512400
2024-12-26,XLI,133.85,134.59,133.51,134.26,131.3917,4749500
2024-12-26,XLP,79.29,79.74,79.22,79.69,76.1049,4253700
2024-12-26,XLE,42.335,42.36,42.025,42.285,40.1231,15386400
2024-12-26,XLU,38.08,38.255,37.995,38.15,36.3322,10114000
2024-12-26,XLB,42.59,42.86,42.485,42.7,41.3354,6517600
2024-12-26,XLRE,40.7,40.94,40.5,40.87,38.5799,4044800
2024-12-26,SMH,250.42,252.39,248.88,250.93,250.1516,2169300
2024-12-26,IGV,103.8,104.39,103.23,103.87,103.8505,2311500
2024-12-26,XBI,91.31,92.85,91.02,92.65,92.2148,5601100
2024-12-26,GNOM,39.36,40,39.32,39.912,39.3285,23975
2024-12-26,ARKG,23.92,24.785,23.78,24.66,24.66,1586000
2024-12-26,KRE,60.58,61.39,60.28,61.33,58.7376,7394400
2024-12-26,XHB,105.47,106.51,105.17,106.24,104.3482,1182800
2024-12-26,XME,57.17,57.58,56.66,57.39,56.9955,924000
2024-12-26,URA,27.9,28.28,27.73,28.09,26.1032,1642000
2024-12-26,ITA,147.47,148.93,147.14,148.45,147.1439,234100
2024-12-26,PAVE,41.26,41.5,41.1,41.45,40.8569,1247800
2024-12-27,SPY,597.54,597.78,590.76,595.01,583.5459,64969300
2024-12-27,QQQ,526.01,526.45,517.86,522.56,518.1584,33839600
2024-12-27,XLK,119.535,119.69,117.575,118.745,117.5857,8726400
2024-12-27,XLF,48.85,49.17,48.49,48.75,47.4998,33852400
2024-12-27,XLV,138.83,139.81,138.36,138.95,134.8759,5948000
2024-12-27,XLY,116.025,116.025,114.315,114.87,113.1811,6097200
2024-12-27,XLC,98.51,98.63,97.27,98.16,96.104,4100400
2024-12-27,XLI,133.49,134.26,132.49,133.26,130.4131,6060000
2024-12-27,XLP,79.32,79.72,79.01,79.3,75.7324,6601700
2024-12-27,XLE,42.25,42.74,42.07,42.28,40.1183,20369800
2024-12-27,XLU,37.95,38.15,37.795,38.04,36.2274,13805400
2024-12-27,XLB,42.485,42.855,42.305,42.47,41.1127,8568000
2024-12-27,XLRE,40.63,40.99,40.4,40.54,38.2684,4588800
2024-12-27,SMH,249.28,250.07,245.16,248.4,247.6295,3812300
2024-12-27,IGV,103.26,103.32,101.14,102.28,102.2608,7467600
2024-12-27,XBI,91.95,92.85,90.56,91.35,90.9209,8741800
2024-12-27,GNOM,39.72,40,39.16,39.34,38.7649,17925
2024-12-27,ARKG,24.81,25.028,24.01,24.43,24.43,2473300
2024-12-27,KRE,60.96,61.46,60.02,60.57,58.0097,8144000
2024-12-27,XHB,105.64,106.43,104.43,104.96,103.091,1153300
2024-12-27,XME,57,57.47,56.19,56.69,56.3003,1405300
2024-12-27,URA,27.96,28.26,27.6,28.1,26.1125,3352600
2024-12-27,ITA,148.15,148.59,146.76,147.62,146.3212,171400
2024-12-27,PAVE,41.18,41.44,40.665,40.96,40.3739,1082500
2024-12-30,SPY,587.89,591.74,584.41,588.22,576.8867,56578800
2024-12-30,QQQ,515.51,519.36,511.83,515.61,511.2671,34584000
2024-12-30,XLK,117.015,118.17,116.29,117.235,116.0905,7950400
2024-12-30,XLF,48.25,48.5,47.86,48.28,47.0419,34819800
2024-12-30,XLV,138.15,138.15,136.73,137.24,133.216,6890300
2024-12-30,XLY,113.125,113.755,112.315,113.025,111.3632,5413000
2024-12-30,XLC,97.02,97.68,96.331,97.13,95.0956,3211100
2024-12-30,XLI,131.81,132.54,130.64,131.92,129.1017,8725500
2024-12-30,XLP,78.96,79.01,78.12,78.37,74.8443,7249300
2024-12-30,XLE,42.285,42.515,41.925,42.275,40.1136,23545400
2024-12-30,XLU,37.87,37.975,37.535,37.88,36.075,16870000
2024-12-30,XLB,42.195,42.195,41.7,41.9,40.5609,7528200
2024-12-30,XLRE,40.43,40.45,39.925,40.35,38.0891,4493500
2024-12-30,SMH,244.62,247.35,242.73,244.66,243.9011,3532100
2024-12-30,IGV,100.67,101.66,99.73,100.94,100.9211,5965900
2024-12-30,XBI,90.43,90.61,89.38,89.89,89.4677,6641000
2024-12-30,GNOM,38.88,39.012,38.4,38.68,38.1145,34825
2024-12-30,ARKG,24.06,24.06,23.44,23.71,23.71,2140100
2024-12-30,KRE,60.17,60.76,59.6,60.42,57.866,6190400
2024-12-30,XHB,104.37,104.96,102.96,104.5,102.6392,1549300
2024-12-30,XME,56.25,56.62,55.69,56.27,55.8832,1316000
2024-12-30,URA,27.17,27.17,26.67,26.83,25.6076,3009000
2024-12-30,ITA,145.08,146.47,143.9,145.71,144.428,334500
2024-12-30,PAVE,40.48,40.64,39.98,40.42,39.9773,2172200
2024-12-31,SPY,589.91,590.64,584.42,586.08,574.7881,57052700
2024-12-31,QQQ,516.9,517.66,510.26,511.23,506.9239,29117000
2024-12-31,XLK,117.555,117.635,115.88,116.26,115.125,9381200
2024-12-31,XLF,48.4,48.57,48.16,48.33,47.0906,25170500
2024-12-31,XLV,137.58,138.12,136.79,137.57,133.5364,6626900
2024-12-31,XLY,113.64,113.975,111.985,112.175,110.5257,5250800
2024-12-31,XLC,97.24,97.61,96.59,96.81,94.7823,3616300
2024-12-31,XLI,132.33,132.53,131.36,131.76,128.9451,6009800
2024-12-31,XLP,78.53,78.86,78.16,78.61,75.0735,6125500
2024-12-31,XLE,42.375,42.95,42.29,42.83,40.6402,21165000
2024-12-31,XLU,37.955,38.07,37.665,37.845,36.0417,12605400
2024-12-31,XLB,42.04,42.21,41.85,42.07,40.7255,8883200
2024-12-31,XLRE,40.67,40.75,40.28,40.67,38.3911,7590600
2024-12-31,SMH,245.51,246.05,241.4,242.17,241.4188,3071800
2024-12-31,IGV,101.26,101.44,99.67,100.12,100.1012,3587500
2024-12-31,XBI,90.39,91.07,89.37,90.06,89.6369,6817100
2024-12-31,GNOM,38.84,39.08,38.4,38.84,38.2722,31800
2024-12-31,ARKG,23.83,24.06,23.4,23.545,23.545,2331000
2024-12-31,KRE,60.62,61.02,60.14,60.35,57.799,6166000
2024-12-31,XHB,104.93,105.49,104.3,104.5,102.6392,1543600
2024-12-31,XME,56.44,57.23,56.3,56.75,56.3599,1136900
2024-12-31,URA,26.88,27.15,26.6,26.78,25.5599,2119200
2024-12-31,ITA,146.04,146.39,144.68,145.35,144.0712,545900
2024-12-31,PAVE,40.62,40.714,40.325,40.41,39.9674,3806500
2025-01-02,SPY,589.39,591.13,580.5,584.64,573.3757,50204000
2025-01-02,QQQ,514.3,516.64,505.71,510.23,505.9323,36389800
2025-01-02,XLK,117.18,117.51,114.89,115.985,114.8527,12766600
2025-01-02,XLF,48.58,48.77,47.94,48.21,46.9737,35879100
2025-01-02,XLV,138.26,138.77,137.12,137.61,133.5752,8973000
2025-01-02,XLY,112.22,112.56,109.995,110.7,109.0724,9166400
2025-01-02,XLC,97.32,98.01,96.46,97.28,95.2425,6900500
2025-01-02,XLI,132.73,132.95,130.71,131.3,128.4949,7227600
2025-01-02,XLP,78.78,79.14,78.11,78.37,74.8443,9321800
2025-01-02,XLE,43.18,43.65,43.04,43.33,41.1146,34887000
2025-01-02,XLU,38.12,38.33,37.86,38.135,36.3179,24103400
2025-01-02,XLB,42.27,42.41,41.545,41.605,40.2754,20004200
2025-01-02,XLRE,40.72,40.77,40.17,40.29,38.0324,9786400
2025-01-02,SMH,244.52,247.75,242.25,244.79,244.0307,4464000
2025-01-02,IGV,101.26,101.48,98.98,99.91,99.8913,4741500
2025-01-02,XBI,90.95,92.5,90.6,91.53,91.1,8207900
2025-01-02,GNOM,38.96,39.6,38.92,39.224,38.6506,31800
2025-01-02,ARKG,23.85,24.85,23.57,24.46,24.46,2675200
2025-01-02,KRE,60.72,61.19,59.49,59.68,57.1573,8480200
2025-01-02,XHB,105.47,106.19,103.02,103.48,101.6374,2257800
2025-01-02,XME,57.4,58.15,57.29,57.63,57.2338,1220000
2025-01-02,URA,26.98,28.28,26.98,28.11,26.8293,5680900
2025-01-02,ITA,146.23,146.7,143.97,144.86,143.5855,396900
2025-01-02,PAVE,40.76,40.905,40.042,40.25,39.8092,3263000
2025-01-03,SPY,587.53,592.6,586.43,591.95,580.5449,37888500
2025-01-03,QQQ,513.35,519.65,512.53,518.58,514.212,29059500
2025-01-03,XLK,116.695,118,116.465,117.875,116.7242,9117600
2025-01-03,XLF,48.49,48.62,48.08,48.59,47.3439,25198100
2025-01-03,XLV,137.89,139.35,137.74,138.96,134.8856,8288700
2025-01-03,XLY,111.32,113.01,110.76,112.94,111.2794,6501000
2025-01-03,XLC,97.83,98.25,97.2,97.88,95.8299,5454100
2025-01-03,XLI,131.76,133,131.33,132.72,129.8846,7676100
2025-01-03,XLP,78.52,78.7,78.05,78.33,74.8061,6991300
2025-01-03,XLE,43.585,43.88,43.41,43.735,41.4989,22120800
2025-01-03,XLU,38.355,38.745,38.19,38.54,36.7036,17767000
2025-01-03,XLB,41.74,41.795,41.52,41.595,40.2657,19348400
2025-01-03,XLRE,40.38,40.9,40.25,40.84,38.5516,5128600
2025-01-03,SMH,247,252.33,246.68,251.88,251.0987,4994400
2025-01-03,IGV,100.38,101.58,99.99,101.47,101.451,3675000
2025-01-03,XBI,91.69,92.81,91.64,92.41,91.9759,5857000
2025-01-03,GNOM,39.48,40.12,39.44,39.888,39.3048,14525
2025-01-03,ARKG,24.72,25.83,24.64,25.68,25.68,2495000
2025-01-03,KRE,59.88,60.61,58.8,60.55,57.9906,11736900
2025-01-03,XHB,104.07,105.09,103.48,104.77,102.9044,2088400
2025-01-03,XME,57.56,57.72,56.56,57.38,56.9856,1961300
2025-01-03,URA,28.48,28.9,28.11,28.84,27.526,3251000
2025-01-03,ITA,145.09,146.78,145.09,146.2,144.9137,348200
2025-01-03,PAVE,40.46,40.87,40.245,40.81,40.363,1901500
2025-01-06,SPY,596.27,599.7,593.6,595.36,583.8891,47679400
2025-01-06,QQQ,524.02,527.92,522.03,524.54,520.1217,36109700
2025-01-06,XLK,119.22,120.53,118.905,119.375,118.2096,8975400
2025-01-06,XLF,48.8,49.02,48.35,48.44,47.1978,54289900
2025-01-06,XLV,138.9,140.04,138.56,139.02,134.9438,8653300
2025-01-06,XLY,114.16,114.245,112.77,113.385,111.7179,6785400
2025-01-06,XLC,98.36,99.185,98.26,98.94,96.8677,5325300
2025-01-06,XLI,133.4,133.82,132.19,132.43,129.6008,6899500
2025-01-06,XLP,78.42,78.44,77.42,77.51,74.023,9275700
2025-01-06,XLE,43.935,44.285,43.425,43.535,41.3091,22835200
2025-01-06,XLU,38.54,38.57,37.985,38.11,36.2941,25623800
2025-01-06,XLB,42.005,42.275,41.815,41.875,40.5367,16602000
2025-01-06,XLRE,40.86,40.99,40.22,40.28,38.023,5980200
2025-01-06,SMH,258.67,263.29,258.5,260.23,259.4228,10533200
2025-01-06,IGV,102.37,102.74,101.02,101.68,101.6609,4211800
2025-01-06,XBI,92.6,93.23,92.01,92.21,91.7768,5169300
2025-01-06,GNOM,40.28,41,40.08,40.508,39.9158,11250
2025-01-06,ARKG,25.92,26.712,25.85,26.16,26.16,3001500
2025-01-06,KRE,60.87,61.99,60.48,60.68,58.115,13557300
2025-01-06,XHB,105.42,106.77,104.41,104.68,102.816,2114000
2025-01-06,XME,58.5,59.19,58.16,58.23,57.8297,2366400
2025-01-06,URA,29.12,30.05,29.12,29.28,27.9459,2744300
2025-01-06,ITA,147.14,147.14,144.64,144.97,143.6945,400500
2025-01-06,PAVE,41.14,41.431,40.855,40.94,40.4916,3673500
2025-01-07,SPY,597.42,597.75,586.78,588.63,577.2889,60393100
2025-01-07,QQQ,525.59,525.99,513.28,515.18,510.8406,36690300
2025-01-07,XLK,120,120,116.57,116.98,115.838,10006800
2025-01-07,XLF,48.65,48.76,48.12,48.33,47.0906,57682700
2025-01-07,XLV,139.36,140.93,139.36,139.71,135.6136,12639700
2025-01-07,XLY,113.29,113.625,110.785,111.19,109.5552,5554000
2025-01-07,XLC,98.89,99.29,97.46,97.84,95.7907,5058400
2025-01-07,XLI,132.73,133.16,131.85,132.3,129.4736,6841200
2025-01-07,XLP,77.71,78.16,77.13,77.24,73.7651,11112800
2025-01-07,XLE,43.855,44.305,43.59,43.97,41.7219,25035800
2025-01-07,XLU,38.24,38.405,37.915,38.015,36.2036,22856400
2025-01-07,XLB,41.9,42.325,41.64,41.85,40.5125,23069000
2025-01-07,XLRE,40.42,40.635,39.885,39.98,37.7398,8867700
2025-01-07,SMH,263.42,263.58,253.05,254.04,253.252,7661100
2025-01-07,IGV,101.62,101.7,98.62,99.19,99.1714,6024300
2025-01-07,XBI,92.55,94.4,92.42,92.87,92.4337,9850200
2025-01-07,GNOM,40.8,41.84,40.56,40.732,40.1365,11300
2025-01-07,ARKG,26.4,27.1,25.46,25.59,25.59,4816900
2025-01-07,KRE,61.02,61.31,59.58,60.11,57.5691,9219500
2025-01-07,XHB,104.83,105.03,102.9,103.26,101.4213,1981100
2025-01-07,XME,58.71,59.05,57.66,58.07,57.6708,1016600
2025-01-07,URA,29.61,29.67,28.08,28.21,26.9247,2928100
2025-01-07,ITA,145.03,145.79,144.37,144.84,143.5656,367600
2025-01-07,PAVE,41.08,41.1,40.317,40.53,40.0861,2913300
2025-01-08,SPY,588.7,590.58,585.2,589.49,578.1323,47304700
2025-01-08,QQQ,515.08,516.92,510.57,515.27,510.9299,30777800
2025-01-08,XLK,117.25,117.27,115.815,116.94,115.7983,10023800
2025-01-08,XLF,48.34,48.5,48.02,48.49,47.2465,36422000
2025-01-08,XLV,139.97,140.64,138.69,140.43,136.3125,7827400
2025-01-08,XLY,111.15,111.945,110.59,111.505,109.8655,5309200
2025-01-08,XLC,97.37,97.6,96.58,97.26,95.2229,4631600
2025-01-08,XLI,132.05,132.95,131.25,132.82,129.9825,8277600
2025-01-08,XLP,77.16,77.46,76.67,77.38,73.8988,9277400
2025-01-08,XLE,43.7,44.035,43.545,44.015,41.7646,28483800
2025-01-08,XLU,37.95,38.045,37.38,38.005,36.1941,26845800
2025-01-08,XLB,41.88,42.085,41.58,42.08,40.7352,15743000
2025-01-08,XLRE,40.01,40.17,39.615,40.15,37.9003,6312800
2025-01-08,SMH,253.56,254.33,249.51,252.23,251.4476,5189500
2025-01-08,IGV,98.73,99.57,98.03,99.2,99.1814,4696700
2025-01-08,XBI,93,93.15,91.58,92.31,91.8764,7529900
2025-01-08,GNOM,41.16,41.344,40.8,41.16,40.5582,15475
2025-01-08,ARKG,25.82,25.87,25.075,25.57,25.57,3033100
2025-01-08,KRE,60.02,60.48,59.31,60.09,57.55,10845000
2025-01-08,XHB,102.99,104.53,102.12,104.44,102.5803,2644200
2025-01-08,XME,57.74,57.82,56.95,57.75,57.353,2003600
2025-01-08,URA,28,28.04,27.18,27.84,26.5716,2618400
2025-01-08,ITA,144.42,146.27,143.82,146,144.7154,598800
2025-01-08,PAVE,40.36,40.619,39.955,40.61,40.1652,1251200
2025-01-10,SPY,585.88,585.95,578.55,580.49,569.3056,73105000
2025-01-10,QQQ,511.48,511.58,503.92,507.19,502.918,40532500
2025-01-10,XLK,115.71,115.73,113.715,114.39,113.2732,11665800
2025-01-10,XLF,48.1,48.14,47.15,47.32,46.1065,53128700
2025-01-10,XLV,139.95,140.95,139.35,139.64,135.5457,10343700
2025-01-10,XLY,111.08,111.27,109.81,110.41,108.7866,6869400
2025-01-10,XLC,96.74,96.93,95.16,95.81,93.8032,4797400
2025-01-10,XLI,132.13,132.25,131.05,131.33,128.5243,9997300
2025-01-10,XLP,76.89,77.33,76.24,76.34,72.9056,13943200
2025-01-10,XLE,44.585,45.1,43.96,44.195,41.9354,34075800
2025-01-10,XLU,38.125,38.42,37.61,37.79,35.9893,31217000
2025-01-10,XLB,41.785,41.955,41.54,41.65,40.3189,18553600
2025-01-10,XLRE,39.52,39.62,39.145,39.18,36.9846,8343100
2025-01-10,SMH,249.41,249.59,244.92,247.18,246.4133,6901500
2025-01-10,IGV,97.89,98.17,96.71,97.21,97.1918,7773900
2025-01-10,XBI,90.42,90.59,88.84,89.44,89.0198,12953300
2025-01-10,GNOM,40.68,40.84,39.76,39.92,39.3364,13800
2025-01-10,ARKG,25.06,25.06,24.23,24.74,24.74,4522400
2025-01-10,KRE,59.09,59.17,57.67,58.31,55.8452,18474900
2025-01-10,XHB,103.74,103.74,102.25,102.38,100.557,1975700
2025-01-10,XME,57.78,58.14,56.88,57.13,56.7373,2130500
2025-01-10,URA,27.73,27.75,27.08,27.17,25.9321,1816200
2025-01-10,ITA,145.42,145.94,144.09,145.08,143.8035,1140200
2025-01-10,PAVE,40.21,40.24,39.865,40.06,39.6213,1940900
2025-01-13,SPY,575.77,581.75,575.35,581.39,570.1884,47910100
2025-01-13,QQQ,501.2,506.02,499.7,505.56,501.3016,31694200
2025-01-13,XLK,112.55,113.66,112.225,113.58,112.4711,10656000
2025-01-13,XLF,47.08,47.68,47.04,47.66,46.4378,36002800
2025-01-13,XLV,139.79,141.82,139.67,141.46,137.3123,9422200
2025-01-13,XLY,109.57,111.05,109.15,111.035,109.4024,5422000
2025-01-13,XLC,95.17,95.9,94.92,95.85,93.8424,6992500
2025-01-13,XLI,130.59,132.95,130.45,132.87,130.0314,8365400
2025-01-13,XLP,76.4,76.66,76.06,76.47,73.0297,9490900
2025-01-13,XLE,44.395,45.39,44.395,45.125,42.8179,48896200
2025-01-13,XLU,37.75,37.79,36.955,37.35,35.5703,24891600
2025-01-13,XLB,41.61,42.605,41.575,42.58,41.2192,20014800
2025-01-13,XLRE,39.13,39.689,39.05,39.68,37.4566,5769300
2025-01-13,SMH,241.07,244.93,240.62,244.64,243.8811,6007500
2025-01-13,IGV,96.03,96.59,95.48,96.36,96.3419,5716800
2025-01-13,XBI,88.5,89.19,86.71,89.13,88.7113,13193300
2025-01-13,GNOM,39.64,39.64,38.8,39.52,38.9422,14800
2025-01-13,ARKG,24.34,24.51,23.635,24.46,24.46,2974800
2025-01-13,KRE,58.08,59.26,57.73,59.18,56.6785,12518300
2025-01-13,XHB,101.92,103.93,101.49,103.88,102.0303,2275100
2025-01-13,XME,56.75,58.45,56.49,58.45,58.0482,1832600
2025-01-13,URA,26.86,27.48,26.67,27.1,25.8653,2225900
2025-01-13,ITA,143.81,146.32,143.81,146.13,144.8443,365600
2025-01-13,PAVE,39.78,40.59,39.655,40.58,40.1356,1671900
2025-01-14,SPY,584.36,585,578.35,582.19,570.973,48420600
2025-01-14,QQQ,508.74,510.16,501.59,505.08,500.8257,33737200
2025-01-14,XLK,114.46,114.775,112.975,113.88,112.7682,7220200
2025-01-14,XLF,47.85,48.29,47.74,48.25,47.0126,39353300
2025-01-14,XLV,141.27,141.27,138.88,140,135.8951,10277800
2025-01-14,XLY,112.15,112.735,110.405,110.82,109.1906,6762200
2025-01-14,XLC,95.94,96.07,94.99,95.53,93.5291,4194700
2025-01-14,XLI,133.81,134.64,133.21,134.44,131.5678,6746700
2025-01-14,XLP,76.56,76.65,76.13,76.49,73.0488,7763700
2025-01-14,XLE,45.045,45.65,44.98,45.61,43.2781,31173000
2025-01-14,XLU,37.495,37.955,37.4,37.84,36.0369,19675000
2025-01-14,XLB,42.82,43.145,42.71,43.11,41.7323,13084600
2025-01-14,XLRE,39.81,40.11,39.71,40.02,37.7776,5022100
2025-01-14,SMH,247.73,248.38,242.39,245.44,244.6787,3791500
2025-01-14,IGV,97.37,98.07,96.64,97.41,97.3917,4805000
2025-01-14,XBI,89.92,89.92,86.4,86.66,86.2529,13113500
2025-01-14,GNOM,39.92,39.92,38.16,38.36,37.7992,8100
2025-01-14,ARKG,24.82,25,23.5,23.61,23.61,4418900
2025-01-14,KRE,59.96,61.22,59.67,61.19,58.6035,15167700
2025-01-14,XHB,106.12,107.05,105.46,106.94,105.0358,2704400
2025-01-14,XME,58.87,59.06,58.34,58.85,58.4455,1396600
2025-01-14,URA,27.2,27.58,27.05,27.2,25.9607,1117200
2025-01-14,ITA,147.19,148.24,146.31,148.08,146.7771,477700
2025-01-14,PAVE,41.03,41.515,41.01,41.45,40.996,1214300
2025-01-15,SPY,590.33,593.94,589.2,592.78,581.3589,56900200
2025-01-15,QQQ,513.03,517.85,511.46,516.7,512.3478,34957600
2025-01-15,XLK,115.435,116.485,115.055,116.145,115.0111,10465400
2025-01-15,XLF,49.28,49.61,49.01,49.48,48.2111,61176900
2025-01-15,XLV,140.39,141.24,139.77,140.57,136.4484,11388400
2025-01-15,XLY,113.375,113.735,112.59,113.64,111.9691,6197400
2025-01-15,XLC,96.92,97.48,96.71,97.1,95.0662,4115700
2025-01-15,XLI,136.43,136.64,135.04,135.29,132.3997,9184200
2025-01-15,XLP,76.91,77.15,76.11,76.23,72.8006,11426800
2025-01-15,XLE,45.89,46.405,45.7,46.285,43.9185,34657800
2025-01-15,XLU,38.5,38.775,38.355,38.395,36.5655,21360400
2025-01-15,XLB,43.735,43.85,43.235,43.52,42.1292,12564200
2025-01-15,XLRE,41.06,41.15,40.14,40.19,37.938,6511000
2025-01-15,SMH,249.25,252.07,247.7,251.21,250.4308,5316800
2025-01-15,IGV,99.55,99.76,98.8,99.17,99.1514,4785700
2025-01-15,XBI,88.7,89.61,87.59,88.55,88.134,13214800
2025-01-15,GNOM,39.16,39.664,38.56,38.652,38.0869,15850
2025-01-15,ARKG,24.54,25.24,24.2,24.43,24.43,4900000
2025-01-15,KRE,63.47,63.56,62.03,62.73,60.0784,19826900
2025-01-15,XHB,111.03,111.39,109.03,109.38,107.4323,3917800
2025-01-15,XME,59.94,60.16,59.22,59.79,59.379,1763800
2025-01-15,URA,27.6,27.94,27.38,27.65,26.3902,2094900
2025-01-15,ITA,150.04,150.22,148.41,148.89,147.58,395500
2025-01-15,PAVE,42.37,42.5,41.97,42.1,41.6389,4220000
2025-01-16,SPY,594.17,594.35,590.93,591.64,580.2409,43319700
2025-01-16,QQQ,518.98,519.06,512.95,513.08,508.7583,28229000
2025-01-16,XLK,117.09,117.165,115.225,115.25,114.1248,5368400
2025-01-16,XLF,49.46,49.85,49.46,49.81,48.5326,33830400
2025-01-16,XLV,140.13,141.34,139.58,141.13,136.992,8512100
2025-01-16,XLY,113.445,113.445,112.575,113.025,111.3632,4851800
2025-01-16,XLC,96.94,97.22,96.515,96.55,94.5278,2943600
2025-01-16,XLI,135.66,137.13,135.51,136.93,134.0047,6556500
2025-01-16,XLP,76.08,76.88,75.81,76.8,73.3449,11223400
2025-01-16,XLE,46.13,46.665,46.075,46.62,44.2364,25230600
2025-01-16,XLU,38.375,39.38,38.36,39.365,37.4893,30415000
2025-01-16,XLB,43.555,43.885,43.435,43.88,42.4777,11550400
2025-01-16,XLRE,40.29,41.125,40.155,41.09,38.7876,5600900
2025-01-16,SMH,257.11,257.2,252.15,252.29,251.5074,5696100
2025-01-16,IGV,99.79,100.36,98.97,99.35,99.3314,2913100
2025-01-16,XBI,88.73,88.84,87.33,87.89,87.4771,6917100
2025-01-16,GNOM,38.8,38.8,38.012,38.428,37.8662,8900
2025-01-16,ARKG,24.56,24.593,23.87,24.25,24.25,2492200
2025-01-16,KRE,62.16,62.53,61.6,62.14,59.5133,16387700
2025-01-16,XHB,109.15,110.3,108.33,110.21,108.2476,1639900
2025-01-16,XME,59.81,60.12,59.51,59.8,59.3889,2318100
2025-01-16,URA,27.65,27.89,27.22,27.36,26.1134,2860800
2025-01-16,ITA,149.28,150.63,149.28,150.35,149.0272,295100
2025-01-16,PAVE,42.26,42.59,42.04,42.54,42.0741,1056800
2025-01-17,SPY,596.96,599.36,595.61,597.58,586.0663,58070600
2025-01-17,QQQ,522.85,524.07,513.11,521.74,517.3453,51837900
2025-01-17,XLK,117.33,117.47,116.54,117.055,115.9122,6742600
2025-01-17,XLF,49.91,50.32,49.73,50.23,48.9419,43693100
2025-01-17,XLV,140.94,141.4,140.18,140.18,136.0698,7668100
2025-01-17,XLY,114.515,115.33,114.33,114.61,112.9249,3884600
2025-01-17,XLC,97.8,97.86,96.89,97.39,95.3502,3109100
2025-01-17,XLI,137.81,138.26,137.21,137.75,134.8071,6869200
2025-01-17,XLP,76.94,77.4,76.85,77.24,73.7651,10524800
2025-01-17,XLE,46.62,47.145,46.455,46.98,44.578,23899600
2025-01-17,XLU,39.34,39.6,39.215,39.42,37.5416,14668800
2025-01-17,XLB,44.17,44.45,44,44.165,42.7535,11589000
2025-01-17,XLRE,41.21,41.31,41.06,41.08,38.7782,4913400
2025-01-17,SMH,257.98,258.68,255.61,258.25,257.4489,5387300
2025-01-17,IGV,101.43,101.43,100.01,100.32,100.3012,3143900
2025-01-17,XBI,88.65,88.86,87.85,87.97,87.5567,7383900
2025-01-17,GNOM,38.8,38.88,38.32,38.42,37.8583,21100
2025-01-17,ARKG,24.44,24.61,24.025,24.11,24.11,1662500
2025-01-17,KRE,62.56,63.24,62.31,63.07,60.404,12008000
2025-01-17,XHB,111.45,111.97,110.19,110.67,108.6994,3050200
2025-01-17,XME,59.98,60.76,59.81,60.33,59.9153,1360300
2025-01-17,URA,27.68,28.32,27.36,28.03,26.7529,3719600
2025-01-17,ITA,151.21,152.17,150.6,151.62,150.286,376800
2025-01-17,PAVE,42.94,43.203,42.73,42.89,42.4203,1462700
2025-01-21,SPY,600.67,603.06,598.67,603.05,591.431,42532900
2025-01-21,QQQ,524.48,525.97,520.06,524.8,520.3796,23628000
2025-01-21,XLK,117.445,118.32,116.63,118.03,116.8777,6744200
2025-01-21,XLF,50.4,50.71,50.39,50.65,49.3511,33267500
2025-01-21,XLV,140.92,142.51,140.9,142.5,138.3218,7257800
2025-01-21,XLY,115.645,115.75,114.185,115.45,113.7525,6036600
2025-01-21,XLC,98.07,98.715,97.97,98.27,96.2117,4817400
2025-01-21,XLI,138.96,140.58,138.96,140.58,137.5767,12177700
2025-01-21,XLP,77.39,77.9,77.31,77.6,74.1089,8849500
2025-01-21,XLE,46.86,47,46.495,46.74,44.3503,49302000
2025-01-21,XLU,39.865,40.22,39.765,40.025,38.1178,21633400
2025-01-21,XLB,44.58,44.855,44.52,44.73,43.3005,10348000
2025-01-21,XLRE,41.26,41.87,41.24,41.83,39.4861,6105700
2025-01-21,SMH,260.8,264.32,258.45,262.39,261.5761,4923000
2025-01-21,IGV,101.48,102.27,100.32,101.95,101.9309,4261700
2025-01-21,XBI,88.68,90.65,88.68,90.51,90.0848,8509700
2025-01-21,GNOM,38.84,40,38.84,39.9,39.3167,17375
2025-01-21,ARKG,24.71,26.06,24.71,25.96,25.96,4511300
2025-01-21,KRE,63.56,64.25,63.32,63.85,61.1511,11819100
2025-01-21,XHB,112.1,113.17,111.23,111.54,109.5539,2190700
2025-01-21,XME,61.05,61.54,60.67,61.21,60.7892,1256300
2025-01-21,URA,28.21,29.19,28.21,29.18,27.8505,4452600
2025-01-21,ITA,153.53,156.91,153.53,156.5,155.123,936800
2025-01-21,PAVE,43.38,43.83,43.33,43.82,43.3401,2080300
2025-01-22,SPY,605.92,607.82,605.36,606.44,594.7557,48196000
2025-01-22,QQQ,529.57,533.82,529.26,531.51,527.0331,33593000
2025-01-22,XLK,119.625,120.975,119.455,120.695,119.5167,10243800
2025-01-22,XLF,50.65,50.66,50.21,50.41,49.1172,37226400
2025-01-22,XLV,141.8,142.63,141.13,142.18,138.0112,8189900
2025-01-22,XLY,115.205,115.695,114.82,115.015,113.3239,4948800
2025-01-22,XLC,99.5,99.81,99.1,99.25,97.1712,5382400
2025-01-22,XLI,141.02,141.17,140.19,140.25,137.2537,7206000
2025-01-22,XLP,77.95,77.95,77.15,77.22,73.746,8357500
2025-01-22,XLE,46.595,46.65,45.86,45.89,43.5437,35880200
2025-01-22,XLU,40.135,40.135,39.14,39.16,37.294,23644800
2025-01-22,XLB,44.78,44.795,44.36,44.37,42.952,11894200
2025-01-22,XLRE,41.75,41.75,41.06,41.1,38.797,5837100
2025-01-22,SMH,266,269.66,265.14,267.17,266.3413,6616500
2025-01-22,IGV,103.73,104.34,103.01,104.11,104.0905,5023400
2025-01-22,XBI,90.52,91.6,90.28,91.21,90.7815,8844900
2025-01-22,GNOM,40,40.724,39.92,40.72,40.1247,16975
2025-01-22,ARKG,26.28,27.32,26.19,27.12,27.12,5618600
2025-01-22,KRE,63.42,63.71,62.73,63.09,60.4232,12433300
2025-01-22,XHB,111.36,111.76,110.76,111.53,109.5441,1304600
2025-01-22,XME,61.53,61.63,60.33,60.42,60.0047,1517100
2025-01-22,URA,29.75,30.9,29.52,30.35,28.9672,6595900
2025-01-22,ITA,156.53,156.53,154.75,155.58,154.2112,813000
2025-01-22,PAVE,43.99,44.045,43.675,43.7,43.2214,1762100
2025-01-23,SPY,605.8,609.75,605.52,609.75,598.0019,41152100
2025-01-23,QQQ,529.04,532.76,528.45,532.64,528.1536,23096600
2025-01-23,XLK,119.765,120.935,119.65,120.91,119.7296,7604400
2025-01-23,XLF,50.49,50.79,50.48,50.7,49.3998,32048800
2025-01-23,XLV,142.57,144.1,141.87,144.08,139.8555,8032900
2025-01-23,XLY,114.845,115.71,114.54,115.71,114.0087,3888800
2025-01-23,XLC,98.63,99.51,98.445,99.51,97.4258,3721300
2025-01-23,XLI,141.14,141.9,140.56,141.67,138.6434,7353400
2025-01-23,XLP,77.11,77.53,76.8,77.5,74.0134,7562500
2025-01-23,XLE,46.24,46.41,45.775,46.1,43.743,29359200
2025-01-23,XLU,39.305,39.63,39.235,39.345,37.4702,21585000
2025-01-23,XLB,44.37,44.615,44.135,44.615,43.1892,8568400
2025-01-23,XLRE,41.19,41.44,40.795,41.43,39.1085,3916200
2025-01-23,SMH,263.02,266.86,261.9,266.85,266.0222,4704900
2025-01-23,IGV,103.35,104.36,103.21,104.29,104.2705,3530800
2025-01-23,XBI,90.87,93.23,89.92,92.98,92.5432,9747100
2025-01-23,GNOM,40.44,41.32,39.8,41.16,40.5582,11475
2025-01-23,ARKG,26.86,27.67,26.17,27.54,27.54,2781000
2025-01-23,KRE,63.16,63.54,62.59,62.86,60.2029,8214300
2025-01-23,XHB,111.14,112.41,110.68,111.91,109.9173,1020500
2025-01-23,XME,59.98,61.07,59.65,60.81,60.392,1892500
2025-01-23,URA,30.35,31.22,30.1,30.98,29.5685,3086200
2025-01-23,ITA,158.02,159.58,156.75,158.5,157.1055,853900
2025-01-23,PAVE,43.71,43.92,43.47,43.81,43.3302,1235300
2025-01-24,SPY,609.81,610.78,606.8,607.97,596.2562,34604700
2025-01-24,QQQ,533.02,533.79,528.15,529.63,525.1689,19878300
2025-01-24,XLK,121.29,121.29,119.265,119.65,118.4819,6607600
2025-01-24,XLF,50.53,50.9,50.48,50.85,49.546,39088700
2025-01-24,XLV,143.44,144.61,143.27,144.31,140.0787,8127900
2025-01-24,XLY,115.735,115.855,114.785,115.005,113.3141,3543400
2025-01-24,XLC,99.69,100.45,99.61,100.41,98.3069,3386700
2025-01-24,XLI,141.6,141.65,140.79,141.07,138.0562,6457700
2025-01-24,XLP,77.47,77.93,77.43,77.9,74.3954,6685300
2025-01-24,XLE,46.165,46.355,45.6,45.655,43.3207,29156800
2025-01-24,XLU,39.285,39.86,39.2,39.745,37.8512,16769600
2025-01-24,XLB,44.815,44.83,44.455,44.5,43.0778,6300000
2025-01-24,XLRE,41.29,41.84,41.26,41.55,39.2218,4038800
2025-01-24,SMH,267.4,267.43,260.62,261.53,260.7188,5119900
2025-01-24,IGV,104.78,104.96,103.57,103.85,103.8305,2380700
2025-01-24,XBI,92.85,93.59,91.75,92.46,92.0256,9262800
2025-01-24,GNOM,41.16,41.44,40.68,40.72,40.1247,7900
2025-01-24,ARKG,27.52,27.85,26.92,27.08,27.08,4343900
2025-01-24,KRE,62.71,63.76,62.37,63.33,60.653,10066800
2025-01-24,XHB,111.98,111.99,110.82,111.17,109.1905,1209800
2025-01-24,XME,61.48,61.71,60.51,60.69,60.2728,1295900
2025-01-24,URA,31.1,31.6,30.45,30.53,29.139,4003200
2025-01-24,ITA,158.18,158.5,156.4,156.72,155.3411,447000
2025-01-24,PAVE,43.87,43.89,43.515,43.69,43.2115,1349000
2025-01-27,SPY,594.81,599.69,594.64,599.37,587.8218,70361100
2025-01-27,QQQ,511,517.99,510.15,514.21,509.8788,60771700
2025-01-27,XLK,114.29,115.49,112.735,113.785,112.6741,20705600
2025-01-27,XLF,50.76,51.44,50.62,51.41,50.0916,61707400
2025-01-27,XLV,145.1,147.58,144.97,147.55,143.2237,12311300
2025-01-27,XLY,113.28,115.71,113.275,115.66,113.9594,7069800
2025-01-27,XLC,98.98,101.24,98.79,100.93,98.816,9407500
2025-01-27,XLI,138.93,139.51,138.5,139.18,136.2066,10909300
2025-01-27,XLP,78.69,80.16,78.68,80.01,76.4105,17519900
2025-01-27,XLE,45.5,45.58,44.865,45.18,42.87,31993400
2025-01-27,XLU,38.945,39.04,37.915,38.825,36.975,42448200
2025-01-27,XLB,44.41,44.565,44.155,44.525,43.102,12938800
2025-01-27,XLRE,41.5,42.005,41.41,41.96,39.6088,11135800
2025-01-27,SMH,242.48,245.08,232.24,235.81,235.0785,21944900
2025-01-27,IGV,100.85,103.74,100.51,102.13,102.1109,10141800
2025-01-27,XBI,92.03,94.43,92.01,92.61,92.1749,10946600
2025-01-27,GNOM,40.16,41.08,40.16,40.4,39.8094,11375
2025-01-27,ARKG,26.25,27.1,26.065,26.56,26.56,4053000
2025-01-27,KRE,63.53,64.49,63.27,64,61.2947,11852400
2025-01-27,XHB,110.45,113.46,110.45,112.45,110.4477,2777100
2025-01-27,XME,59.73,59.73,58.48,58.68,58.2766,1364500
2025-01-27,URA,28.76,28.76,26.93,27.1,25.8653,7226200
2025-01-27,ITA,155.32,156.47,154.1,155.02,153.6561,385000
2025-01-27,PAVE,42.91,42.91,41.86,42.04,41.5796,1787200
2025-01-28,SPY,600.62,605.37,597.25,604.52,592.8727,44433300
2025-01-28,QQQ,515.22,523,511.78,521.81,517.4148,33194200
2025-01-28,XLK,114.555,117.08,113.345,116.82,115.6795,11260600
2025-01-28,XLF,51.35,51.55,51.11,51.32,50.0039,39885300
2025-01-28,XLV,147.54,147.74,146.48,146.52,142.224,9686400
2025-01-28,XLY,115.325,116.12,114.775,115.8,114.0974,5211000
2025-01-28,XLC,101.01,101.787,100.63,101.42,99.2957,5445400
2025-01-28,XLI,139.51,139.63,137.85,138.26,135.3062,8900000
2025-01-28,XLP,79.76,80.1,78.6,78.76,75.2167,11664900
2025-01-28,XLE,45.315,45.475,44.525,44.75,42.462,37401800
2025-01-28,XLU,38.805,38.805,37.95,38.29,36.4655,28540200
2025-01-28,XLB,44.63,44.635,44.28,44.38,42.9617,9287600
2025-01-28,XLRE,41.9,41.9,41.31,41.45,39.1274,4366300
2025-01-28,SMH,237.89,241.03,232.26,240.45,239.7041,11707300
2025-01-28,IGV,102.63,105.57,101.69,104.99,104.9703,13339900
2025-01-28,XBI,92.76,93.62,92.05,93.18,92.7423,9152700
2025-01-28,GNOM,40.6,40.816,40.04,40.532,39.9394,15800
2025-01-28,ARKG,26.62,26.88,26.09,26.66,26.66,1732200
2025-01-28,KRE,63.75,64.31,63.06,63.68,60.9882,7274500
2025-01-28,XHB,112.49,112.49,110.47,110.6,108.6306,1950400
2025-01-28,XME,58.99,59.18,58.36,58.89,58.4852,1233000
2025-01-28,URA,27.46,27.59,26.96,27.58,26.3234,3878400
2025-01-28,ITA,156.74,157.59,154.42,154.93,153.5668,772300
2025-01-28,PAVE,42.25,42.31,41.67,42.03,41.5697,1328800
2025-01-29,SPY,603.72,604.13,599.22,601.81,590.2148,37177400
2025-01-29,QQQ,522.46,522.59,516.9,520.83,516.4431,26649000
2025-01-29,XLK,116.59,116.645,114.745,115.87,114.7388,9050000
2025-01-29,XLF,51.18,51.74,51.17,51.28,49.9649,43612200
2025-01-29,XLV,146.09,146.58,145.3,145.66,141.3892,8159100
2025-01-29,XLY,115.895,116.25,115.09,115.47,113.7722,6538000
2025-01-29,XLC,102.05,102.27,101.59,101.87,99.7363,4797400
2025-01-29,XLI,138.35,139.23,137.71,137.79,134.8463,9100900
2025-01-29,XLP,78.88,79.3,78.81,78.95,75.3982,10195100
2025-01-29,XLE,44.64,45.08,44.575,44.85,42.5569,20681800
2025-01-29,XLU,38.28,38.81,38.24,38.37,36.5417,19130800
2025-01-29,XLB,44.21,44.51,44.19,44.3,42.8842,9020200
2025-01-29,XLRE,41.5,41.58,40.78,40.97,38.6743,3945600
2025-01-29,SMH,242.41,242.45,236.64,239.53,238.787,8366000
2025-01-29,IGV,104.73,104.85,102.8,103.48,103.4606,6310200
2025-01-29,XBI,92.69,93.8,91.88,92.58,92.1451,9893700
2025-01-29,GNOM,40.4,40.644,39.72,40,39.4152,6750
2025-01-29,ARKG,26.65,27.09,25.835,26.23,26.23,3407600
2025-01-29,KRE,63.5,64.67,63.1,63.61,60.9212,8161800
2025-01-29,XHB,110.45,110.97,108.32,108.73,106.7939,2860200
2025-01-29,XME,58.84,59.92,58.84,59.73,59.3194,933100
2025-01-29,URA,27.72,28.45,27.69,28.36,27.0679,2219200
2025-01-29,ITA,155,156.12,153.49,153.96,152.6054,321800
2025-01-29,PAVE,42.08,42.5,41.95,42.06,41.5993,895900
2025-01-30,SPY,603.96,606.6,600.72,605.04,593.3827,39281300
2025-01-30,QQQ,523.71,526.1,518.21,523.05,518.6443,27431300
2025-01-30,XLK,115.665,116.485,114.87,116.085,114.9517,8840200
2025-01-30,XLF,51.75,52.04,51.43,51.77,50.4424,64250500
2025-01-30,XLV,146.25,147.75,146.24,147.34,143.0199,7705200
2025-01-30,XLY,117.005,117.285,115.725,116.6,114.8856,5386400
2025-01-30,XLC,102.39,103.13,101.26,101.97,99.8342,5112700
2025-01-30,XLI,137.59,139.59,137.59,139.33,136.3534,8169600
2025-01-30,XLP,79.34,79.9,79.18,79.73,76.1431,8192000
2025-01-30,XLE,45.125,45.315,44.8,45.08,42.7752,39092600
2025-01-30,XLU,38.815,39.23,38.78,39.17,37.3036,18712600
2025-01-30,XLB,44.21,44.75,44.13,44.72,43.2908,12398200
2025-01-30,XLRE,41.6,41.82,41.144,41.51,39.1841,4481500
2025-01-30,SMH,243.42,245.85,240.67,245.17,244.4095,7676300
2025-01-30,IGV,102.49,103.43,102.03,102.76,102.7407,5830400
2025-01-30,XBI,93.18,94.35,92.57,93.54,93.1006,8348000
2025-01-30,GNOM,40.68,41.24,40.44,40.828,40.2311,15650
2025-01-30,ARKG,26.67,27.613,26.64,27.28,27.28,2327800
2025-01-30,KRE,64.22,65.01,63.67,64.32,61.6012,10865900
2025-01-30,XHB,109.72,111.86,109.01,110.93,108.9547,1729900
2025-01-30,XME,60.13,60.32,59.35,60.08,59.667,1010300
2025-01-30,URA,28.61,29.13,28.58,28.92,27.6024,1819900
2025-01-30,ITA,154.56,157.38,154.39,157.22,155.8367,563000
2025-01-30,PAVE,42.4,42.78,42.26,42.63,42.1631,1029500
2025-01-31,SPY,607.5,609.96,601.05,601.82,590.2248,66566900
2025-01-31,QQQ,526.92,531.52,521.19,522.29,517.8907,38755200
2025-01-31,XLK,117.165,117.865,115.095,115.405,114.2783,10741800
2025-01-31,XLF,51.83,51.97,51.44,51.47,50.1501,40424200
2025-01-31,XLV,147.58,148.59,146.82,146.87,142.5637,9211800
2025-01-31,XLY,116.745,117.925,115.86,116.085,114.3782,5092600
2025-01-31,XLC,102.72,103.505,102.13,102.38,100.2356,9101800
2025-01-31,XLI,139.29,139.74,138.19,138.35,135.3943,10144700
2025-01-31,XLP,79.03,79.57,78.93,78.98,75.4268,10269000
2025-01-31,XLE,44.955,45.055,43.715,43.82,41.5796,44537400
2025-01-31,XLU,39.205,39.24,38.85,38.94,37.0845,19669600
2025-01-31,XLB,44.665,44.8,44.215,44.395,42.9762,13902800
2025-01-31,XLRE,41.38,41.83,41.29,41.42,39.0991,4730300
2025-01-31,SMH,246.17,251.46,242.92,243.62,242.8643,8009900
2025-01-31,IGV,103.84,104.42,102.54,102.89,102.8707,5224500
2025-01-31,XBI,93.87,94.79,92.36,92.67,92.2347,7842300
2025-01-31,GNOM,41.04,41.48,40.44,40.72,40.1247,34025
2025-01-31,ARKG,27.54,27.83,26.6,26.84,26.84,2407500
2025-01-31,KRE,64.44,64.88,63.78,64.16,61.448,13442500
2025-01-31,XHB,110.48,110.61,108.29,108.4,106.4698,2149000
2025-01-31,XME,60.2,60.33,59.01,59.3,58.8924,1468500
2025-01-31,URA,29.08,29.35,28.21,28.31,27.0201,2571500
2025-01-31,ITA,157.62,158.48,156.37,156.58,155.2023,327300
2025-01-31,PAVE,42.73,42.8,42.22,42.29,41.8268,2299700
2025-02-03,SPY,592.67,600.29,590.49,597.77,586.2527,65857200
2025-02-03,QQQ,513.47,520.85,511.05,518.11,513.746,40580800
2025-02-03,XLK,112.85,114.545,112.25,113.85,112.7385,13752800
2025-02-03,XLF,50.75,51.4,50.41,51.26,49.9454,77416200
2025-02-03,XLV,145.98,148.16,145.94,147.44,143.117,13001500
2025-02-03,XLY,113.57,115.045,112.605,114.55,112.8658,7460000
2025-02-03,XLC,101.12,103.065,101.11,102.6,100.451,7196700
2025-02-03,XLI,135.93,137.97,135.33,136.98,134.0536,13906700
2025-02-03,XLP,78.41,79.45,78.23,79.29,75.7229,13340800
2025-02-03,XLE,43.815,44.275,43.415,44.095,41.8405,39816400
2025-02-03,XLU,38.425,39.295,38.365,39.15,37.2845,28118800
2025-02-03,XLB,43.945,44.57,43.465,44.44,43.0198,21249600
2025-02-03,XLRE,41.08,41.51,40.68,41.35,39.033,7439600
2025-02-03,SMH,235.97,241.64,235.12,238.78,238.0393,7479600
2025-02-03,IGV,100.72,103.03,100.18,102.49,102.4708,12185800
2025-02-03,XBI,90.58,92.54,90.46,91.42,90.9905,9024300
2025-02-03,GNOM,39.76,40.2,39.264,39.912,39.3285,17450
2025-02-03,ARKG,25.86,26.75,25.57,26.57,26.57,2901000
2025-02-03,KRE,62.3,63.54,61.8,62.83,60.1742,13678500
2025-02-03,XHB,106.06,106.75,104.31,105.69,103.808,3042100
2025-02-03,XME,58.68,59.76,58.42,58.83,58.4256,1409400
2025-02-03,URA,27.6,28.42,27.21,27.99,26.7147,2936500
2025-02-03,ITA,154.48,157.46,154.08,156.79,155.4105,731100
2025-02-03,PAVE,41.51,42.01,41.12,41.67,41.2136,3011000
2025-02-04,SPY,597.83,602.3,597.28,601.78,590.1855,33457800
2025-02-04,QQQ,518.63,525.11,518.23,524.47,520.0524,26046800
2025-02-04,XLK,114.24,115.67,114.2,115.49,114.3625,8371200
2025-02-04,XLF,51.32,51.39,51,51.14,49.8285,41742700
2025-02-04,XLV,145.82,147.2,145.59,147.04,142.7287,11762000
2025-02-04,XLY,114.62,116.015,114.605,115.9,114.1959,3987000
2025-02-04,XLC,103.07,103.681,102.77,103.52,101.3518,5543600
2025-02-04,XLI,137.11,137.75,136.72,137.02,134.0927,7577200
2025-02-04,XLP,79.02,79.1,78.3,78.62,75.083,9307500
2025-02-04,XLE,43.89,45.115,43.815,45.02,42.7182,40279800
2025-02-04,XLU,38.925,38.99,38.415,38.805,36.9559,20498200
2025-02-04,XLB,44.585,44.755,44.445,44.57,43.1456,19718400
2025-02-04,XLRE,41.07,41.457,40.92,41.35,39.033,4559300
2025-02-04,SMH,238.81,242.62,238.58,241.47,240.721,4579000
2025-02-04,IGV,104.11,104.83,103.51,104.31,104.2904,8319500
2025-02-04,XBI,91.2,93.19,91.07,92.57,92.1351,8870600
2025-02-04,GNOM,39.88,40.4,39.58,39.9,39.3167,13025
2025-02-04,ARKG,26.71,27.25,26.42,26.86,26.86,1428400
2025-02-04,KRE,62.76,64.29,62.7,64.05,61.3426,10220800
2025-02-04,XHB,105.71,107.11,105.43,106.51,104.6134,1458600
2025-02-04,XME,59.31,60.5,59.29,60.43,60.0146,1488000
2025-02-04,URA,28.45,29.05,28.34,28.91,27.5928,1974800
2025-02-04,ITA,156.5,157.29,155.24,155.83,154.4589,342800
2025-02-04,PAVE,41.77,41.939,41.58,41.7,41.2433,1054800
2025-02-05,SPY,600.64,604.37,598.58,604.22,592.5784,30653100
2025-02-05,QQQ,521.82,527.01,520.62,526.85,522.4123,21134100
2025-02-05,XLK,115.595,117.12,115.23,117.095,115.9518,5398000
2025-02-05,XLF,51.36,51.69,51.14,51.68,50.3547,34758600
2025-02-05,XLV,147.4,148.72,147.1,148.45,144.0974,10042300
2025-02-05,XLY,115.155,115.44,114.315,114.585,112.9002,5902800
2025-02-05,XLC,102.27,102.54,101.555,102.52,100.3727,6058900
2025-02-05,XLI,137.5,137.74,136.16,137.12,134.1906,8179200
2025-02-05,XLP,78.61,79.13,78.19,79.11,75.551,8847800
2025-02-05,XLE,45.005,45.18,44.755,45.115,42.8084,21772000
2025-02-05,XLU,39.19,39.46,38.87,39.195,37.3274,15992600
2025-02-05,XLB,44.38,44.75,44.235,44.535,43.1117,14194200
2025-02-05,XLRE,41.83,42.105,41.41,42,39.6466,4356900
2025-02-05,SMH,242.12,247.5,240.4,247.14,246.3734,4811100
2025-02-05,IGV,104.38,105.04,103.58,104.97,104.9503,3206000
2025-02-05,XBI,92.95,94.9,92.88,94.7,94.2551,8222900
2025-02-05,GNOM,40.12,41,40.12,41,40.4006,14725
2025-02-05,ARKG,27,28.305,27,28.14,28.14,4181500
2025-02-05,KRE,64.45,64.75,63.7,64.75,62.013,6928700
2025-02-05,XHB,108.36,108.48,106.89,107.65,105.7331,2411200
2025-02-05,XME,60.52,61.05,60.37,60.98,60.5608,1139400
2025-02-05,URA,28.84,29.27,28.61,28.98,27.6596,1889600
2025-02-05,ITA,156.7,157.58,155.94,157.32,155.9358,205600
2025-02-05,PAVE,41.79,41.96,41.49,41.83,41.3719,885600
2025-02-06,SPY,605.99,606.45,602.63,606.32,594.6379,35771500
2025-02-06,QQQ,527.36,529.81,525.74,529.6,525.1391,19434500
2025-02-06,XLK,117.095,117.655,116.575,117.415,116.2687,6808000
2025-02-06,XLF,51.98,52.13,51.76,52.11,50.7736,34355900
2025-02-06,XLV,148.15,148.46,146.9,147.12,142.8064,12422100
2025-02-06,XLY,114.91,115.345,114.335,115.04,113.3486,6045800
2025-02-06,XLC,102.61,103.01,102.26,102.96,100.8035,2892000
2025-02-06,XLI,137.39,137.88,136.79,137.74,134.7973,7368300
2025-02-06,XLP,80.15,80.17,79.22,79.47,75.8948,9846300
2025-02-06,XLE,45.32,45.43,44.045,44.285,42.0208,41309600
2025-02-06,XLU,39.365,39.365,38.87,39.15,37.2845,12820800
2025-02-06,XLB,44.565,44.805,44.34,44.69,43.2618,15303000
2025-02-06,XLRE,42.24,42.25,41.82,42.12,39.7599,3680600
2025-02-06,SMH,247.18,248.43,245.61,248.35,247.5796,4877200
2025-02-06,IGV,105.07,105.76,104.48,105.24,105.2203,4742000
2025-02-06,XBI,94.59,94.68,93.28,93.37,92.9314,6611300
2025-02-06,GNOM,41.08,41.2,40.24,40.324,39.7345,29550
2025-02-06,ARKG,28.41,28.47,27.28,27.37,27.37,2375400
2025-02-06,KRE,65.01,65.57,64.57,65.5,62.7313,7723800
2025-02-06,XHB,108.05,108.64,106.86,107.55,105.6349,1929900
2025-02-06,XME,61.34,61.54,60.12,60.64,60.2231,1215500
2025-02-06,URA,28.98,29.16,28.11,28.36,27.0679,1873900
2025-02-06,ITA,157.41,157.65,155.15,157.03,155.6484,348100
2025-02-06,PAVE,42.06,42.185,41.76,42.1,41.6389,885300
2025-02-07,SPY,606.89,608.13,600.05,600.77,589.1949,50788500
2025-02-07,QQQ,530.14,532.1,522.19,522.92,518.5154,29605500
2025-02-07,XLK,117.89,118.455,116.02,116.41,115.2735,8552800
2025-02-07,XLF,52.17,52.26,51.78,51.82,50.4911,40601400
2025-02-07,XLV,147.33,147.92,146.32,146.43,142.1366,11199700
2025-02-07,XLY,114.26,115.13,112.7,112.79,111.1316,5536400
2025-02-07,XLC,103.5,103.84,102.6,102.74,100.5881,3142800
2025-02-07,XLI,138.37,138.54,137.05,137.33,134.3961,10408900
2025-02-07,XLP,79.49,79.68,79.12,79.35,75.7802,8104000
2025-02-07,XLE,44.45,44.685,44.22,44.28,42.0161,22568400
2025-02-07,XLU,39.14,39.415,39.025,39.07,37.2083,14330400
2025-02-07,XLB,44.575,44.645,44.1,44.145,42.7342,13545600
2025-02-07,XLRE,42.23,42.265,41.78,41.97,39.6183,5337100
2025-02-07,SMH,249.56,250.65,243.48,245,244.24,7258900
2025-02-07,IGV,105.98,106.83,104.53,104.62,104.6004,5370700
2025-02-07,XBI,92.93,93.6,90.96,91.24,90.8114,11884700
2025-02-07,GNOM,40.2,40.4,39.16,39.308,38.7333,19825
2025-02-07,ARKG,27.35,27.78,26.64,26.99,26.99,2818500
2025-02-07,KRE,65.45,65.5,63.97,64.63,61.8981,11858700
2025-02-07,XHB,107.58,107.72,104.42,104.89,103.0223,3188900
2025-02-07,XME,61.29,61.89,60.11,60.25,59.8358,2160200
2025-02-07,URA,28.7,29.7,28.56,29.1,27.7742,1896400
2025-02-07,ITA,157.83,157.93,156.01,156.45,155.0735,933400
2025-02-07,PAVE,42.23,42.44,41.582,41.71,41.2532,2452300
2025-02-10,SPY,604.03,605.5,602.74,604.85,593.1963,26048700
2025-02-10,QQQ,527.22,530.36,526.75,529.25,524.7921,20852800
2025-02-10,XLK,117.33,118.405,117.295,118.11,116.9569,6054200
2025-02-10,XLF,51.91,51.98,51.19,51.41,50.0916,37921500
2025-02-10,XLV,146.6,146.65,145.46,146.3,142.0104,7374300
2025-02-10,XLY,113.24,113.785,112.72,113.175,111.511,5963800
2025-02-10,XLC,103.62,103.63,102.8,103.2,101.0385,3042100
2025-02-10,XLI,138.22,138.61,137.63,138.56,135.5998,5446400
2025-02-10,XLP,79.56,79.85,79.06,79.84,76.2481,7949600
2025-02-10,XLE,44.675,45.33,44.675,45.255,42.9412,25871400
2025-02-10,XLU,39.18,39.51,38.965,39.495,37.6131,10664200
2025-02-10,XLB,44.465,44.515,44.135,44.37,42.952,8950400
2025-02-10,XLRE,42.06,42.095,41.645,42.03,39.6749,3907600
2025-02-10,SMH,247,250.29,247,249.62,248.8457,4231300
2025-02-10,IGV,105.71,106.77,105.36,106.4,106.3801,4192800
2025-02-10,XBI,91.84,91.84,90.11,90.34,89.9156,8979600
2025-02-10,GNOM,39.4,39.4,38.368,38.56,37.9963,15850
2025-02-10,ARKG,27.13,27.13,26.09,26.48,26.48,2663800
2025-02-10,KRE,64.67,64.76,63.82,63.88,61.1798,9476600
2025-02-10,XHB,105.82,106.27,105.28,106.11,104.2206,1731500
2025-02-10,XME,62.14,62.85,62.01,62.54,62.1101,4774800
2025-02-10,URA,29.42,29.67,29.01,29.1,27.7742,1743700
2025-02-10,ITA,157.3,157.3,156.15,157.18,155.7971,366700
2025-02-10,PAVE,42.14,42.23,41.86,42.12,41.6587,764200
2025-02-11,SPY,602.55,605.86,602.43,605.31,593.6475,30056700
2025-02-11,QQQ,525.96,529.92,525.83,527.99,523.5427,19325500
2025-02-11,XLK,117.455,118.64,117.375,118.165,117.0114,6456200
2025-02-11,XLF,51.33,51.64,51.02,51.54,50.2183,45162900
2025-02-11,XLV,145.88,146.32,145.44,146.03,141.7483,6634900
2025-02-11,XLY,112.455,112.77,111.615,111.89,110.2449,5538200
2025-02-11,XLC,102.66,103.5,102.59,103.37,101.2049,2564500
2025-02-11,XLI,138.1,138.68,137.7,138.61,135.6487,5787700
2025-02-11,XLP,79.96,80.63,79.67,80.61,76.9835,9157100
2025-02-11,XLE,45.47,45.925,45.18,45.62,43.2875,26226800
2025-02-11,XLU,39.34,39.715,39.01,39.695,37.8035,10835600
2025-02-11,XLB,44.51,44.915,44.445,44.63,43.2037,9441800
2025-02-11,XLRE,41.83,42.27,41.765,42.26,39.892,3276300
2025-02-11,SMH,247.7,251.04,247.41,249.87,249.0949,3134900
2025-02-11,IGV,105.97,106.5,104.77,105.32,105.3003,3085800
2025-02-11,XBI,89.43,89.66,88.55,89.05,88.6317,8781400
2025-02-11,GNOM,38.28,38.34,37.64,37.84,37.2868,11575
2025-02-11,ARKG,26.16,26.86,25.741,26.16,26.16,2189800
2025-02-11,KRE,63.5,64.97,63.32,64.93,62.1854,9398300
2025-02-11,XHB,105.42,106.93,105.42,106.45,104.5545,1430500
2025-02-11,XME,62.5,62.86,62.02,62.07,61.6433,1820900
2025-02-11,URA,28.9,29.27,28.6,28.6,27.2969,1593800
2025-02-11,ITA,156.68,157.56,155.8,157.48,156.0944,498700
2025-02-11,PAVE,41.93,42.213,41.87,42.1,41.6389,1085000
2025-02-12,SPY,599.2,604.55,598.51,603.36,591.735,45076100
2025-02-12,QQQ,522.3,529.19,521.95,528.3,523.8501,25009400
2025-02-12,XLK,116.5,118.05,116.37,117.91,116.7589,8555600
2025-02-12,XLF,51.28,51.38,50.92,51.36,50.0429,45473100
2025-02-12,XLV,145.68,146.61,145.37,145.82,141.5445,7572200
2025-02-12,XLY,111.055,112.45,110.76,111.87,110.2252,7903000
2025-02-12,XLC,102.64,103.73,102.46,103.48,101.3126,5391900
2025-02-12,XLI,136.63,138.24,136.41,137.75,134.8071,7694300
2025-02-12,XLP,79.92,80.65,79.87,80.55,76.9262,10564000
2025-02-12,XLE,45.245,45.555,44.44,44.52,42.2438,38798800
2025-02-12,XLU,39.185,39.72,39.01,39.625,37.7369,14888800
2025-02-12,XLB,44.03,44.535,43.88,44.31,42.8939,11027200
2025-02-12,XLRE,41.43,42.05,41.43,41.9,39.5522,6834300
2025-02-12,SMH,245.7,248.74,244.54,248.51,247.7391,4212800
2025-02-12,IGV,103.76,105.23,103.5,104.96,104.9403,8844100
2025-02-12,XBI,88.06,90.02,87.9,89.97,89.5473,10824600
2025-02-12,GNOM,37.64,38.4,37.6,38.312,37.7519,15200
2025-02-12,ARKG,25.75,26.79,25.61,26.78,26.78,3229600
2025-02-12,KRE,63.8,64.17,63.38,63.41,60.7297,12050500
2025-02-12,XHB,103.97,104.94,103.27,104.89,103.0223,3300500
2025-02-12,XME,61.44,62.5,61.24,61.6,61.1766,1530600
2025-02-12,URA,28.18,29.42,28.14,28.94,27.6214,1942400
2025-02-12,ITA,156.2,157.37,155.59,156.41,155.0338,438000
2025-02-12,PAVE,41.48,41.79,41.18,41.54,41.085,1097700
2025-02-13,SPY,604.48,609.94,603.2,609.73,597.9822,40921300
2025-02-13,QQQ,529.98,536.22,529.19,535.9,531.3862,28714800
2025-02-13,XLK,118.12,119.655,117.955,119.58,118.4126,7829600
2025-02-13,XLF,51.5,51.77,51.28,51.7,50.3742,36372200
2025-02-13,XLV,146.11,146.71,145.16,146.39,142.0978,6293100
2025-02-13,XLY,112.595,113.665,112.395,113.55,111.8805,6484400
2025-02-13,XLC,103.47,104.73,103.34,104.67,102.4777,2833500
2025-02-13,XLI,137.74,138.25,137.31,137.89,134.9441,8539100
2025-02-13,XLP,80.76,81.49,80.54,81.42,77.757,10132300
2025-02-13,XLE,44.45,44.955,44.16,44.855,42.5617,31550400
2025-02-13,XLU,39.7,39.79,39.47,39.715,37.8226,17020800
2025-02-13,XLB,44.555,45.135,44.495,45.08,43.6393,10430600
2025-02-13,XLRE,41.81,42.34,41.67,42.23,39.8637,7069100
2025-02-13,SMH,248,252.09,247.79,251.92,251.1385,4486100
2025-02-13,IGV,106,106.75,105.35,106.67,106.65,4198000
2025-02-13,XBI,90.29,90.9,89.19,90.77,90.3436,7275300
2025-02-13,GNOM,38.6,38.84,38,38.74,38.1736,11375
2025-02-13,ARKG,27,27.685,26.499,27.66,27.66,2787500
2025-02-13,KRE,63.54,63.73,63.02,63.69,60.9978,8818400
2025-02-13,XHB,105.76,106.12,104.98,105.99,104.1027,1973400
2025-02-13,XME,61.96,62.65,61.48,62.59,62.1598,1715400
2025-02-13,URA,28.95,29.04,28.46,28.96,27.6405,1418900
2025-02-13,ITA,156.73,157.46,154.69,155.05,153.6858,930300
2025-02-13,PAVE,41.66,41.84,41.428,41.79,41.3323,880300
2025-02-14,SPY,609.94,610.99,609.07,609.7,597.9529,26910400
2025-02-14,QQQ,536.01,538.84,535.67,538.15,533.6171,17862600
2025-02-14,XLK,119.48,120.085,119.26,119.985,118.8136,4557000
2025-02-14,XLF,51.77,52.02,51.75,51.8,50.4716,29574300
2025-02-14,XLV,146.5,146.7,144.8,144.8,140.5544,5299200
2025-02-14,XLY,114.36,114.46,113.11,113.5,111.8312,3425600
2025-02-14,XLC,104.68,105.58,104.59,105.31,103.1043,3425200
2025-02-14,XLI,138.08,138.25,137.39,137.55,134.6114,5800000
2025-02-14,XLP,81.38,81.43,80.59,80.61,76.9835,10470300
2025-02-14,XLE,45.025,45.665,45.025,45.035,42.7325,25885800
2025-02-14,XLU,39.695,40.015,39.525,39.55,37.6655,13972000
2025-02-14,XLB,45.21,45.435,44.915,44.925,43.4893,9631400
2025-02-14,XLRE,42.35,42.49,42.05,42.06,39.7032,4528100
2025-02-14,SMH,252,253.22,250.63,252.58,251.7965,4279500
2025-02-14,IGV,106.5,106.84,105.67,106.76,106.74,3288900
2025-02-14,XBI,91.24,92.62,90.67,91.41,90.9806,10421300
2025-02-14,GNOM,39,40.08,39,39.64,39.0605,17600
2025-02-14,ARKG,28.29,29.725,28.27,29.42,29.42,6746000
2025-02-14,KRE,63.77,64.68,63.68,63.89,61.1894,7019500
2025-02-14,XHB,106.69,108.07,106.38,106.7,104.8001,1554800
2025-02-14,XME,62.83,62.87,60.96,60.99,60.5708,1770600
2025-02-14,URA,28.96,28.99,27.96,28.03,26.7529,2282600
2025-02-14,ITA,155.23,155.23,152.57,153.55,152.199,693700
2025-02-14,PAVE,41.94,42.1,41.805,41.92,41.4609,3801900
2025-02-18,SPY,610.88,611.49,608.38,611.49,599.7084,26749000
2025-02-18,QQQ,539.73,540,536.04,539.37,534.8268,20565000
2025-02-18,XLK,120.605,121.095,120.045,121.08,119.8979,6024000
2025-02-18,XLF,51.88,52.2,51.75,52.17,50.8321,33496800
2025-02-18,XLV,143.92,144.89,143.84,144.52,140.2826,11366800
2025-02-18,XLY,113.47,113.62,112.46,113.185,111.5208,7567200
2025-02-18,XLC,105.26,105.33,104.112,104.82,102.6245,3447900
2025-02-18,XLI,138.02,138.89,137.88,138.63,135.6683,7226600
2025-02-18,XLP,80.35,80.92,79.9,80.9,77.2604,10432400
2025-02-18,XLE,45.25,45.95,44.99,45.65,43.316,29574800
2025-02-18,XLU,39.715,39.985,39.58,39.92,38.0178,15509000
2025-02-18,XLB,45.05,45.495,44.775,45.495,44.041,7115800
2025-02-18,XLRE,41.95,42.385,41.92,42.21,39.8448,5622200
2025-02-18,SMH,254.72,257.2,253.34,256.22,255.4252,6361400
2025-02-18,IGV,107.3,107.86,106.29,107.83,107.8098,5855500
2025-02-18,XBI,91.84,93.12,90.97,91.33,90.901,9041200
2025-02-18,GNOM,39.96,40.8,39.8,40.06,39.4743,15200
2025-02-18,ARKG,30.48,31.16,29.1,29.47,29.47,6212200
2025-02-18,KRE,63.87,64.63,63.65,64.46,61.7353,9812300
2025-02-18,XHB,106.28,106.28,104.7,105.48,103.6018,1458500
2025-02-18,XME,61.53,62.07,60.72,61.89,61.4646,2581100
2025-02-18,URA,28.3,28.33,27.82,28.2,26.9152,1797000
2025-02-18,ITA,154.95,156.08,154.43,154.74,153.3785,1382700
2025-02-18,PAVE,42.19,42.395,41.95,42.34,41.8763,1371900
2025-02-19,SPY,610.08,613.23,609.56,612.93,601.1206,31011100
2025-02-19,QQQ,538.57,540.81,536.46,539.52,534.9756,19666900
2025-02-19,XLK,120.945,121.57,120.1,121.09,119.9078,5604200
2025-02-19,XLF,52.04,52.25,51.9,52.19,50.8516,31748500
2025-02-19,XLV,144.53,146.44,144.5,146.4,142.1075,6295900
2025-02-19,XLY,112.66,113.18,112.44,113.12,111.4568,3996400
2025-02-19,XLC,104.57,105.03,104.17,104.94,102.742,3469000
2025-02-19,XLI,138.29,139.08,138.07,138.77,135.8053,9454100
2025-02-19,XLP,81.09,81.58,80.89,81.55,77.8812,6450800
2025-02-19,XLE,45.84,46.44,45.815,46.01,43.6576,24531200
2025-02-19,XLU,39.875,40.25,39.835,40.13,38.2178,12513200
2025-02-19,XLB,44.945,45.1,44.805,44.96,43.5231,7608000
2025-02-19,XLRE,42.03,42.387,41.965,42.29,39.9204,4405400
2025-02-19,SMH,255.98,258.38,253.88,257.34,256.5417,3025400
2025-02-19,IGV,107.56,107.63,105.57,105.94,105.9201,6146500
2025-02-19,XBI,91.1,92.72,91.03,92.53,92.0953,8159900
2025-02-19,GNOM,40,40.84,39.92,40.68,40.0853,23750
2025-02-19,ARKG,29.62,30.415,29.41,29.81,29.81,2971900
2025-02-19,KRE,63.85,64.53,63.68,64.22,61.5054,6812000
2025-02-19,XHB,103.8,104.44,102.94,104.11,102.2562,2401200
2025-02-19,XME,61.42,61.42,60.65,61.03,60.6105,1843400
2025-02-19,URA,27.94,27.95,27.13,27.38,26.1325,2459400
2025-02-19,ITA,154.92,155.82,154.05,154.37,153.0118,658400
2025-02-19,PAVE,42.06,42.165,41.88,42.06,41.5993,1042000
2025-02-20,SPY,611.54,611.68,607.02,610.38,598.6197,36554000
2025-02-20,QQQ,538.73,539.1,532.46,537.23,532.7049,26550800
2025-02-20,XLK,120.975,121.135,119.43,120.705,119.5266,5987400
2025-02-20,XLF,52.11,52.15,51.04,51.39,50.0721,47078900
2025-02-20,XLV,146.19,147.3,146.1,147.22,142.9034,6264800
2025-02-20,XLY,112.81,112.81,111.285,112.145,110.4961,4732400
2025-02-20,XLC,104.69,104.71,103.77,104.45,102.2623,2984900
2025-02-20,XLI,138.61,138.63,136.87,137.86,134.9148,9306700
2025-02-20,XLP,80.56,81.23,80.43,81.23,77.5756,14264000
2025-02-20,XLE,45.915,46.51,45.72,46.43,44.0561,28332200
2025-02-20,XLU,40,40.22,39.645,40.125,38.213,17390800
2025-02-20,XLB,44.84,45.015,44.565,44.855,43.4215,9868600
2025-02-20,XLRE,42.29,42.65,42.055,42.58,40.1941,3947300
2025-02-20,SMH,258.07,259.63,254.92,257.8,257.0003,4401700
2025-02-20,IGV,105.25,105.31,102.49,104,103.9805,12498300
2025-02-20,XBI,92.51,92.89,91.48,92.72,92.2844,6885800
2025-02-20,GNOM,40.72,40.84,40.08,40.172,39.5847,33125
2025-02-20,ARKG,29.56,29.66,28.14,28.56,28.56,4599600
2025-02-20,KRE,63.97,64.27,62.43,63.06,60.3945,12905200
2025-02-20,XHB,103.63,104.22,103.07,103.97,102.1187,1609300
2025-02-20,XME,61.07,61.94,60.9,61.24,60.819,774200
2025-02-20,URA,27.54,27.73,27.02,27.25,26.0084,2253900
2025-02-20,ITA,153.58,154.1,151.22,152.92,151.5745,620100
2025-02-20,PAVE,42.1,42.14,41.31,41.62,41.1642,902200
2025-02-21,SPY,610.16,610.3,599.47,599.94,588.3809,76519800
2025-02-21,QQQ,538.38,538.4,525.71,526.08,521.6487,47093800
2025-02-21,XLK,120.74,120.79,117.375,117.435,116.2885,9057600
2025-02-21,XLF,51.41,51.5,50.65,50.75,49.4485,51789900
2025-02-21,XLV,145.48,147.14,145.34,146.43,142.1366,8647000
2025-02-21,XLY,112.41,112.445,108.76,109.195,107.5895,9043000
2025-02-21,XLC,104.74,104.83,102.93,103.02,100.8622,3639600
2025-02-21,XLI,138,138,134.31,134.84,131.9593,14561200
2025-02-21,XLP,81.23,82.25,80.98,82.18,78.4829,18203300
2025-02-21,XLE,46.15,46.275,45.44,45.465,43.1405,31276600
2025-02-21,XLU,40.13,40.265,39.94,40.135,38.2226,15547400
2025-02-21,XLB,44.945,44.95,43.985,44.035,42.6277,9954000
2025-02-21,XLRE,42.59,42.65,42.02,42.23,39.8637,5072100
2025-02-21,SMH,258.35,258.7,249.19,249.99,249.2146,7578500
2025-02-21,IGV,104.17,104.26,100.3,100.45,100.4312,6026700
2025-02-21,XBI,93.5,93.86,91.54,91.7,91.2692,8783400
2025-02-21,GNOM,40.52,40.72,39.268,39.32,38.7451,23000
2025-02-21,ARKG,28.82,28.91,26.855,26.94,26.94,3441300
2025-02-21,KRE,63.51,63.66,61.3,61.42,58.8238,20368300
2025-02-21,XHB,105.18,105.39,100.52,101.11,99.3096,2565500
2025-02-21,XME,61.48,61.48,58.45,58.65,58.2468,2348500
2025-02-21,URA,27.2,27.22,25.9,26.06,24.8727,4395300
2025-02-21,ITA,153.01,153.53,148.61,149.35,148.0359,601800
2025-02-21,PAVE,41.84,41.85,40.31,40.45,40.007,1354700
2025-02-24,SPY,602.02,603.03,596.49,597.21,585.7036,50737200
2025-02-24,QQQ,527.88,529.07,519.53,519.87,515.4911,39268400
2025-02-24,XLK,117.89,118.22,115.61,115.755,114.6249,7447600
2025-02-24,XLF,50.99,51.41,50.68,50.97,49.6629,56673900
2025-02-24,XLV,146.59,148.22,146.27,147.62,143.2917,7559400
2025-02-24,XLY,109.685,109.845,108.33,108.785,107.1855,5953400
2025-02-24,XLC,103.66,103.955,102.72,103.22,101.0581,5415600
2025-02-24,XLI,135.36,135.6,134.05,134.23,131.3623,10876100
2025-02-24,XLP,81.85,82.81,81.81,82.43,78.7216,14114200
2025-02-24,XLE,45.545,45.72,45.235,45.475,43.15,26295200
2025-02-24,XLU,40.25,40.255,39.755,39.935,38.0321,14974000
2025-02-24,XLB,44.145,44.24,43.86,43.985,42.5793,9454200
2025-02-24,XLRE,42.3,42.645,42.07,42.42,40.0431,4435200
2025-02-24,SMH,251.3,252.06,243.28,243.42,242.6649,7518000
2025-02-24,IGV,100.8,100.83,97.57,99.2,99.1814,9808900
2025-02-24,XBI,91.44,91.64,89.74,90.11,89.6867,8647800
2025-02-24,GNOM,39.28,39.28,38.532,38.72,38.1539,29275
2025-02-24,ARKG,26.99,27.26,26,26.49,26.49,2736600
2025-02-24,KRE,61.95,61.95,60.74,60.97,58.3928,12768100
2025-02-24,XHB,101.52,101.6,99.99,100.58,98.789,4751800
2025-02-24,XME,59.08,59.33,58.23,58.76,58.3561,1085100
2025-02-24,URA,25.92,26.08,25.26,25.66,24.4909,3076700
2025-02-24,ITA,150.71,151.14,148.72,149.59,148.2738,552800
2025-02-24,PAVE,40.65,40.65,39.97,40.04,39.6015,1209100
2025-02-25,SPY,597.15,597.89,589.56,594.24,582.7906,58266500
2025-02-25,QQQ,519.24,519.32,509.44,513.32,508.9963,48940000
2025-02-25,XLK,115.51,115.615,113.475,114.255,113.1396,10433600
2025-02-25,XLF,51.27,51.41,50.31,50.96,49.6531,50132800
2025-02-25,XLV,147.9,149.09,147.41,148.89,144.5245,11981300
2025-02-25,XLY,108.725,108.975,106.705,108.215,106.6239,8006400
2025-02-25,XLC,103.24,103.32,101.14,101.69,99.5601,6021500
2025-02-25,XLI,134.24,135.4,133.49,134.92,132.0376,9898500
2025-02-25,XLP,82.69,83.88,82.69,83.6,79.839,18198000
2025-02-25,XLE,45.465,45.675,44.455,44.82,42.5285,26608600
2025-02-25,XLU,39.7,39.815,39.16,39.735,37.8416,21837800
2025-02-25,XLB,44.015,44.465,43.975,44.325,42.9084,9281200
2025-02-25,XLRE,42.56,43.08,42.55,42.87,40.4679,5698200
2025-02-25,SMH,242.71,243.78,237.34,238.25,237.511,7658600
2025-02-25,IGV,98.65,98.75,96.18,97.59,97.5717,11567100
2025-02-25,XBI,89.98,90.14,87.68,88.69,88.2734,10912700
2025-02-25,GNOM,38.4,38.54,37.16,37.54,36.9912,27850
2025-02-25,ARKG,25.935,26.18,24.57,25.14,25.14,6206600
2025-02-25,KRE,61.38,61.87,60.61,61.01,58.4311,13702600
2025-02-25,XHB,101.06,104.02,101.02,103.34,101.4999,3273600
2025-02-25,XME,58.53,58.63,57.28,58.16,57.7602,1383600
2025-02-25,URA,25.58,25.58,24.66,25.18,24.0328,8187500
2025-02-25,ITA,149.45,151.13,148.47,150.45,149.1263,471300
2025-02-25,PAVE,39.86,40.21,39.38,39.97,39.5322,1988900
2025-02-26,SPY,595.93,599.58,591.86,594.54,583.0849,43321600
2025-02-26,QQQ,515.53,519.66,511.37,514.56,510.2259,34457600
2025-02-26,XLK,115.375,116.59,114.615,115.5,114.3724,7630600
2025-02-26,XLF,50.97,51.32,50.75,50.85,49.546,31250500
2025-02-26,XLV,148.31,148.95,147.35,147.82,143.4858,6566800
2025-02-26,XLY,108.945,109.555,107.54,107.77,106.1854,6143600
2025-02-26,XLC,101.56,102.61,101.27,101.51,99.3839,5079500
2025-02-26,XLI,135.61,136.36,134.82,135,132.1159,8330400
2025-02-26,XLP,83.28,83.36,81.85,82,78.311,19969500
2025-02-26,XLE,44.875,44.995,44.36,44.565,42.2865,24305600
2025-02-26,XLU,39.81,40.25,39.68,39.9,37.9988,15421800
2025-02-26,XLB,44.485,44.72,44.26,44.305,42.8891,7965000
2025-02-26,XLRE,42.95,43.045,42.535,42.66,40.2696,5472200
2025-02-26,SMH,241.6,246.12,240.9,243.82,243.0637,6675900
2025-02-26,IGV,98.82,99.95,98.27,98.95,98.9314,8719000
2025-02-26,XBI,88.94,89.83,87.84,88.25,87.8354,7271500
2025-02-26,GNOM,37.76,38.36,37.44,37.72,37.1685,12000
2025-02-26,ARKG,25.535,26.31,25.31,25.63,25.63,2557100
2025-02-26,KRE,61.27,61.82,60.67,61.17,58.5843,9547900
2025-02-26,XHB,103.83,103.96,102.25,102.37,100.5472,1674300
2025-02-26,XME,58.7,59.61,58.12,58.24,57.8397,1025300
2025-02-26,URA,25.41,26.08,25.38,25.71,24.5386,3042200
2025-02-26,ITA,152,153.11,150.78,151.14,149.8102,348500
2025-02-26,PAVE,40.24,40.67,40.07,40.18,39.7399,713000
2025-02-27,SPY,596.85,598.02,584.65,585.05,573.7778,74196700
2025-02-27,QQQ,518.13,519.07,500.05,500.27,496.0562,52448000
2025-02-27,XLK,116.13,116.25,111.245,111.295,110.2085,10100000
2025-02-27,XLF,51.03,51.8,50.99,51.13,49.8188,44378600
2025-02-27,XLV,147.55,148.91,147.16,147.22,142.9034,7377000
2025-02-27,XLY,108.27,108.57,106.13,106.215,104.6533,6799000
2025-02-27,XLC,102.18,102.6,100.475,100.53,98.4244,3727300
2025-02-27,XLI,135.31,136.43,134.35,134.53,131.6559,9624600
2025-02-27,XLP,81.64,82.43,81.62,81.99,78.3014,16613700
2025-02-27,XLE,44.875,45.355,44.49,44.805,42.5142,30048000
2025-02-27,XLU,39.79,39.88,38.975,39.015,37.1559,25074600
2025-02-27,XLB,44.325,44.605,43.975,44.005,42.5987,7089000
2025-02-27,XLRE,42.67,43.08,42.59,42.85,40.449,4040600
2025-02-27,SMH,246.07,246.38,228.7,228.79,228.0803,10520600
2025-02-27,IGV,99.77,99.99,96.28,96.33,96.3119,5174000
2025-02-27,XBI,88.31,89.74,87.04,87.1,86.6908,8172700
2025-02-27,GNOM,37.6,37.96,36.6,36.636,36.1004,8800
2025-02-27,ARKG,25.935,26,24.52,24.54,24.54,3389700
2025-02-27,KRE,61.36,62.07,60.98,61.26,58.6705,10620100
2025-02-27,XHB,102.35,102.98,100.68,100.72,98.9265,3104000
2025-02-27,XME,58.32,58.76,57.58,57.59,57.1941,769600
2025-02-27,URA,26.09,26.3,24.69,24.72,23.5937,7609700
2025-02-27,ITA,152.58,153.91,151.69,152.3,150.96,528100
2025-02-27,PAVE,40.21,40.505,39.72,39.73,39.2949,1240300
2025-02-28,SPY,585.56,594.72,582.44,594.18,582.7319,88744100
2025-02-28,QQQ,500.13,508.78,496.93,508.17,503.8896,47654000
2025-02-28,XLK,110.795,112.88,109.85,112.765,111.6641,14172200
2025-02-28,XLF,51.39,52.26,51.17,52.18,50.8419,63537100
2025-02-28,XLV,147.46,149.16,146.49,148.93,144.5633,8453700
2025-02-28,XLY,106.255,108.05,105.83,107.98,106.3924,7696400
2025-02-28,XLC,100.85,102.125,100.1,102,99.8636,5690800
2025-02-28,XLI,134.9,136.46,134.24,136.33,133.4175,9888000
2025-02-28,XLP,82.69,83.13,82.14,83.08,79.3424,15163900
2025-02-28,XLE,44.66,45.535,44.38,45.5,43.1737,26627200
2025-02-28,XLU,39.27,39.625,39.06,39.61,37.7226,21770000
2025-02-28,XLB,44.175,44.415,43.835,44.38,42.9617,9316600
2025-02-28,XLRE,43.06,43.245,42.68,43.15,40.7322,5771500
2025-02-28,SMH,228.37,233.78,225.63,232.77,232.048,8654700
2025-02-28,IGV,95.79,97.47,95.04,97.47,97.4517,4127300
2025-02-28,XBI,86.5,88.91,86.22,88.71,88.2933,7942700
2025-02-28,GNOM,36.44,36.92,36.16,36.92,36.3802,18700
2025-02-28,ARKG,23.84,24.77,23.58,24.62,24.62,4310300
2025-02-28,KRE,61.55,62.25,61.15,62.07,59.4463,10113800
2025-02-28,XHB,100.83,101.6,100.07,101.39,99.5846,1995800
2025-02-28,XME,57.2,58.1,56.62,58.1,57.7006,1842800
2025-02-28,URA,24.45,24.93,24.07,24.8,23.6701,2930100
2025-02-28,ITA,152.02,154.97,151.99,154.79,153.4281,247900
2025-02-28,PAVE,39.81,40.21,39.55,40.21,39.7696,1364600
2025-03-03,SPY,596.18,597.34,579.9,583.77,572.5224,74249200
2025-03-03,QQQ,511.52,513.04,493.58,497.05,492.8633,44587200
2025-03-03,XLK,113.345,113.575,108.525,109.335,108.2676,12516200
2025-03-03,XLF,52.32,52.64,51.37,51.74,50.4131,76100100
2025-03-03,XLV,149.02,150.32,148.96,149.58,145.1942,9459300
2025-03-03,XLY,108.61,109.185,104.86,105.99,104.4316,10983600
2025-03-03,XLC,102.34,103.04,100.51,100.98,98.865,6074500
2025-03-03,XLI,137.12,137.64,133.67,134.39,131.5189,12683000
2025-03-03,XLP,82.68,83.82,82.68,83.52,79.7626,18918900
2025-03-03,XLE,45.675,45.935,43.505,43.91,41.665,49501800
2025-03-03,XLU,39.57,39.79,39.4,39.665,37.775,19276400
2025-03-03,XLB,44.795,44.955,43.385,43.49,42.1001,16883200
2025-03-03,XLRE,43.3,43.746,43.17,43.52,41.0814,9874300
2025-03-03,SMH,235.37,235.37,220.95,223.01,222.3182,10001200
2025-03-03,IGV,98.78,99.18,95.09,95.63,95.6121,3997900
2025-03-03,XBI,88.74,89.37,85.13,85.6,85.1979,9620900
2025-03-03,GNOM,37.12,37.12,35.36,35.52,35.0007,26075
2025-03-03,ARKG,24.93,25.04,22.97,23.14,23.14,5810500
2025-03-03,KRE,62.26,62.75,60.64,61.18,58.5939,13098800
2025-03-03,XHB,101.7,102.14,98.45,98.99,97.2274,2878200
2025-03-03,XME,59.16,59.4,55.87,56.21,55.8236,1812300
2025-03-03,URA,25.26,25.28,23.3,23.49,22.4198,4114400
2025-03-03,ITA,155.67,156.93,152.26,153.05,151.7034,435900
2025-03-03,PAVE,40.39,40.58,38.91,39.12,38.6915,1649500
2025-03-04,SPY,579.71,585.39,572.25,576.86,565.7457,109648200
2025-03-04,QQQ,494.18,503.74,487.74,495.55,491.3759,67875400
2025-03-04,XLK,108.525,111.18,107.13,109.25,108.1834,17721000
2025-03-04,XLF,51.22,51.28,49.64,49.92,48.6398,99342400
2025-03-04,XLV,149.79,150.07,147.97,148.19,143.845,10804700
2025-03-04,XLY,104.185,105.93,102.745,104.12,102.5891,13842600
2025-03-04,XLC,100.68,101.31,99.22,100.18,98.0817,7329500
2025-03-04,XLI,132.91,134,130.79,131.77,128.9549,15191300
2025-03-04,XLP,83.36,84.14,82.05,82.1,78.4065,21845600
2025-03-04,XLE,43.265,44.19,42.715,43.485,41.2617,50677000
2025-03-04,XLU,39.665,39.875,38.96,39.02,37.1607,22561800
2025-03-04,XLB,43.59,43.59,42.84,42.9,41.529,22518600
2025-03-04,XLRE,43.56,43.861,42.92,43.02,40.6095,9765700
2025-03-04,SMH,222.46,230.8,218.05,225.23,224.5313,12563100
2025-03-04,IGV,94.53,97,92.78,95.44,95.4221,9339000
2025-03-04,XBI,84.78,87,84.07,86.13,85.7254,14202800
2025-03-04,GNOM,35,36,34.56,35.44,34.9219,30525
2025-03-04,ARKG,22.5,24.105,22.11,23.53,23.53,5843000
2025-03-04,KRE,60.5,60.5,58.06,59.04,56.5444,27735800
2025-03-04,XHB,97.82,99.84,96.51,98.19,96.4416,4075100
2025-03-04,XME,55.62,56.67,53.95,55.55,55.1681,2320100
2025-03-04,URA,23.25,24.55,22.91,24.05,22.9542,4286600
2025-03-04,ITA,151.27,152.28,148.03,149.35,148.0359,522100
2025-03-04,PAVE,38.66,39.025,37.705,38.28,37.8607,2648000
2025-03-05,SPY,576.69,584.88,573.08,583.06,571.8261,71230500
2025-03-05,QQQ,496.2,503.63,491.26,502.01,497.7816,46323700
2025-03-05,XLK,109.59,111.145,108.12,110.785,109.7034,11931000
2025-03-05,XLF,49.94,50.45,49.56,50.21,48.9224,75561700
2025-03-05,XLV,147.52,149.91,147.24,149.68,145.2913,7597700
2025-03-05,XLY,104.195,105.895,103.735,105.705,104.1508,10128200
2025-03-05,XLC,100.17,101.76,99.46,101.47,99.3447,4899600
2025-03-05,XLI,132.24,134.4,132.1,133.85,130.9904,12117600
2025-03-05,XLP,81.94,82.75,81.81,82.44,78.7312,13772700
2025-03-05,XLE,42.855,43.075,42.015,42.85,40.6592,56510800
2025-03-05,XLU,38.76,39.02,38.43,38.745,36.8988,20666800
2025-03-05,XLB,43.3,44.135,43.235,44.02,42.6132,17368600
2025-03-05,XLRE,42.55,43.535,42.54,43.42,40.987,5564100
2025-03-05,SMH,227.82,230.21,223.47,229.4,228.6884,6799400
2025-03-05,IGV,95.05,97.38,94.58,97.1,97.0818,3655800
2025-03-05,XBI,86.35,87.89,85.82,87.82,87.4074,10911900
2025-03-05,GNOM,35.68,36.44,35.56,36.44,35.9073,79525
2025-03-05,ARKG,23.43,24.04,23.14,23.98,23.98,2889200
2025-03-05,KRE,59,59.49,57.79,58.71,56.2283,20097300
2025-03-05,XHB,98.75,100.84,98.43,100.64,98.848,2684700
2025-03-05,XME,56.38,57.36,55.99,57.3,56.9061,1516700
2025-03-05,URA,24.44,24.71,24.05,24.67,23.546,2403000
2025-03-05,ITA,149.69,153.3,149.51,152.52,151.1781,318200
2025-03-05,PAVE,38.49,39.19,38.405,39.11,38.6817,1393700
2025-03-06,SPY,575.48,580.17,570.12,572.71,561.6756,80094900
2025-03-06,QQQ,493.69,498.58,486.2,488.2,484.0879,57574300
2025-03-06,XLK,108.51,110.225,107.19,107.71,106.6584,16432000
2025-03-06,XLF,49.62,49.96,49.06,49.38,48.1137,55477700
2025-03-06,XLV,149,149.48,147.93,149.27,144.8933,7122200
2025-03-06,XLY,104.14,104.895,102.57,103.025,101.5102,9755400
2025-03-06,XLC,100.58,101.445,99.2,99.65,97.5628,4829600
2025-03-06,XLI,132.47,133.6,131.74,132.7,129.865,12029100
2025-03-06,XLP,82.13,82.8,81.94,82.59,78.8744,13729400
2025-03-06,XLE,42.645,43.245,42.31,42.98,40.7825,47104200
2025-03-06,XLU,38.445,38.48,37.83,37.94,36.1322,25405800
2025-03-06,XLB,43.8,44.21,43.555,43.79,42.3905,18493600
2025-03-06,XLRE,43.06,43.15,42.165,42.23,39.8637,7954300
2025-03-06,SMH,221.98,226.16,219.07,219.78,219.0983,9155200
2025-03-06,IGV,95.28,96.66,93.05,93.44,93.4225,5749600
2025-03-06,XBI,86.46,88.27,86.27,87.06,86.651,9153000
2025-03-06,GNOM,35.84,36.524,35.84,36.264,35.7338,15025
2025-03-06,ARKG,23.31,23.89,22.94,23.22,23.22,2804600
2025-03-06,KRE,58.1,58.26,57.24,57.76,55.3185,17350600
2025-03-06,XHB,99.9,102.04,99.5,101.48,99.673,2688900
2025-03-06,XME,56.64,57.54,55.8,56.39,56.0024,1247800
2025-03-06,URA,24.37,24.78,23.99,24.22,23.1165,3049100
2025-03-06,ITA,150.75,151.27,148.39,149.43,148.1152,741500
2025-03-06,PAVE,38.66,39.07,38.38,38.64,38.2168,1339400
2025-03-07,SPY,570.9,577.39,565.63,575.92,564.8237,81158800
2025-03-07,QQQ,487.16,493.28,480.53,491.79,487.6477,54714700
2025-03-07,XLK,107.585,109.545,106.315,109.27,108.2032,11263400
2025-03-07,XLF,49.2,49.33,48.25,49.12,47.8603,87351400
2025-03-07,XLV,148.66,150.28,148.45,149.28,144.903,8532400
2025-03-07,XLY,102.39,103.125,100.135,102.835,101.323,9798800
2025-03-07,XLC,99.18,100.65,98.07,100.29,98.1894,5501700
2025-03-07,XLI,131.95,134.6,131.53,134.25,131.3819,17504500
2025-03-07,XLP,82.06,83.43,82.04,82.86,79.1323,19631100
2025-03-07,XLE,43.175,44.03,43.175,43.715,41.4799,44849200
2025-03-07,XLU,38.025,38.815,37.915,38.645,36.8036,23234400
2025-03-07,XLB,43.595,44.095,43.39,43.91,42.5067,15654600
2025-03-07,XLRE,42.31,42.637,41.94,42.47,40.0903,7083600
2025-03-07,SMH,220.6,225.75,217.07,225.09,224.3918,9426800
2025-03-07,IGV,93.06,94.3,90.62,93.42,93.4025,5147400
2025-03-07,XBI,86.78,88.44,86.06,87.3,86.8899,9490700
2025-03-07,GNOM,36.36,36.76,35.76,36.568,36.0334,11750
2025-03-07,ARKG,23.08,23.56,22.26,23.33,23.33,3534300
2025-03-07,KRE,57.6,58.03,56.38,57.69,55.2514,18411900
2025-03-07,XHB,101.15,102.43,99.95,101.88,100.0659,2102400
2025-03-07,XME,56.22,56.83,54.78,56.01,55.625,1250700
2025-03-07,URA,24.04,24.16,23.44,23.94,22.8492,4209900
2025-03-07,ITA,148.78,150.15,146.45,149.74,148.4225,382600
2025-03-07,PAVE,38.59,38.98,37.955,38.84,38.4146,972300
2025-03-10,SPY,567.59,569.54,555.59,560.58,549.7792,99326600
2025-03-10,QQQ,483.45,483.97,468.66,472.73,468.7482,76668000
2025-03-10,XLK,107.11,107.31,103.54,104.625,103.6036,21561800
2025-03-10,XLF,48.29,48.61,47.46,48.02,46.7885,78221400
2025-03-10,XLV,148.12,149.91,147.34,147.67,143.3402,13577800
2025-03-10,XLY,101.47,101.61,98.29,99.165,97.707,14412600
2025-03-10,XLC,98.78,99.23,96.99,97.79,95.7418,6896200
2025-03-10,XLI,132.54,134.08,131.1,132.15,129.3268,15123900
2025-03-10,XLP,82.99,84.35,82.36,82.68,78.9604,27412700
2025-03-10,XLE,43.955,44.645,43.63,44.04,41.7883,40045400
2025-03-10,XLU,38.51,39.185,38.51,39.07,37.2083,37366000
2025-03-10,XLB,43.52,43.77,42.695,42.995,41.6209,16672800
2025-03-10,XLRE,42.43,42.89,41.86,42.06,39.7032,9447900
2025-03-10,SMH,219.57,221.29,211.51,214.53,213.8645,9616500
2025-03-10,IGV,91.14,91.45,87.82,88.68,88.6634,7519100
2025-03-10,XBI,86.23,87.5,85.49,86.24,85.8349,10803100
2025-03-10,GNOM,36,36.192,34.96,35.08,34.5671,18375
2025-03-10,ARKG,22.81,22.89,21.56,21.99,21.99,5619600
2025-03-10,KRE,56.76,57.02,54.98,55.41,53.0678,22840900
2025-03-10,XHB,100.97,103.73,100.97,101.23,99.4274,2506300
2025-03-10,XME,54.87,55.33,53.05,53.81,53.4401,3362100
2025-03-10,URA,23.47,23.56,22.78,23.11,22.0571,3798700
2025-03-10,ITA,147.21,149.69,146.57,148.12,146.8167,676200
2025-03-10,PAVE,38.21,38.51,37.56,37.93,37.5146,1476700
2025-03-11,SPY,559.4,564.02,552.02,555.92,545.209,88102100
2025-03-11,QQQ,472.35,478.81,467.01,471.6,467.6277,68760800
2025-03-11,XLK,104.305,105.955,103.145,104.2,103.1827,14832800
2025-03-11,XLF,47.95,48.08,47.28,47.61,46.3891,72972200
2025-03-11,XLV,147.68,147.89,145.29,146.06,141.7774,9411600
2025-03-11,XLY,99.11,99.96,97.195,98.195,96.7512,14379600
2025-03-11,XLC,96.78,97.79,95.54,96.35,94.3319,6699400
2025-03-11,XLI,131.85,132.02,129.42,130.12,127.3401,13176800
2025-03-11,XLP,82.51,82.58,81.41,81.47,77.8048,27913700
2025-03-11,XLE,44.22,44.41,43.455,43.69,41.4562,30230200
2025-03-11,XLU,39.05,39.2,38.5,38.705,36.8607,32640000
2025-03-11,XLB,43.07,43.105,42.425,42.665,41.3015,15426200
2025-03-11,XLRE,42.17,42.315,41.385,41.62,39.2879,7103500
2025-03-11,SMH,215.21,219.02,210.46,214.22,213.5555,7381300
2025-03-11,IGV,88.24,90.89,88.24,89.54,89.5232,10849900
2025-03-11,XBI,85.82,86.96,84.19,86.17,85.7652,10649500
2025-03-11,GNOM,35.28,35.54,34.36,35.22,34.7051,18150
2025-03-11,ARKG,21.98,22.865,21.61,22.45,22.45,3241100
2025-03-11,KRE,55.55,56.09,54.56,55.11,52.7805,18462500
2025-03-11,XHB,101.12,101.67,98.2,98.75,96.9916,2414500
2025-03-11,XME,54,56.19,53.96,55.51,55.1284,2246300
2025-03-11,URA,23,23.93,22.84,23.66,22.582,3916500
2025-03-11,ITA,147.57,149.45,146.04,148.33,147.0249,538000
2025-03-11,PAVE,37.93,38.358,37.56,37.83,37.4157,1789300
2025-03-12,SPY,562.17,563.11,553.69,558.87,548.1023,69588200
2025-03-12,QQQ,479.16,481.06,471.79,476.92,472.9029,46971100
2025-03-12,XLK,106.06,106.76,104.575,105.84,104.8067,10981600
2025-03-12,XLF,48.12,48.19,47.22,47.68,46.4573,60700100
2025-03-12,XLV,145.73,145.99,144.12,144.6,140.3602,7141100
2025-03-12,XLY,99.895,99.995,97.56,98.765,97.3129,8548200
2025-03-12,XLC,97.33,97.65,95.55,96.83,94.8019,4698800
2025-03-12,XLI,131.31,131.49,128.99,130.11,127.3304,12728100
2025-03-12,XLP,80.68,80.98,79.62,79.7,76.1144,22000500
2025-03-12,XLE,43.72,44.295,43.555,43.89,41.646,32240400
2025-03-12,XLU,38.7,38.925,38.35,38.585,36.7464,17432000
2025-03-12,XLB,42.78,42.84,42.275,42.465,41.1079,12607200
2025-03-12,XLRE,41.69,41.815,41.34,41.47,39.1463,6013500
2025-03-12,SMH,220.32,222.95,218.18,220.52,219.836,8710800
2025-03-12,IGV,91.45,92.24,90,91.33,91.3129,6225800
2025-03-12,XBI,86.78,87.73,86.35,87.15,86.7406,7704900
2025-03-12,GNOM,35.52,36,35.32,35.86,35.3357,9575
2025-03-12,ARKG,23,23.27,22.5,22.97,22.97,5561000
2025-03-12,KRE,55.92,56.26,55.02,55.75,53.3934,16149600
2025-03-12,XHB,99.47,100,97.33,98.01,96.2648,1931800
2025-03-12,XME,56.29,56.46,55.2,55.74,55.3568,1655200
2025-03-12,URA,24.26,24.38,23.67,23.84,22.7538,3293700
2025-03-12,ITA,149.69,150.26,147.6,149.33,148.0161,388800
2025-03-12,PAVE,38.25,38.42,37.63,37.94,37.5245,1452900
2025-03-13,SPY,558.49,559.11,549.68,551.42,540.7957,74079400
2025-03-13,QQQ,476.25,476.28,466.43,468.34,464.3952,46563300
2025-03-13,XLK,105.535,105.77,103.425,103.83,102.8163,12383000
2025-03-13,XLF,47.8,48.08,47.28,47.42,46.2039,49986300
2025-03-13,XLV,144.66,145.07,143.49,143.83,139.6128,8041600
2025-03-13,XLY,98.615,98.615,95.845,96.3,94.8841,9992800
2025-03-13,XLC,96.5,96.83,94.62,94.84,92.8536,4763600
2025-03-13,XLI,129.8,130.4,128.26,128.78,126.0288,10596900
2025-03-13,XLP,79.8,80.12,79.18,79.33,75.7611,18077400
2025-03-13,XLE,43.735,44.365,43.325,43.59,41.3613,30742000
2025-03-13,XLU,38.715,38.84,38.435,38.68,36.8369,16801200
2025-03-13,XLB,42.495,42.93,42.17,42.435,41.0788,10283000
2025-03-13,XLRE,41.48,41.71,40.603,40.66,38.3817,6167200
2025-03-13,SMH,220.78,223.88,217.81,219.55,218.869,5126800
2025-03-13,IGV,90.41,90.45,87.81,88.3,88.2834,7486500
2025-03-13,XBI,87.05,88.21,85.44,85.97,85.5661,6373000
2025-03-13,GNOM,36,36.16,34.84,34.96,34.4489,9550
2025-03-13,ARKG,22.95,23.09,21.825,22.03,22.03,3536600
2025-03-13,KRE,55.94,56.39,55.08,55.13,52.7997,15280700
2025-03-13,XHB,98.12,98.13,95.18,95.53,93.829,2678200
2025-03-13,XME,55.69,56.61,55.32,56.01,55.625,1240600
2025-03-13,URA,23.82,23.92,23.29,23.51,22.4388,2312200
2025-03-13,ITA,149.11,150.09,147.98,148.93,147.6196,286200
2025-03-13,PAVE,37.88,38,37.155,37.31,36.9014,3306100
2025-03-14,SPY,556.11,563.83,551.49,562.81,551.9664,62660300
2025-03-14,QQQ,473.73,480.56,473.12,479.66,475.6198,43563000
2025-03-14,XLK,105.19,107.08,105.155,106.97,105.9257,10040800
2025-03-14,XLF,47.87,48.6,47.62,48.52,47.2757,49535700
2025-03-14,XLV,143.93,145.15,143.41,144.93,140.6806,6761200
2025-03-14,XLY,97.775,98.455,96.925,98.35,96.9039,6295600
2025-03-14,XLC,95.58,96.8,95.07,96.58,94.5571,3486000
2025-03-14,XLI,130.01,131.38,129.47,131.13,128.3286,8920000
2025-03-14,XLP,79.15,79.58,78.88,79.51,75.933,10251300
2025-03-14,XLE,43.83,44.94,43.63,44.88,42.5854,32023200
2025-03-14,XLU,38.795,39.48,38.655,39.435,37.5559,18269400
2025-03-14,XLB,42.785,43.055,42.61,42.99,41.6161,9507400
2025-03-14,XLRE,41.045,41.485,40.8,41.45,39.1274,4548100
2025-03-14,SMH,223.35,226.96,223.28,226.57,225.8672,5100700
2025-03-14,IGV,89.59,91.79,89.39,91.66,91.6428,13943000
2025-03-14,XBI,86.69,87.62,86.49,87.13,86.7207,6390100
2025-03-14,GNOM,35.36,35.6,35.2,35.348,34.8312,6450
2025-03-14,ARKG,22.41,22.89,22.4,22.75,22.75,2978000
2025-03-14,KRE,55.86,56.8,55.56,56.76,54.3608,13613400
2025-03-14,XHB,96.64,97.61,95.87,97.51,95.7737,2024900
2025-03-14,XME,56.98,57.76,56.43,57.7,57.3034,1472100
2025-03-14,URA,23.88,24.18,23.67,23.9,22.8111,2995500
2025-03-14,ITA,149.94,151.6,149.46,151.24,149.9093,327500
2025-03-14,PAVE,37.74,38.38,37.66,38.33,37.9102,1035000
2025-03-17,SPY,562.79,569.71,562.35,567.15,556.2227,49008700
2025-03-17,QQQ,479.61,485.84,477.8,482.77,478.7036,41744400
2025-03-17,XLK,106.885,108.48,106.575,107.715,106.6634,10148800
2025-03-17,XLF,48.33,49.33,48.32,49.09,47.8311,43570500
2025-03-17,XLV,144.72,147.11,144.72,146.77,142.4666,6017300
2025-03-17,XLY,98.36,99.065,97.655,98.505,97.0567,6053200
2025-03-17,XLC,96.58,97.725,96.58,97.27,95.2327,3031100
2025-03-17,XLI,130.94,133.55,130.8,132.94,130.0999,6918300
2025-03-17,XLP,79.65,80.91,79.58,80.67,77.0408,12470000
2025-03-17,XLE,44.845,45.805,44.845,45.595,43.2638,29761600
2025-03-17,XLU,39.425,39.83,39.23,39.6,37.7131,19290400
2025-03-17,XLB,42.9,43.665,42.9,43.53,42.1388,8615000
2025-03-17,XLRE,41.46,42.325,41.46,42.18,39.8165,4422800
2025-03-17,SMH,226.23,231.04,226.02,228.96,228.2498,5192200
2025-03-17,IGV,91.69,93.61,91.36,92.87,92.8526,7010200
2025-03-17,XBI,86.77,88.86,86.39,88.29,87.8752,6338900
2025-03-17,GNOM,35.2,36.16,35.2,35.912,35.387,22900
2025-03-17,ARKG,22.81,23.695,22.605,23.46,23.46,2426600
2025-03-17,KRE,56.77,57.39,56.5,57.13,54.7151,12034500
2025-03-17,XHB,97.13,98.7,97.05,98.38,96.6282,1420600
2025-03-17,XME,57.72,58.44,57.42,58.12,57.7205,2141800
2025-03-17,URA,24.04,24.78,24.04,24.64,23.5174,2917700
2025-03-17,ITA,151.03,154.19,151.03,153.43,152.0801,507100
2025-03-17,PAVE,38.19,38.91,38.16,38.69,38.2663,894500
2025-03-18,SPY,564.8,565.02,559.06,561.02,550.2109,66041400
2025-03-18,QQQ,479.41,479.61,472.41,474.54,470.5429,39072300
2025-03-18,XLK,106.95,107.06,105.685,106.075,105.0394,11486600
2025-03-18,XLF,49.13,49.29,48.85,49.03,47.7726,32714200
2025-03-18,XLV,146.82,147.06,146.04,146.84,142.5346,5528000
2025-03-18,XLY,97.585,97.59,96.35,96.75,95.3275,8246200
2025-03-18,XLC,96.92,96.92,95.14,95.91,93.9012,4424100
2025-03-18,XLI,132.38,132.58,131.13,131.88,129.0625,8051800
2025-03-18,XLP,80.61,80.71,79.7,79.75,76.1622,9461100
2025-03-18,XLE,45.85,45.955,45.31,45.67,43.335,30806600
2025-03-18,XLU,39.365,39.435,39.07,39.325,37.4512,19285200
2025-03-18,XLB,43.71,43.71,43.285,43.455,42.0662,10023800
2025-03-18,XLRE,42.18,42.39,41.76,41.92,39.5711,4860300
2025-03-18,SMH,226.63,227.77,223.88,225.42,224.7208,5196700
2025-03-18,IGV,91.96,92.25,90.61,91.51,91.4929,3295100
2025-03-18,XBI,87.27,87.31,85.76,86.17,85.7652,7291700
2025-03-18,GNOM,35.4,35.4,34.68,34.74,34.2321,11750
2025-03-18,ARKG,23.08,23.08,22.32,22.65,22.65,4048800
2025-03-18,KRE,57.06,57.3,56.45,56.97,54.5619,9441100
2025-03-18,XHB,97.94,98.47,97.37,97.83,96.088,1505200
2025-03-18,XME,58.54,58.7,57.53,58.35,57.9489,1661900
2025-03-18,URA,24.45,24.58,24.11,24.45,23.336,2464000
2025-03-18,ITA,153.06,153.16,151.53,152.73,151.6362,313500
2025-03-18,PAVE,38.48,38.576,38.185,38.45,38.0289,1102100
2025-03-19,SPY,562.83,570.95,561.63,567.13,556.2031,66556000
2025-03-19,QQQ,476.81,485.33,474.87,480.89,476.8394,40430300
2025-03-19,XLK,106.62,108.715,106.175,107.455,106.4059,8838600
2025-03-19,XLF,49.06,49.83,48.86,49.57,48.2988,44290700
2025-03-19,XLV,146.95,147.31,145.9,146.92,142.6122,6156200
2025-03-19,XLY,97.425,99.165,97.19,98.605,97.1552,9831400
2025-03-19,XLC,96.28,97.8,95.95,97.05,95.0173,5875000
2025-03-19,XLI,132.31,134.39,132.15,133.63,130.7751,8274900
2025-03-19,XLP,79.57,79.83,79.14,79.75,76.1622,12042700
2025-03-19,XLE,45.73,46.62,45.72,46.415,44.0419,31742600
2025-03-19,XLU,39.345,39.525,39.205,39.47,37.5893,16163400
2025-03-19,XLB,43.49,43.765,43.19,43.6,42.2066,10253600
2025-03-19,XLRE,41.95,42.287,41.615,41.97,39.6183,3919100
2025-03-19,SMH,225.42,231.02,223.78,227.41,226.7046,4932500
2025-03-19,IGV,92.01,93.89,91.6,92.95,92.9326,4215900
2025-03-19,XBI,85.99,87.75,85.89,87.46,87.0491,5806300
2025-03-19,GNOM,34.8,35.5,34.72,35.28,34.7642,8825
2025-03-19,ARKG,22.66,23.65,22.52,23.1,23.1,2592500
2025-03-19,KRE,57.11,58.24,56.92,57.68,55.2419,10580000
2025-03-19,XHB,97.75,99.82,97.29,99.18,97.414,2469200
2025-03-19,XME,58.55,59.13,57.87,58.71,58.3064,1287400
2025-03-19,URA,24.57,25.32,24.54,25.19,24.0423,2546800
2025-03-19,ITA,153.95,156.95,153.84,156.38,155.2601,452500
2025-03-19,PAVE,38.54,39.2,38.4,38.95,38.5234,1997400
2025-03-20,SPY,563.33,570.57,562.6,565.49,554.5947,62958200
2025-03-20,QQQ,476.88,484.55,476.18,479.26,475.2232,36780500
2025-03-20,XLK,106.235,107.865,106.075,106.69,105.6484,7145200
2025-03-20,XLF,49.29,49.98,49.2,49.64,48.367,46326000
2025-03-20,XLV,146.94,147.64,146.51,147.01,142.6996,8033800
2025-03-20,XLY,97.88,99.63,97.8,98.37,96.9237,8586400
2025-03-20,XLC,96.46,97.99,96.32,96.84,94.8117,4881600
2025-03-20,XLI,132.57,133.94,132.32,132.96,130.1194,8078300
2025-03-20,XLP,79.63,79.92,79.24,79.36,75.7897,10954500
2025-03-20,XLE,46.16,46.74,45.965,46.585,44.2032,33163600
2025-03-20,XLU,39.475,39.69,39.39,39.63,37.7416,16415200
2025-03-20,XLB,43.47,43.695,43.265,43.325,41.9404,7606200
2025-03-20,XLRE,41.97,42.16,41.74,41.92,39.5711,3452800
2025-03-20,SMH,225.14,229.01,224.89,227.05,226.3457,3654700
2025-03-20,IGV,91.92,93.71,91.92,92.57,92.5527,3785600
2025-03-20,XBI,86.65,88.13,86.54,86.59,86.1832,6743300
2025-03-20,GNOM,34.88,35.28,34.52,34.672,34.1651,17950
2025-03-20,ARKG,22.83,23.42,22.7,22.86,22.86,2535800
2025-03-20,KRE,57.1,58.26,57.03,57.29,54.8684,10861500
2025-03-20,XHB,98.65,100.53,98.3,98.82,97.0604,2312900
2025-03-20,XME,57.88,58.81,57.81,58.31,57.9092,1320000
2025-03-20,URA,24.84,25.78,24.76,25.38,24.2236,2547600
2025-03-20,ITA,155.54,156.38,154.83,155.13,154.0191,466200
2025-03-20,PAVE,38.62,39.09,38.48,38.71,38.286,943700
2025-03-21,SPY,559.28,564.89,558.03,563.98,554.7776,83763000
2025-03-21,QQQ,474.08,481.61,472.91,480.84,476.7899,42234900
2025-03-21,XLK,105.36,107.125,104.97,106.98,105.9356,10425400
2025-03-21,XLF,49.39,49.64,49.03,49.46,48.1916,53382800
2025-03-21,XLV,146.58,146.86,145.73,146.6,142.3016,7635300
2025-03-21,XLY,97.195,98.78,96.69,98.725,97.2734,9794800
2025-03-21,XLC,96.16,97.69,96.16,97.6,95.5558,5717500
2025-03-21,XLI,131.81,132.41,130.98,132.25,129.4246,10036500
2025-03-21,XLP,79.3,79.53,78.99,79.33,75.7611,11926200
2025-03-21,XLE,46.43,46.54,45.97,46.26,43.8948,36975600
2025-03-21,XLU,39.475,39.665,39.13,39.375,37.4988,15627600
2025-03-21,XLB,42.965,42.965,42.365,42.895,41.5241,16808800
2025-03-21,XLRE,41.73,41.8,41.245,41.51,39.1841,6237900
2025-03-21,SMH,222.77,225.61,221.41,224.77,224.0728,6319300
2025-03-21,IGV,91.34,93.2,90.88,93.11,93.0925,5564000
2025-03-21,XBI,86.19,87.51,85.75,87.12,86.7107,6513900
2025-03-21,GNOM,34.32,34.94,34.16,34.84,34.3306,10900
2025-03-21,ARKG,22.5,23.34,22.27,23.32,23.32,2123000
2025-03-21,KRE,56.83,57.58,56.38,57.26,54.8396,16073400
2025-03-21,XHB,97.1,97.77,96.04,97.42,95.6853,3438800
2025-03-21,XME,57.3,57.48,56.54,57.4,57.0054,2475000
2025-03-21,URA,25.05,25.23,24.72,25,23.861,3243400
2025-03-21,ITA,154.45,155.22,153.72,154.74,153.6319,477600
2025-03-21,PAVE,38.25,38.31,37.853,38.25,37.8311,690900
2025-03-24,SPY,570.8,575.15,570.2,574.08,564.713,58766800
2025-03-24,QQQ,487.74,491.51,484.4,490.66,487.2527,34567200
2025-03-24,XLK,108.57,109.075,108.285,108.815,107.9419,8200200
2025-03-24,XLF,49.79,50.27,49.66,50.15,49.0414,43158200
2025-03-24,XLV,146.42,147.39,146.11,147.15,143.3881,6500600
2025-03-24,XLY,99.875,102.235,99.875,102.145,100.9202,8567600
2025-03-24,XLC,98.625,98.85,98.19,98.69,96.9089,3651300
2025-03-24,XLI,133.43,134.52,133.1,134.29,131.8247,8446800
2025-03-24,XLP,79.03,79.48,78.96,79.4,76.2296,9586600
2025-03-24,XLE,46.11,46.7,46.035,46.425,44.395,23824600
2025-03-24,XLU,39.25,39.56,39.05,39.085,37.4868,13996800
2025-03-24,XLB,43.125,43.355,42.97,43.27,42.0868,9204400
2025-03-24,XLRE,41.5,41.905,41.31,41.82,39.7294,4457800
2025-03-24,SMH,229.2,232.42,229.1,230.63,229.9146,6503200
2025-03-24,IGV,94.53,95.6,94.43,95.41,95.3921,4240200
2025-03-24,XBI,87.78,88.97,87.67,88.82,88.4078,5032300
2025-03-24,GNOM,35.24,35.68,35.24,35.68,35.1584,16825
2025-03-24,ARKG,23.83,24.185,23.69,24.09,24.09,3997200
2025-03-24,KRE,57.95,58.67,57.71,58.43,56.332,10312200
2025-03-24,XHB,98.34,100.3,98.19,100.19,98.7232,2934500
2025-03-24,XME,58.31,58.8,58.15,58.49,58.1578,1721100
2025-03-24,URA,25.38,25.58,25.13,25.39,24.2332,2250700
2025-03-24,ITA,156.28,158.36,155.7,158.12,156.9876,767500
2025-03-24,PAVE,38.83,39.36,38.72,39.29,38.8597,666800
2025-03-25,SPY,575.3,576.41,573.69,575.46,566.0704,38355700
2025-03-25,QQQ,491.39,493.62,490.42,493.46,490.0332,26035200
2025-03-25,XLK,108.745,109.32,108.69,109.175,108.299,7481800
2025-03-25,XLF,50.33,50.51,50.08,50.43,49.3152,24873700
2025-03-25,XLV,147.5,147.59,144.35,145.27,141.5562,6502000
2025-03-25,XLY,102.39,103.02,101.775,102.96,101.7254,7421400
2025-03-25,XLC,99.11,100.075,98.91,99.94,98.1363,2499900
2025-03-25,XLI,134.56,134.94,133.84,134.49,132.0211,5337100
2025-03-25,XLP,79.26,79.36,78.43,78.68,75.5383,12703200
2025-03-25,XLE,46.63,47.02,46.475,46.615,44.5766,22292000
2025-03-25,XLU,39.045,39.055,38.28,38.46,36.8874,22396000
2025-03-25,XLB,43.405,43.495,43.075,43.26,42.0771,7622200
2025-03-25,XLRE,41.82,41.83,41.08,41.32,39.2544,4660800
2025-03-25,SMH,230.45,230.66,228.85,229.65,228.9376,3451800
2025-03-25,IGV,95.7,96.5,95.58,96.37,96.3519,3283100
2025-03-25,XBI,88.83,88.92,86.34,87.08,86.6759,7040000
2025-03-25,GNOM,35.64,35.64,34.64,34.784,34.2755,26875
2025-03-25,ARKG,24.1,24.12,23.265,23.49,23.49,2424900
2025-03-25,KRE,58.51,58.83,58.21,58.25,56.1585,8875100
2025-03-25,XHB,99.29,100.66,98.72,99.61,98.1517,1792700
2025-03-25,XME,58.65,59.51,58.65,58.91,58.5755,1218000
2025-03-25,URA,25.43,25.44,24.58,24.87,23.7369,2563600
2025-03-25,ITA,158.75,159.74,158.06,159.5,158.3578,552200
2025-03-25,PAVE,39.33,39.5,39.095,39.34,38.9091,630700
2025-03-26,SPY,575.19,576.33,567.19,568.59,559.3124,51848300
2025-03-26,QQQ,492.3,493.16,482.82,484.38,481.0163,34627100
2025-03-26,XLK,108.84,109.1,106.32,106.74,105.8835,7873000
2025-03-26,XLF,50.58,50.91,50.09,50.28,49.1685,39729200
2025-03-26,XLV,145.38,145.97,144.39,144.74,141.0397,8758600
2025-03-26,XLY,102.74,102.965,101.03,101.615,100.3965,6187000
2025-03-26,XLC,99.85,100.21,98.935,99.09,97.3017,4482900
2025-03-26,XLI,134.7,135.38,133.2,133.6,131.1474,6899300
2025-03-26,XLP,78.85,80.08,78.85,79.9,76.7096,11491900
2025-03-26,XLE,47.05,47.41,46.775,46.89,44.8396,25564600
2025-03-26,XLU,38.465,38.805,38.465,38.715,37.1319,15164000
2025-03-26,XLB,43.305,43.6,43.13,43.34,42.1549,8160800
2025-03-26,XLRE,41.51,41.725,41.344,41.53,39.4539,3717700
2025-03-26,SMH,228.4,228.8,220.05,222.01,221.3213,9591100
2025-03-26,IGV,96.28,96.3,93.61,94.13,94.1124,3987700
2025-03-26,XBI,86.98,87.08,84.75,85.08,84.6852,8225500
2025-03-26,GNOM,34.88,34.88,33.724,33.88,33.3847,12950
2025-03-26,ARKG,23.47,23.53,22.36,22.49,22.49,3546200
2025-03-26,KRE,58.55,59.16,57.78,58.01,55.9271,10035600
2025-03-26,XHB,99.67,100.44,98.52,99.04,97.59,1248600
2025-03-26,XME,59.08,59.38,58.08,58.33,57.9988,1385700
2025-03-26,URA,24.66,24.83,24.21,24.29,23.1833,1655500
2025-03-26,ITA,159.5,160.18,156.78,157.13,156.0048,379800
2025-03-26,PAVE,39.3,39.5,38.765,38.87,38.4443,853800
2025-03-27,SPY,567.18,570.9,564.94,567.08,557.8271,42164200
2025-03-27,QQQ,482.41,486.58,480.25,481.62,478.2755,33469800
2025-03-27,XLK,106.01,106.61,105.195,105.755,104.9064,6577800
2025-03-27,XLF,50.19,50.45,49.79,50.18,49.0707,32299800
2025-03-27,XLV,144.52,145.42,144.46,144.97,141.2638,6264300
2025-03-27,XLY,101.295,103.215,101.04,101.68,100.4607,6736800
2025-03-27,XLC,98.76,99.57,98.55,98.65,96.8696,3319300
2025-03-27,XLI,133.56,134.01,132.27,132.89,130.4504,8414000
2025-03-27,XLP,80.13,80.97,80.07,80.81,77.5833,9253000
2025-03-27,XLE,46.75,46.925,46.25,46.435,44.4045,19147800
2025-03-27,XLU,38.68,39.025,38.59,38.705,37.1223,13971800
2025-03-27,XLB,43.215,43.47,42.915,43.32,42.1354,6049200
2025-03-27,XLRE,41.59,41.92,41.325,41.43,39.3589,3586700
2025-03-27,SMH,219.05,220.7,216.57,217.75,217.0746,9072500
2025-03-27,IGV,93.42,93.97,92.36,92.52,92.5027,3411500
2025-03-27,XBI,85.34,86.18,85.09,85.53,85.1331,6493600
2025-03-27,GNOM,33.92,34.22,33.76,34.04,33.5423,36750
2025-03-27,ARKG,22.38,22.79,22.14,22.24,22.24,2820400
2025-03-27,KRE,57.98,58.25,57.33,57.55,55.4836,8728200
2025-03-27,XHB,98.75,99.91,98.28,98.78,97.3338,1307100
2025-03-27,XME,57.99,58.68,57.38,58.4,58.0684,1073100
2025-03-27,URA,24.24,24.24,23.53,23.64,22.5629,3892900
2025-03-27,ITA,157,158.06,155.52,156.37,155.2502,332000
2025-03-27,PAVE,38.78,38.88,38.32,38.56,38.1377,814700
2025-03-28,SPY,565.53,566.27,555.07,555.66,546.5933,71662700
2025-03-28,QQQ,479.81,480.52,468.05,468.94,465.6835,46363800
2025-03-28,XLK,105.205,105.63,102.84,103.19,102.362,10667600
2025-03-28,XLF,50.03,50.3,49.02,49.21,48.1222,45365400
2025-03-28,XLV,144.85,145.24,144.45,144.52,140.8253,6210500
2025-03-28,XLY,101.095,101.255,98.225,98.52,97.3386,9886600
2025-03-28,XLC,98.47,98.56,95.64,95.74,94.0121,5595200
2025-03-28,XLI,132.45,132.8,130.08,130.15,127.7607,10196800
2025-03-28,XLP,80.92,81.1,80.11,80.41,77.1993,12493200
2025-03-28,XLE,46.41,46.585,45.985,46.215,44.1941,22248800
2025-03-28,XLU,38.94,39.235,38.87,38.99,37.3957,19078600
2025-03-28,XLB,43.425,43.44,42.47,42.525,41.3622,9147200
2025-03-28,XLRE,41.61,41.65,41.165,41.41,39.3399,4905600
2025-03-28,SMH,216.8,218.04,211.05,212.17,211.5119,8722100
2025-03-28,IGV,92.26,92.26,89.37,89.87,89.8532,10229600
2025-03-28,XBI,85.4,85.51,83.97,84.4,84.0083,7003100
2025-03-28,GNOM,33.84,34.076,33.224,33.4,32.9117,16725
2025-03-28,ARKG,22.15,22.2,21.366,21.55,21.55,2742200
2025-03-28,KRE,57.32,57.86,55.96,56.41,54.3846,10703700
2025-03-28,XHB,98.75,98.85,95.88,96.1,94.693,2053900
2025-03-28,XME,58.4,58.58,56.48,56.62,56.2985,1445200
2025-03-28,URA,23.48,23.67,23.02,23.1,22.0475,2297700
2025-03-28,ITA,156.2,156.22,153.01,153.23,152.1327,415700
2025-03-28,PAVE,38.43,38.52,37.465,37.61,37.1981,999900
2025-03-31,SPY,549.83,560.71,546.87,559.39,550.2626,95328200
2025-03-31,QQQ,461.92,469.86,457.33,468.92,465.6637,53000300
2025-03-31,XLK,101.39,103.475,100.365,103.24,102.4116,14219000
2025-03-31,XLF,48.72,50.06,48.58,49.81,48.7089,38042300
2025-03-31,XLV,143.79,146.62,143.48,146.01,142.2772,8085600
2025-03-31,XLY,96.595,99.065,95.905,98.73,97.5461,10221000
2025-03-31,XLC,95.13,96.565,94.13,96.45,94.7093,5187100
2025-03-31,XLI,129.14,131.85,128.42,131.07,128.6638,9650200
2025-03-31,XLP,80.53,81.92,80.53,81.67,78.409,14299100
2025-03-31,XLE,46.115,47,46.05,46.725,44.6818,28813800
2025-03-31,XLU,39.05,39.585,39.04,39.425,37.8129,21470000
2025-03-31,XLB,42.375,43.195,42.035,42.99,41.8145,8881800
2025-03-31,XLRE,41.53,42.115,41.47,41.85,39.7579,7736800
2025-03-31,SMH,207.33,211.69,204.51,211.47,210.814,9477200
2025-03-31,IGV,88,89.27,86.45,88.99,88.9733,10375700
2025-03-31,XBI,81.51,81.66,79.33,81.1,80.7236,16660900
2025-03-31,GNOM,32.44,32.44,31.38,31.8,31.3351,128350
2025-03-31,ARKG,20.73,20.97,20.1,20.76,20.76,3584500
2025-03-31,KRE,55.74,57.09,55.51,56.85,54.8088,9410500
2025-03-31,XHB,95.05,97.57,94.19,96.9,95.4813,1589900
2025-03-31,XME,55.63,56.25,54.09,55.99,55.6721,1720200
2025-03-31,URA,22.74,22.95,22.47,22.92,21.8757,3496900
2025-03-31,ITA,151.41,154.1,150.58,153.1,152.0036,355500
2025-03-31,PAVE,37.13,37.9,36.68,37.73,37.3168,1639600
2025-04-01,SPY,557.45,562.94,553.68,560.97,551.8167,54609600
2025-04-01,QQQ,467.3,473.63,464.42,472.7,469.4174,41156200
2025-04-01,XLK,102.83,104.085,101.99,103.995,103.1605,9480200
2025-04-01,XLF,49.62,49.97,49.2,49.75,48.6502,37959100
2025-04-01,XLV,145.48,145.48,142.9,143.34,139.6755,9906100
2025-04-01,XLY,98.605,100.565,98.07,99.76,98.5638,11097400
2025-04-01,XLC,96.15,97.2,95.49,96.51,94.7682,5884200
2025-04-01,XLI,130.77,132.09,129.65,131.81,129.3903,8722200
2025-04-01,XLP,81.86,82.01,81.32,81.79,78.5242,11201000
2025-04-01,XLE,46.75,47.045,46.245,47,44.9448,27121200
2025-04-01,XLU,39.4,39.64,39.145,39.525,37.9088,18084800
2025-04-01,XLB,42.88,43.17,42.495,43.15,41.9701,12197600
2025-04-01,XLRE,41.99,42.08,41.37,41.88,39.7864,5903000
2025-04-01,SMH,210.96,212.54,207.26,212.49,211.8309,6151300
2025-04-01,IGV,88.93,90.48,88.09,90.32,90.3031,3615200
2025-04-01,XBI,80.86,81.04,77.87,78.16,77.7973,17353200
2025-04-01,GNOM,32.12,32.12,30.96,31.08,30.6256,22950
2025-04-01,ARKG,20.67,20.94,19.97,20.2,20.2,4107900
2025-04-01,KRE,56.72,56.76,55.6,56.42,54.3942,10657200
2025-04-01,XHB,96.6,97.67,95.67,97.2,95.7769,1066500
2025-04-01,XME,55.78,56.33,55.15,55.91,55.5925,1232600
2025-04-01,URA,22.98,23.31,22.51,23.08,22.0284,2931900
2025-04-01,ITA,152.92,154.98,151.71,154.21,153.1057,301700
2025-04-01,PAVE,37.59,38.043,37.26,37.99,37.5739,609300
2025-04-02,SPY,555.05,567.42,554.81,564.52,555.3088,76014500
2025-04-02,QQQ,466.12,479.56,465.86,476.15,472.8434,49894500
2025-04-02,XLK,102.51,105.63,102.43,104.765,103.9243,9292000
2025-04-02,XLF,49.35,50.33,49.27,50.16,49.0512,41792100
2025-04-02,XLV,142.77,144.4,142.19,144.3,140.611,6392700
2025-04-02,XLY,97.965,102.245,97.88,101.655,100.4361,9356000
2025-04-02,XLC,95.71,97.34,95.5,96.85,95.1021,5557500
2025-04-02,XLI,130.31,133.51,130.26,133.05,130.6075,6398000
2025-04-02,XLP,81.83,82.06,81.18,81.55,78.2937,9219000
2025-04-02,XLE,46.6,47.105,46.49,47.065,45.007,33960600
2025-04-02,XLU,39.495,39.8,39.295,39.71,38.0862,12951200
2025-04-02,XLB,42.75,43.565,42.75,43.505,42.3154,11863800
2025-04-02,XLRE,41.81,42.175,41.6,42.08,39.9764,4657000
2025-04-02,SMH,208.96,216.61,208.47,214.09,213.4259,7096200
2025-04-02,IGV,88.62,92.24,88.62,91.52,91.5028,3323400
2025-04-02,XBI,77.71,80.87,77.34,80.59,80.216,14091000
2025-04-02,GNOM,30.76,32.16,30.76,31.92,31.4533,29275
2025-04-02,ARKG,19.83,21.255,19.74,20.87,20.87,3623200
2025-04-02,KRE,55.65,57.29,55.56,57.22,55.1655,12999800
2025-04-02,XHB,96.07,99.04,95.83,98.82,97.3732,1479700
2025-04-02,XME,55.32,56.55,55.04,56.48,56.1593,1142300
2025-04-02,URA,22.77,23.3,22.61,23.17,22.1143,1569700
2025-04-02,ITA,152.62,155.76,152.29,154.78,153.6716,253300
2025-04-02,PAVE,37.53,38.722,37.38,38.63,38.2069,822200
2025-04-03,SPY,545.11,547.97,536.7,536.7,527.9429,125986000
2025-04-03,QQQ,456.44,460.07,450.14,450.66,447.5305,70456300
2025-04-03,XLK,99.745,100.35,97.535,97.615,96.8317,19451400
2025-04-03,XLF,48.2,48.65,47.6,47.69,46.6358,101160600
2025-04-03,XLV,143.76,145.19,143.05,143.13,139.4709,10990600
2025-04-03,XLY,96.14,97.465,95.065,95.515,94.3697,13795600
2025-04-03,XLC,94.02,94.87,92.4,92.53,90.8601,10078100
2025-04-03,XLI,128.59,129.71,125.76,125.85,123.5397,15962200
2025-04-03,XLP,81.75,82.82,81.35,82.02,78.745,20746100
2025-04-03,XLE,44.825,45.17,43.355,43.37,41.4735,75657800
2025-04-03,XLU,39.66,40.105,39.41,39.46,37.8465,38650200
2025-04-03,XLB,42.11,42.39,41.43,41.54,40.4041,18958600
2025-04-03,XLRE,41.66,42.06,40.76,40.82,38.7794,11584800
2025-04-03,SMH,202.69,204.49,195.34,195.57,194.9634,14299000
2025-04-03,IGV,87.54,88.42,85.92,86.63,86.6138,10347200
2025-04-03,XBI,78.2,79.3,77.52,78.14,77.7774,10860200
2025-04-03,GNOM,30.92,31.32,30.54,30.72,30.2709,27750
2025-04-03,ARKG,19.56,20.15,19.4,19.74,19.74,4041200
2025-04-03,KRE,54.31,54.6,51.23,51.31,49.4677,37195800
2025-04-03,XHB,94.66,94.88,91.15,91.82,90.4757,4333900
2025-04-03,XME,53.19,53.89,52.16,52.25,51.9533,2421200
2025-04-03,URA,22.15,22.84,22.05,22.46,21.4367,3278700
2025-04-03,ITA,149.38,152.41,147.64,147.78,146.7217,801400
2025-04-03,PAVE,36.97,37.1,36.03,36.07,35.6749,2351000
2025-04-04,SPY,523.67,525.87,505.06,505.28,497.0354,217965100
2025-04-04,QQQ,438.14,440.37,422.67,422.67,419.7349,117088400
2025-04-04,XLK,94.57,95.32,91.15,91.185,90.4533,33804600
2025-04-04,XLF,46.07,46.41,44.09,44.2,43.2229,128135300
2025-04-04,XLV,141.14,141.71,135.23,135.28,131.8216,21341100
2025-04-04,XLY,92.31,94.675,90.845,91.395,90.2991,25286000
2025-04-04,XLC,90.26,91,87.17,87.23,85.6557,13027900
2025-04-04,XLI,122.25,122.68,117.79,117.94,115.7749,28516400
2025-04-04,XLP,81.58,82.04,78.46,78.46,75.3271,35619500
2025-04-04,XLE,41.825,42.295,39.38,39.38,37.658,100752000
2025-04-04,XLU,39.645,39.645,37.02,37.265,35.7412,66165400
2025-04-04,XLB,40.545,40.64,38.845,38.94,37.8752,29389600
2025-04-04,XLRE,40.62,40.62,38.915,38.96,37.0123,15419700
2025-04-04,SMH,188.7,190.29,178.23,180.8,180.2392,22160100
2025-04-04,IGV,83.95,84.45,80.9,81.3,81.2848,10325500
2025-04-04,XBI,76.43,77.11,73.25,73.66,73.3182,23865800
2025-04-04,GNOM,29.88,30.16,28.82,29.16,28.7337,27000
2025-04-04,ARKG,19.01,19.46,18.05,19,19,7486000
2025-04-04,KRE,49.22,49.66,47.14,49.26,47.4913,39449000
2025-04-04,XHB,89.22,95.28,89.06,92.87,91.5103,5925300
2025-04-04,XME,50.11,50.56,46.75,48.48,48.2047,2781900
2025-04-04,URA,21.51,21.69,20,20.82,19.8714,6023700
2025-04-04,ITA,143.2,143.82,135.06,135.31,134.341,1138200
2025-04-04,PAVE,34.79,35.02,33.54,34.4,34.0232,2791800
2025-04-07,SPY,489.19,523.17,481.8,504.38,496.1501,256611400
2025-04-07,QQQ,408.66,443.14,402.39,423.69,420.7478,161557000
2025-04-07,XLK,87.465,95.905,86.225,91.73,90.994,44557800
2025-04-07,XLF,42.84,45.65,42.21,44.09,43.1154,179993200
2025-04-07,XLV,131.71,137.37,129.66,134.47,131.0323,29940300
2025-04-07,XLY,87.925,94.61,86.55,90.315,89.232,41234000
2025-04-07,XLC,84.46,90.75,84.02,87.35,85.7736,22019700
2025-04-07,XLI,114.65,121.8,112.75,117.39,115.235,42518300
2025-04-07,XLP,76.6,79.38,76.16,77.55,74.4535,45133500
2025-04-07,XLE,38.105,40.79,37.49,39.125,37.4142,113906800
2025-04-07,XLU,36.695,37.82,35.89,36.695,35.1945,73162600
2025-04-07,XLB,38.075,39.935,37.12,38.315,37.2673,50243800
2025-04-07,XLRE,38.3,39.48,37.17,38.02,36.1193,25297200
2025-04-07,SMH,173.49,194.83,170.11,184.9,184.3264,25600300
2025-04-07,IGV,77.5,84.91,76.68,81.25,81.2348,18136900
2025-04-07,XBI,71,75.86,69.24,72.99,72.6513,23621800
2025-04-07,GNOM,28.2,29.6,27.34,28.96,28.5366,33850
2025-04-07,ARKG,17.94,20.19,17.505,19.2,19.2,4991200
2025-04-07,KRE,47.5,51.89,47.06,49.27,47.5009,32051500
2025-04-07,XHB,89.71,95.26,88.85,89.99,88.6725,3305900
2025-04-07,XME,46.9,51.61,45.89,49.5,49.2189,3085200
2025-04-07,URA,20.2,21.88,19.5,20.51,19.5755,4747800
2025-04-07,ITA,130.92,139.83,129.14,135.8,134.8275,839600
2025-04-07,PAVE,33.31,35.64,32.65,34.33,33.954,2218500
2025-04-08,SPY,521.86,524.98,489.16,496.48,488.379,165816600
2025-04-08,QQQ,438.16,443.14,409.79,416.06,413.1707,101248100
2025-04-08,XLK,95.145,96.42,88.22,89.865,89.1439,25811400
2025-04-08,XLF,45.8,46.22,43.24,43.92,42.9491,98804200
2025-04-08,XLV,139.43,139.44,131.28,132.98,129.5804,20860400
2025-04-08,XLY,93.72,94.23,86.98,88.17,87.1128,17407400
2025-04-08,XLC,90.13,90.4,85.12,86.13,84.5756,13553900
2025-04-08,XLI,121.04,121.67,114.64,116.42,114.2828,21272000
2025-04-08,XLP,78.71,78.97,75.61,76.35,73.3014,26842500
2025-04-08,XLE,40.33,40.54,37.61,38.22,36.5487,90538400
2025-04-08,XLU,37.35,37.615,36.12,36.545,35.0507,39600400
2025-04-08,XLB,39.21,39.33,36.56,37.135,36.1196,27497400
2025-04-08,XLRE,38.89,38.985,36.645,37.08,35.2263,16319500
2025-04-08,SMH,192.99,195.72,176.05,179.95,179.3918,19097600
2025-04-08,IGV,84.5,85.19,78.86,80.15,80.135,8433200
2025-04-08,XBI,75.15,75.47,68.88,69.8,69.4761,21546100
2025-04-08,GNOM,29.96,29.96,27.504,27.88,27.4724,24450
2025-04-08,ARKG,20.055,20.1,18.01,18.34,18.34,3263100
2025-04-08,KRE,50.95,51.73,47.98,48.81,47.0574,23365600
2025-04-08,XHB,92.04,92.39,85.5,86.79,85.5193,1584600
2025-04-08,XME,52.22,52.22,47.98,48.74,48.4632,1821700
2025-04-08,URA,21.47,21.73,19.98,20.26,19.3369,3350600
2025-04-08,ITA,142.54,142.82,135.36,137.4,136.416,559500
2025-04-08,PAVE,35.38,35.578,33.22,33.78,33.41,5279700
2025-04-09,SPY,493.44,548.62,493.05,548.62,539.6683,241867300
2025-04-09,QQQ,415.57,467.83,415.43,466,462.7639,142876900
2025-04-09,XLK,90.05,102.49,89.935,101.93,101.1121,36988800
2025-04-09,XLF,43.24,47.61,43.07,47.23,46.1859,177242900
2025-04-09,XLV,130.13,139.24,129.68,138.76,135.2126,39444700
2025-04-09,XLY,88.02,98.075,87.875,97.77,96.5976,29318600
2025-04-09,XLC,85.45,94.15,84.965,93.74,92.0482,23909100
2025-04-09,XLI,115.23,127.55,115.23,126.76,124.433,36610700
2025-04-09,XLP,75.97,79.94,75.83,79.31,76.1432,39358900
2025-04-09,XLE,37.475,41.605,37.245,41.18,39.3793,118962400
2025-04-09,XLU,36.23,38.085,35.51,37.985,36.4318,70054800
2025-04-09,XLB,36.93,40.585,36.875,40.38,39.2758,40440200
2025-04-09,XLRE,36.46,39.385,35.76,39.21,37.2498,27138900
2025-04-09,SMH,181.76,212.81,180.27,210.83,210.176,22178500
2025-04-09,IGV,79.7,90.18,79.55,89.49,89.4732,10182700
2025-04-09,XBI,68.05,75.96,66.66,74.88,74.5325,36123800
2025-04-09,GNOM,27.48,30.768,27.2,30.6,30.1526,42650
2025-04-09,ARKG,18.04,21.08,17.995,20.56,20.56,7754000
2025-04-09,KRE,48.03,53.37,47.22,52.63,50.7403,39718800
2025-04-09,XHB,85.76,94.57,84.48,93.52,92.1508,3346100
2025-04-09,XME,49.25,54.1,48.39,53.47,53.1664,2786000
2025-04-09,URA,20.21,22.33,20.11,22.12,21.1122,5249400
2025-04-09,ITA,135.71,150.8,135.56,149.83,148.757,733300
2025-04-09,PAVE,33.4,37.17,33.34,36.96,36.5552,1323600
2025-04-10,SPY,532.17,533.5,509.32,524.58,516.0205,162331200
2025-04-10,QQQ,453.56,455.59,432.63,446.18,443.0816,108384100
2025-04-10,XLK,98.425,99.1,93.865,97.185,96.4052,19747600
2025-04-10,XLF,46.53,46.6,44.54,45.91,44.8951,93318200
2025-04-10,XLV,137.7,137.74,131.33,134.89,131.4415,21957400
2025-04-10,XLY,95.415,95.475,90.9,93.95,92.8234,16600400
2025-04-10,XLC,92.61,92.86,88.34,90.5,88.8667,9320700
2025-04-10,XLI,124.46,124.98,119.91,123.49,121.223,26234000
2025-04-10,XLP,79.3,80.15,77.97,79.35,76.1816,25968000
2025-04-10,XLE,40.11,40.11,37.74,38.49,36.8069,79046600
2025-04-10,XLU,37.7,38.14,36.915,37.7,36.1584,44167800
2025-04-10,XLB,39.735,39.75,38.17,39.09,38.0211,28167600
2025-04-10,XLRE,38.82,39.25,37.43,38.38,36.4613,19936700
2025-04-10,SMH,201.38,202.5,189.04,196.21,195.6014,18282500
2025-04-10,IGV,87.38,87.79,83.7,86.49,86.4738,6690500
2025-04-10,XBI,72.77,73.25,68.64,71.61,71.2777,23889300
2025-04-10,GNOM,29.92,29.92,27.96,28.8,28.3789,17575
2025-04-10,ARKG,19.85,20.07,18.47,19.36,19.36,5003300
2025-04-10,KRE,51.11,51.34,47.95,49.4,47.6263,31201100
2025-04-10,XHB,91.48,91.92,87.43,90.34,89.0174,1609800
2025-04-10,XME,51.83,52.82,50.43,51.77,51.476,1737800
2025-04-10,URA,21.91,22.08,21.17,21.59,20.6063,2572300
2025-04-10,ITA,146.96,149.12,142.65,147.08,146.0267,357600
2025-04-10,PAVE,35.97,36.19,34.642,35.72,35.3288,1974400
2025-04-11,SPY,523.01,536.43,520.07,533.94,525.2278,97866300
2025-04-11,QQQ,444.65,455.79,441.33,454.4,451.2445,52483800
2025-04-11,XLK,96.7,99.6,95.975,99.175,98.3792,14423200
2025-04-11,XLF,45.6,46.97,45.37,46.67,45.6383,63647400
2025-04-11,XLV,135.15,137.76,133.65,136.87,133.3709,10755600
2025-04-11,XLY,93.745,95.05,92.07,94.86,93.7225,8266800
2025-04-11,XLC,90.4,91.54,89.6,91.27,89.6228,4819500
2025-04-11,XLI,123.21,126.32,121.99,125.67,123.363,13750300
2025-04-11,XLP,79.65,80.86,78.91,80.35,77.1417,19009500
2025-04-11,XLE,38.67,39.74,37.91,39.445,37.7202,41916800
2025-04-11,XLU,37.68,38.29,37.215,38.16,36.5996,28840000
2025-04-11,XLB,39.175,40.545,38.98,40.25,39.1494,17207000
2025-04-11,XLRE,38.18,39.01,37.74,38.92,36.9743,10742800
2025-04-11,SMH,195.7,201.94,193.7,201.31,200.6855,10156300
2025-04-11,IGV,86.34,87.45,84.47,87.2,87.1836,7302000
2025-04-11,XBI,71.59,74.38,71.07,74.33,73.9851,16114000
2025-04-11,GNOM,29.16,30.24,28.88,30.24,29.7979,18900
2025-04-11,ARKG,19.66,21.04,19.5,21.03,21.03,3667900
2025-04-11,KRE,48.72,49.76,47.83,49.26,47.4913,25140600
2025-04-11,XHB,89.64,91.57,87.6,91.27,89.9338,2047900
2025-04-11,XME,52.34,54.07,51.89,53.8,53.4945,1430900
2025-04-11,URA,21.87,22.84,21.85,22.65,21.618,2236000
2025-04-11,ITA,147.16,149.93,145.03,149.11,148.0422,366800
2025-04-11,PAVE,35.64,36.52,35.245,36.32,35.9222,1276000
2025-04-14,SPY,544.05,544.28,533.86,539.12,530.3233,68034000
2025-04-14,QQQ,464.46,465.05,452.63,457.48,454.3031,43941200
2025-04-14,XLK,102.25,102.315,99,100.08,99.2769,11904400
2025-04-14,XLF,47.35,47.62,46.87,47.15,46.1077,52008900
2025-04-14,XLV,138.21,139.04,136.96,138.54,134.9982,7437200
2025-04-14,XLY,96.275,96.785,93.86,95.135,93.9942,7720600
2025-04-14,XLC,92.5,93.082,91.29,91.88,90.2218,3668100
2025-04-14,XLI,127.19,127.82,125.92,126.98,124.6489,8060500
2025-04-14,XLP,80.69,82.05,80.33,81.72,78.457,12388100
2025-04-14,XLE,40.38,40.38,39.19,39.585,37.854,32748200
2025-04-14,XLU,38.46,38.97,38.235,38.845,37.2566,19415600
2025-04-14,XLB,40.725,40.915,40.24,40.735,39.6211,10426400
2025-04-14,XLRE,39.23,40,39.11,39.78,37.7913,6543600
2025-04-14,SMH,206.62,206.78,198.77,201.61,200.9846,9843300
2025-04-14,IGV,89.48,89.73,87.01,87.98,87.9635,3592300
2025-04-14,XBI,76,76.94,74.36,76.54,76.1848,13241500
2025-04-14,GNOM,30.76,31.176,30.32,31.04,30.5862,11075
2025-04-14,ARKG,21.53,21.57,20.84,21.35,21.35,3258600
2025-04-14,KRE,50.01,50.33,48.83,50.12,48.3204,15330900
2025-04-14,XHB,92.77,92.94,90.5,91.81,90.4659,3162900
2025-04-14,XME,54.51,55.05,53.74,54.49,54.1806,3014000
2025-04-14,URA,23,23.22,22.48,22.84,21.7994,1802900
2025-04-14,ITA,150.89,151.8,149.61,150.87,149.7896,385600
2025-04-14,PAVE,36.82,36.946,36.26,36.66,36.2585,940700
2025-04-15,SPY,539.67,543.23,536.81,537.61,528.8378,56892900
2025-04-15,QQQ,458.54,462.38,456.15,457.99,454.8095,35404200
2025-04-15,XLK,100.235,101.205,99.975,100.445,99.639,7200000
2025-04-15,XLF,47.42,47.9,47.23,47.27,46.2251,41840100
2025-04-15,XLV,139,139.04,137.29,137.69,134.17,6239000
2025-04-15,XLY,94.98,95.775,93.915,94.45,93.3174,6676400
2025-04-15,XLC,92.18,92.95,91.9,92.11,90.4476,3142400
2025-04-15,XLI,126.77,127.81,126.16,126.35,124.0305,6230200
2025-04-15,XLP,81.84,81.94,80.98,81.03,77.7945,8920200
2025-04-15,XLE,39.55,40.26,39.505,39.525,37.7967,22167000
2025-04-15,XLU,38.93,39.185,38.79,38.84,37.2518,15257200
2025-04-15,XLB,40.565,40.945,40.38,40.415,39.3099,8028800
2025-04-15,XLRE,39.92,40.15,39.64,39.84,37.8484,4272300
2025-04-15,SMH,202.67,205.14,201.94,202.92,202.2906,5097800
2025-04-15,IGV,88.11,89.51,88.11,89.09,89.0733,5138000
2025-04-15,XBI,76.41,77.56,75.59,76.54,76.1848,8744300
2025-04-15,GNOM,30.96,31.48,30.56,31,30.5468,27700
2025-04-15,ARKG,21.3,21.855,20.94,21.32,21.32,1816800
2025-04-15,KRE,50.28,51.65,50.22,50.97,49.1399,14787700
2025-04-15,XHB,91.77,92.89,90.71,91.1,89.7663,998700
2025-04-15,XME,54.42,54.99,53.94,54.34,54.0314,1096000
2025-04-15,URA,22.93,23.26,22.65,22.73,21.6944,1402200
2025-04-15,ITA,150.15,151.84,149.88,150.31,149.2336,350800
2025-04-15,PAVE,36.53,36.99,36.4,36.48,36.0805,577600
2025-04-16,SPY,531.68,537.89,520.29,525.66,517.0829,83484800
2025-04-16,QQQ,449.03,452.62,437.76,444.18,441.0955,48980600
2025-04-16,XLK,97.75,98.79,95.27,96.955,96.177,13222400
2025-04-16,XLF,47.17,47.34,46.18,46.53,45.5014,47934300
2025-04-16,XLV,138.12,138.62,135.64,136.29,132.8057,8150700
2025-04-16,XLY,93.54,94.27,90.94,92.12,91.0154,8579600
2025-04-16,XLC,91.31,91.52,88.87,89.63,88.0124,3857000
2025-04-16,XLI,125.74,126.43,123.64,124.62,122.3323,8043500
2025-04-16,XLP,81.37,81.49,79.82,80.16,76.9593,13657300
2025-04-16,XLE,39.77,40.525,39.67,39.85,38.1075,27331400
2025-04-16,XLU,38.935,39.085,38.36,38.49,36.9161,17500800
2025-04-16,XLB,40.45,40.725,39.825,40.1,39.0035,10726400
2025-04-16,XLRE,39.99,40.35,39.57,39.82,37.8294,6021900
2025-04-16,SMH,193.16,196.76,188.53,194.35,193.7471,13067200
2025-04-16,IGV,87.57,88.8,85.76,86.94,86.9237,4376800
2025-04-16,XBI,76.09,76.24,73.94,75.13,74.7813,9355000
2025-04-16,GNOM,30.96,30.96,29.804,30.32,29.8767,10700
2025-04-16,ARKG,21.02,21.11,20.325,20.8,20.8,2903100
2025-04-16,KRE,50.71,51.44,50.29,50.96,49.1302,18774600
2025-04-16,XHB,90.93,91.51,88.2,89.03,87.7266,1598400
2025-04-16,XME,54.61,55.81,54.05,54.76,54.449,1183200
2025-04-16,URA,22.49,23.31,22.49,22.71,21.6753,6430100
2025-04-16,ITA,149.81,151.29,148.52,149.66,148.5882,211700
2025-04-16,PAVE,36.23,36.48,35.59,36.01,35.6156,790600
2025-04-17,SPY,527.64,531.17,523.91,526.41,517.8206,79868100
2025-04-17,QQQ,447.17,447.75,441.36,444.1,441.016,44837000
2025-04-17,XLK,97.65,97.65,96.02,96.43,95.6562,7480800
2025-04-17,XLF,46.5,47.21,46.43,46.65,45.6188,61866600
2025-04-17,XLV,135.34,136.57,135.1,135.49,132.0262,9662800
2025-04-17,XLY,92.655,93.3,91.9,92.7,91.5884,7623600
2025-04-17,XLC,90.15,90.87,89.53,90.21,88.5819,3516700
2025-04-17,XLI,124.71,126.49,124.67,125.3,122.9998,7850400
2025-04-17,XLP,80.51,82.26,80.39,81.87,78.601,13663600
2025-04-17,XLE,40.175,41.38,40.155,40.75,38.9681,47908800
2025-04-17,XLU,38.64,39.375,38.64,38.885,37.295,18928800
2025-04-17,XLB,40.215,40.69,40.165,40.375,39.271,9535800
2025-04-17,XLRE,39.97,40.779,39.97,40.45,38.4279,4793500
2025-04-17,SMH,195.82,196,191,192.53,191.9328,7067400
2025-04-17,IGV,87.5,87.54,86.2,86.59,86.5738,2814800
2025-04-17,XBI,74.89,76.16,74.57,75.93,75.5776,10436500
2025-04-17,GNOM,30.4,30.4,29.98,30.28,29.8373,9700
2025-04-17,ARKG,20.76,20.85,20.36,20.67,20.67,2041300
2025-04-17,KRE,51.14,51.79,51.05,51.42,49.5737,25653500
2025-04-17,XHB,89.38,91.28,89.29,90.85,89.5199,1632700
2025-04-17,XME,54.67,55.21,54.07,54.73,54.4192,1269300
2025-04-17,URA,22.83,23.28,22.78,22.87,21.828,2482800
2025-04-17,ITA,149.64,151,148.49,149.55,148.479,177800
2025-04-17,PAVE,36.12,36.535,35.98,36.21,35.8134,1502700
2025-04-21,SPY,521.16,521.7,508.46,513.88,505.4952,69368100
2025-04-21,QQQ,438.23,439.08,427.93,433.11,430.1023,44149300
2025-04-21,XLK,94.905,95.145,92.595,93.94,93.1862,8973400
2025-04-21,XLF,46.41,46.55,45.14,45.65,44.6409,43082300
2025-04-21,XLV,135.19,135.36,131.56,132.57,129.1808,6456000
2025-04-21,XLY,91.365,91.475,88.985,90.225,89.1431,9802000
2025-04-21,XLC,89.45,89.82,87.49,88.18,86.5886,5533900
2025-04-21,XLI,124.09,124.35,121.14,122.49,120.2414,9083500
2025-04-21,XLP,81.94,82.03,80.2,81.09,77.8521,13804400
2025-04-21,XLE,40.105,40.205,39.245,39.685,37.9497,31012000
2025-04-21,XLU,38.71,38.755,37.515,37.965,36.4126,20780000
2025-04-21,XLB,40.345,40.345,39.39,39.76,38.6728,7885800
2025-04-21,XLRE,40.11,40.2,39.11,39.61,37.6298,4364300
2025-04-21,SMH,188.9,189.39,184.4,187.83,187.2474,9572700
2025-04-21,IGV,85.29,85.75,82.78,83.91,83.8943,8123400
2025-04-21,XBI,75.18,77.32,74.67,75.51,75.1596,11913700
2025-04-21,GNOM,29.96,31,29.8,30.52,30.0738,6850
2025-04-21,ARKG,20.355,20.96,20.21,20.43,20.43,2408200
2025-04-21,KRE,51.01,51.16,50.21,50.74,48.9182,12011600
2025-04-21,XHB,89.71,90.2,87.89,88.81,87.5098,1795500
2025-04-21,XME,54.9,55.25,52.71,53.32,53.0172,1655600
2025-04-21,URA,22.95,23.14,22.12,22.45,21.4271,2314400
2025-04-21,ITA,148.33,148.36,144.81,146.46,145.4112,270700
2025-04-21,PAVE,35.96,35.96,34.93,35.3,34.9134,1046800
2025-04-22,SPY,520.14,529.3,519.19,527.25,518.647,75948100
2025-04-22,QQQ,438.82,447.58,437.62,444.48,441.3934,52304400
2025-04-22,XLK,95.19,96.785,94.635,96.23,95.4578,9312800
2025-04-22,XLF,46.34,47.28,46.2,47.16,46.1175,38154800
2025-04-22,XLV,133.64,135.28,133.14,135.06,131.6072,8012500
2025-04-22,XLY,91.26,93.975,91.25,93.08,91.9639,8564800
2025-04-22,XLC,88.91,90.81,88.88,90.48,88.8471,4283800
2025-04-22,XLI,123.49,125.18,123.12,124.63,122.3421,7493200
2025-04-22,XLP,81.4,82.71,81.26,82.24,78.9562,11258800
2025-04-22,XLE,40.2,40.995,40.025,40.695,38.9155,22097400
2025-04-22,XLU,38.37,39.085,38.34,39,37.4053,21700800
2025-04-22,XLB,40.165,40.805,40.165,40.69,39.5774,7293800
2025-04-22,XLRE,40.18,40.61,39.98,40.42,38.3994,4213200
2025-04-22,SMH,190.35,193.3,188.96,191.9,191.3047,7242700
2025-04-22,IGV,85,86.86,84.5,86.16,86.1439,3797200
2025-04-22,XBI,76.51,77.82,76.39,77.64,77.2797,14041800
2025-04-22,GNOM,30.84,31.6,30.84,31.52,31.0592,9900
2025-04-22,ARKG,20.8,21.475,20.8,21.3,21.3,1606000
2025-04-22,KRE,51.09,52.57,51.03,52.37,50.4896,12706200
2025-04-22,XHB,90.16,92.26,89.77,92.19,90.8403,2033600
2025-04-22,XME,53.95,54.52,53.59,54.03,53.7232,1291000
2025-04-22,URA,22.5,22.95,22.5,22.66,21.6276,2046800
2025-04-22,ITA,145.87,146.46,143.48,146.16,145.1133,420900
2025-04-22,PAVE,35.81,36.375,35.66,36.23,35.8332,3657800
2025-04-23,SPY,540.43,545.43,533.88,535.42,526.6836,90590700
2025-04-23,QQQ,458.17,463.38,452.88,454.56,451.4034,55801100
2025-04-23,XLK,99.92,100.975,98.615,99.02,98.2254,13413800
2025-04-23,XLF,48.04,48.73,47.56,47.72,46.6651,50290900
2025-04-23,XLV,136.54,137.93,135.13,135.73,132.26,9503200
2025-04-23,XLY,96.44,97.475,94.935,95.16,94.0189,8957400
2025-04-23,XLC,92.27,93.465,91.52,91.93,90.2709,5029400
2025-04-23,XLI,128.03,129.13,125.82,126.19,123.8734,9718300
2025-04-23,XLP,82.38,82.71,81.13,81.77,78.505,17717300
2025-04-23,XLE,41.05,41.49,40.37,40.62,38.8438,43216200
2025-04-23,XLU,39.385,39.605,38.81,39.165,37.5635,27903600
2025-04-23,XLB,41.145,41.735,40.61,40.74,39.626,13337000
2025-04-23,XLRE,40.76,41.23,40.23,40.47,38.4469,8046200
2025-04-23,SMH,201.58,203.08,198.08,198.91,198.293,11495800
2025-04-23,IGV,89.52,90.95,88.52,88.81,88.7934,7819500
2025-04-23,XBI,79.69,81.17,79.02,79.1,78.7329,14631300
2025-04-23,GNOM,32.48,33.24,32.32,32.32,31.8475,8225
2025-04-23,ARKG,22.23,22.77,21.75,21.77,21.77,3346400
2025-04-23,KRE,54.1,55.44,53.19,53.55,51.6273,28543700
2025-04-23,XHB,94.24,95.91,91.87,92.05,90.7023,1790200
2025-04-23,XME,54.74,56.3,54.74,55.35,55.0357,1927900
2025-04-23,URA,23.38,24,23.38,23.66,22.582,3488400
2025-04-23,ITA,150.09,152.58,149.45,150.24,149.1641,281000
2025-04-23,PAVE,37.32,38.01,36.77,36.9,36.4959,851400
2025-04-24,SPY,536.72,547.43,535.45,546.69,537.7697,64150400
2025-04-24,QQQ,456.48,467.66,455.83,467.35,464.1046,45956100
2025-04-24,XLK,99.995,102.855,99.835,102.715,101.8908,9317000
2025-04-24,XLF,47.55,48.34,47.36,48.25,47.1834,26817900
2025-04-24,XLV,135.95,137.54,135.12,137.39,133.8776,5433000
2025-04-24,XLY,95.15,97.15,94.915,97.055,95.8912,5341200
2025-04-24,XLC,91.66,93.945,91.45,93.77,92.0777,3040400
2025-04-24,XLI,126.14,129.26,125.76,129.02,126.6515,7145400
2025-04-24,XLP,81.22,81.33,80.68,81.05,77.8137,12480700
2025-04-24,XLE,41,41.39,40.645,41.27,39.4654,21219000
2025-04-24,XLU,39.135,39.405,38.855,39.225,37.6211,16828000
2025-04-24,XLB,40.805,41.695,40.655,41.62,40.4819,9995400
2025-04-24,XLRE,40.49,40.905,40.285,40.59,38.5609,5093400
2025-04-24,SMH,203.22,209.28,202.18,208.97,208.3218,9696200
2025-04-24,IGV,90.05,93.4,89.87,93.2,93.1825,9264200
2025-04-24,XBI,79.4,80.93,78.65,80.89,80.5146,11296500
2025-04-24,GNOM,32.28,32.84,32.16,32.76,32.2811,6125
2025-04-24,ARKG,21.9,22.48,21.71,22.45,22.45,1517700
2025-04-24,KRE,53.41,54.49,53.01,54.45,52.4949,13620400
2025-04-24,XHB,92.86,94.59,91.49,94.35,92.9687,1735800
2025-04-24,XME,55.5,57.33,55.35,57.2,56.8752,1234400
2025-04-24,URA,23.98,24.62,23.94,24.59,23.4696,2102200
2025-04-24,ITA,150.43,153.14,149.65,152.86,151.7653,318600
2025-04-24,PAVE,36.87,38.1,36.815,37.99,37.5739,778300
2025-04-25,SPY,546.65,551.05,543.69,550.64,541.6553,61119600
2025-04-25,QQQ,466.97,473.09,465.39,472.56,469.2784,38697100
2025-04-25,XLK,102.405,104.43,102.305,104.235,103.3986,6518400
2025-04-25,XLF,48.01,48.23,47.7,48.02,46.9585,28113000
2025-04-25,XLV,137.59,138.2,135.88,138.05,134.5207,6438400
2025-04-25,XLY,97.05,98.865,96.81,98.8,97.6153,5968800
2025-04-25,XLC,94.54,94.68,93.68,94.36,92.657,3168500
2025-04-25,XLI,128.71,129.5,128.1,129.01,126.6417,5826900
2025-04-25,XLP,81.2,81.44,80,80.84,77.6121,14378000
2025-04-25,XLE,40.9,41.23,40.74,41.195,39.3937,17664800
2025-04-25,XLU,39.26,39.285,38.93,39.105,37.506,14074600
2025-04-25,XLB,41.295,41.425,40.975,41.31,40.1804,9400400
2025-04-25,XLRE,40.61,40.76,40.275,40.53,38.5039,4511000
2025-04-25,SMH,207.18,213.29,206.5,211.97,211.3125,7487400
2025-04-25,IGV,93.15,94.78,93.08,94.76,94.7422,7125900
2025-04-25,XBI,80.12,80.71,79.27,80.25,79.8776,8244700
2025-04-25,GNOM,32.12,32.6,32.1,32.4,31.9263,3550
2025-04-25,ARKG,22.24,22.487,22.011,22.4,22.4,1516100
2025-04-25,KRE,53.92,54.32,53.53,53.95,52.0129,10941100
2025-04-25,XHB,93.84,94.05,93.01,93.61,92.2395,1208100
2025-04-25,XME,56.32,56.65,55.97,56.54,56.2189,1148600
2025-04-25,URA,24.39,24.51,24.2,24.45,23.336,1632300
2025-04-25,ITA,153.21,154.87,153.08,154.73,153.6219,249100
2025-04-25,PAVE,37.84,38.095,37.705,37.95,37.5344,500100
2025-04-28,SPY,551.39,553.55,545.02,550.85,541.8618,47613800
2025-04-28,QQQ,473.03,474.81,466.03,472.41,469.1294,33550800
2025-04-28,XLK,104.1,104.615,102.51,104.065,103.23,5574400
2025-04-28,XLF,48.22,48.57,47.83,48.17,47.1052,33922800
2025-04-28,XLV,138.24,139.04,137.4,138.6,135.0567,5803300
2025-04-28,XLY,99.185,99.95,97.46,98.835,97.6499,5562000
2025-04-28,XLC,94.68,95.22,93.85,94.72,93.0105,2455000
2025-04-28,XLI,129.23,130.3,128.22,129.44,127.0638,6202200
2025-04-28,XLP,80.91,81.22,80.14,80.57,77.3529,12088900
2025-04-28,XLE,41.15,41.6,41.095,41.485,39.671,16436800
2025-04-28,XLU,39.125,39.425,38.855,39.345,37.7362,11084800
2025-04-28,XLB,41.365,41.675,40.98,41.385,40.2534,7779600
2025-04-28,XLRE,40.52,40.89,40.41,40.78,38.7414,4403400
2025-04-28,SMH,210.89,212.21,206.4,210.65,209.9966,5804900
2025-04-28,IGV,94.9,95.42,93.53,94.88,94.8622,4715700
2025-04-28,XBI,80.72,82.11,80.34,81.37,80.9924,6974300
2025-04-28,GNOM,32.44,32.86,32.08,32.456,31.9815,9975
2025-04-28,ARKG,22.45,22.925,22.02,22.35,22.35,2067700
2025-04-28,KRE,54.1,54.5,53.59,54.27,52.3214,7236800
2025-04-28,XHB,93.6,94.81,92.84,93.77,92.3971,1236100
2025-04-28,XME,56.44,57.24,56.07,56.92,56.5968,877900
2025-04-28,URA,24.58,25.13,24.46,25.05,23.9087,2483100
2025-04-28,ITA,155.62,157.02,154.3,155.72,154.6048,230700
2025-04-28,PAVE,38.01,38.295,37.57,37.93,37.5146,795200
2025-04-29,SPY,548.91,555.45,548.55,554.32,545.2753,47775100
2025-04-29,QQQ,470.17,476.42,469.59,475.53,472.2278,30613100
2025-04-29,XLK,103.565,104.985,103.565,104.55,103.7111,9144400
2025-04-29,XLF,48.18,48.76,47.96,48.67,47.5941,42475300
2025-04-29,XLV,138.42,139.97,137.73,139.28,135.7193,7811900
2025-04-29,XLY,98.08,99.67,97.965,99.535,98.3415,5136600
2025-04-29,XLC,94.4,95.5,94.219,95.41,93.6881,2714700
2025-04-29,XLI,129.05,130.54,128.94,130.28,127.8884,5040600
2025-04-29,XLP,80.23,81.3,79.79,81.24,77.9961,10065700
2025-04-29,XLE,41.02,41.515,40.94,41.365,39.5562,19843400
2025-04-29,XLU,39.29,39.715,39.125,39.65,38.0287,13168000
2025-04-29,XLB,41.47,41.905,41.27,41.73,40.5889,9526800
2025-04-29,XLRE,40.79,41.29,40.72,41.11,39.0549,4088100
2025-04-29,SMH,209.33,212.25,208.52,210.29,209.6377,4506200
2025-04-29,IGV,94.79,96.29,94.68,96.1,96.082,2914500
2025-04-29,XBI,80.99,82.36,80.41,81.88,81.5,9301500
2025-04-29,GNOM,32.36,32.708,32.28,32.4,31.9263,4550
2025-04-29,ARKG,22.41,22.555,22.08,22.28,22.28,1200700
2025-04-29,KRE,54.25,54.94,53.54,54.76,52.7938,8643700
2025-04-29,XHB,93.34,94.26,92.61,93.9,92.5252,1740700
2025-04-29,XME,56.56,56.97,55.98,56.88,56.557,1071100
2025-04-29,URA,25.19,25.49,25.02,25.13,23.985,1404300
2025-04-29,ITA,155.73,156.88,155.64,156.43,155.3098,183100
2025-04-29,PAVE,37.81,38.297,37.61,38.14,37.7223,542800
2025-04-30,SPY,547.57,556.52,541.52,554.54,545.4917,93101500
2025-04-30,QQQ,467.13,477.2,462.43,475.47,472.1682,46810600
2025-04-30,XLK,102.495,105.375,101.9,104.985,104.1426,10203800
2025-04-30,XLF,48.15,48.93,47.5,48.76,47.6821,33759900
2025-04-30,XLV,139.55,140.79,138.26,140.47,136.8789,6827800
2025-04-30,XLY,97.1,98.905,95.815,98.63,97.4473,5881800
2025-04-30,XLC,94.48,95.695,93.14,95.44,93.7175,3123000
2025-04-30,XLI,129.41,131.59,127.85,131.22,128.8111,7532300
2025-04-30,XLP,81.69,82.15,80.67,81.83,78.5626,10565800
2025-04-30,XLE,40.7,40.76,39.755,40.25,38.49,37814200
2025-04-30,XLU,39.495,39.585,38.77,39.45,37.8369,18077200
2025-04-30,XLB,41.24,42.08,41.02,41.945,40.798,9867400
2025-04-30,XLRE,40.85,41.45,40.62,41.3,39.2354,5100700
2025-04-30,SMH,205.02,211.74,203.89,211.28,210.6246,5974400
2025-04-30,IGV,94,96.41,93.44,96.07,96.052,3513000
2025-04-30,XBI,81.1,83.25,80.88,82.95,82.5651,9587200
2025-04-30,GNOM,32.04,32.78,31.8,32.76,32.2811,11750
2025-04-30,ARKG,21.6,22.085,21.35,21.99,21.99,1757400
2025-04-30,KRE,53.6,54.38,53.05,54.13,52.1864,10159100
2025-04-30,XHB,93.15,94.97,92.2,94.7,93.3135,1554300
2025-04-30,XME,55.34,56.47,54.91,56.35,56.03,1999800
2025-04-30,URA,24.55,25.1,24.47,25,23.861,1766600
2025-04-30,ITA,155,157.27,153.66,156.91,155.7863,271400
2025-04-30,PAVE,37.63,38.461,37.38,38.38,37.9597,1981900
2025-05-01,SPY,560.37,564.07,557.86,558.47,549.3575,63186100
2025-05-01,QQQ,483.41,487.18,480.74,481.68,478.335,43316500
2025-05-01,XLK,107.28,108.275,106.43,106.525,105.6702,11532800
2025-05-01,XLF,48.58,49.07,48.44,48.75,47.6723,34420200
2025-05-01,XLV,138.81,139.11,136.47,136.64,133.1468,10363200
2025-05-01,XLY,99.125,100.47,98.96,99.175,97.9858,7359000
2025-05-01,XLC,96.74,96.92,95.67,95.93,94.1987,3753300
2025-05-01,XLI,131.78,133.16,131.25,132.21,129.7829,9338700
2025-05-01,XLP,81.29,81.55,80.83,81.12,77.8809,13203000
2025-05-01,XLE,39.92,40.93,39.92,40.4,38.6334,36314400
2025-05-01,XLU,39.695,40.065,39.435,39.565,37.9472,17967000
2025-05-01,XLB,41.47,42.07,41.45,41.76,40.6181,11208400
2025-05-01,XLRE,41.42,41.77,41.155,41.42,39.3494,6986300
2025-05-01,SMH,214.93,216.53,212.11,212.3,211.6415,6878200
2025-05-01,IGV,98.16,98.9,97,97.01,96.9918,5903800
2025-05-01,XBI,82.95,83.5,80.93,82.5,82.1171,9292300
2025-05-01,GNOM,32.72,32.72,31.84,32.292,31.8199,7575
2025-05-01,ARKG,22.31,22.31,21.495,21.75,21.75,1495200
2025-05-01,KRE,54.34,55.24,53.71,54.73,52.7649,10549200
2025-05-01,XHB,95.13,96.54,94.21,95.18,93.7865,1229500
2025-05-01,XME,56.47,57.13,56.21,56.47,56.1493,1664900
2025-05-01,URA,25.38,25.6,25.07,25.31,24.1568,2573400
2025-05-01,ITA,157.89,159.51,156.95,158.55,157.4146,275700
2025-05-01,PAVE,38.63,39.255,38.56,38.83,38.4047,905800
2025-05-02,SPY,564.73,568.38,562.38,566.76,557.5123,60717300
2025-05-02,QQQ,486.54,490.91,484.83,488.83,485.4354,39218100
2025-05-02,XLK,107.745,108.81,107.455,108.305,107.4359,8125400
2025-05-02,XLF,49.49,49.94,49.33,49.76,48.66,35032100
2025-05-02,XLV,138.79,139.01,137.55,138.53,134.9885,9777000
2025-05-02,XLY,100.225,101.29,99.57,100.715,99.5073,7457000
2025-05-02,XLC,96.55,97.926,96.41,97.42,95.6618,3542600
2025-05-02,XLI,133.89,135.11,133.7,134.58,132.1094,7227600
2025-05-02,XLP,81.58,81.86,81.21,81.56,78.3033,14859700
2025-05-02,XLE,40.89,41.195,40.16,40.99,39.1976,32038800
2025-05-02,XLU,39.71,39.995,39.495,39.875,38.2445,16074000
2025-05-02,XLB,42.26,42.645,42.11,42.465,41.3038,8572400
2025-05-02,XLRE,41.925,42.06,41.74,41.93,39.8339,4073900
2025-05-02,SMH,217.99,220.92,217.24,219.03,218.3506,6522200
2025-05-02,IGV,98.7,99.87,98.5,99.47,99.4514,4452500
2025-05-02,XBI,83.5,84.24,83.25,83.5,83.1125,9684600
2025-05-02,GNOM,32.84,33.076,32.78,32.8,32.3205,7925
2025-05-02,ARKG,22.2,23.05,22.2,22.67,22.67,1972000
2025-05-02,KRE,55.75,56.4,55.25,56.24,54.2207,11937900
2025-05-02,XHB,95.91,97.65,95.91,97.24,95.8164,1342800
2025-05-02,XME,57.19,57.95,56.71,57.52,57.1934,1168700
2025-05-02,URA,25.74,26.09,25.74,25.84,24.6627,3360000
2025-05-02,ITA,160.49,162.48,159.55,161.36,160.2045,527000
2025-05-02,PAVE,39.33,39.887,39.24,39.66,39.2256,1941900
2025-05-05,SPY,562.57,566.65,561.7,563.51,554.3154,38659200
2025-05-05,QQQ,484.6,489.03,484.1,485.93,482.5555,28309500
2025-05-05,XLK,107.375,108.5,107.32,107.73,106.8656,6757000
2025-05-05,XLF,49.34,49.83,49.1,49.44,48.3471,24139900
2025-05-05,XLV,138.25,138.68,137.58,138.14,134.6084,5479700
2025-05-05,XLY,99.905,100.225,99.315,99.645,98.4501,4677000
2025-05-05,XLC,96.38,98.07,96.23,97.65,95.8877,3764000
2025-05-05,XLI,133.76,135.45,133.67,134.65,132.1781,4523400
2025-05-05,XLP,81.58,81.68,81,81.49,78.2361,10236300
2025-05-05,XLE,40.475,40.53,40.025,40.25,38.49,29530200
2025-05-05,XLU,39.745,39.895,39.385,39.775,38.1486,14895800
2025-05-05,XLB,42.275,42.455,42.09,42.15,40.9974,5679200
2025-05-05,XLRE,41.925,42.105,41.63,41.88,39.7864,3018300
2025-05-05,SMH,217.03,219.6,216.9,217.61,216.935,4536000
2025-05-05,IGV,98.65,100.21,98.49,99.37,99.3514,3723600
2025-05-05,XBI,83.19,83.38,82.05,82.65,82.2664,6374300
2025-05-05,GNOM,32.72,32.96,32.6,32.8,32.3205,12075
2025-05-05,ARKG,22.515,22.57,21.85,21.92,21.92,2200800
2025-05-05,KRE,55.59,56.82,55.53,56.04,54.0278,10386700
2025-05-05,XHB,96.55,97.5,96.19,96.59,95.1759,828600
2025-05-05,XME,57.57,57.76,57.16,57.46,57.1337,693300
2025-05-05,URA,25.75,25.79,25.38,25.65,24.4813,1670100
2025-05-05,ITA,160.8,162.18,160.39,161.25,160.0952,621900
2025-05-05,PAVE,39.37,39.87,39.28,39.58,39.1465,967600
2025-05-06,SPY,557.93,563.35,556.96,558.8,549.6821,48264700
2025-05-06,QQQ,479.56,485.05,478.19,481.41,478.0669,32786300
2025-05-06,XLK,106.13,107.62,105.805,106.835,105.9777,7958200
2025-05-06,XLF,49,49.56,48.97,49.16,48.0733,28949100
2025-05-06,XLV,137.13,137.19,133.97,134.33,130.8959,11625900
2025-05-06,XLY,98.43,99.5,98.34,98.775,97.5906,4811200
2025-05-06,XLC,96.695,98.02,96.66,97.63,95.868,4089000
2025-05-06,XLI,133.24,134.23,132.96,133.47,131.0198,5404100
2025-05-06,XLP,81.33,81.63,80.97,81.35,78.1017,10506300
2025-05-06,XLE,40.43,40.61,40.035,40.26,38.4995,22995400
2025-05-06,XLU,39.78,40.54,39.745,40.26,38.6137,20635000
2025-05-06,XLB,42.01,42.2,41.735,41.845,40.7008,6111200
2025-05-06,XLRE,41.69,41.925,41.4,41.59,39.5109,2531600
2025-05-06,SMH,213.65,217.44,212.84,215.59,214.9212,5019400
2025-05-06,IGV,97.39,98.69,96.92,97.96,97.9416,3653700
2025-05-06,XBI,81.85,81.93,77.08,77.17,76.8119,32491300
2025-05-06,GNOM,32.32,32.32,30.16,30.16,29.7191,9475
2025-05-06,ARKG,21.51,21.56,20.31,20.34,20.34,3877400
2025-05-06,KRE,55.35,56.03,55.05,55.46,53.4687,7829700
2025-05-06,XHB,95.78,96.6,94.86,94.94,93.55,1478400
2025-05-06,XME,57.28,58.22,57.02,58.12,57.7899,1348300
2025-05-06,URA,25.23,26.46,25.2,26.39,25.1876,4911500
2025-05-06,ITA,159.64,160.61,158.55,160.13,158.9833,457200
2025-05-06,PAVE,39.19,39.52,39.094,39.2,38.7707,646700
2025-05-07,SPY,560.15,563.82,556.04,561.15,551.9938,55588000
2025-05-07,QQQ,482.08,485.8,476.78,483.3,479.9438,38006300
2025-05-07,XLK,106.835,108.375,106.1,107.905,107.0392,8169400
2025-05-07,XLF,49.32,49.72,49.26,49.45,48.3569,30070100
2025-05-07,XLV,134.75,135.75,134.4,135.36,131.8995,6417500
2025-05-07,XLY,98.985,99.99,98.625,99.545,98.3513,5359400
2025-05-07,XLC,98.41,98.845,96.65,97.45,95.6913,4160200
2025-05-07,XLI,133.87,134.74,133.42,134.15,131.6873,5304600
2025-05-07,XLP,81.43,81.85,81.16,81.48,78.2265,10474900
2025-05-07,XLE,40.35,40.48,39.97,40.275,38.5139,22446200
2025-05-07,XLU,40.19,40.61,40.05,40.375,38.724,19575000
2025-05-07,XLB,41.89,41.98,41.455,41.615,40.4771,8746400
2025-05-07,XLRE,41.62,41.917,41.5,41.56,39.4824,3892500
2025-05-07,SMH,215.72,220.92,214.19,220.02,219.3375,9068800
2025-05-07,IGV,98.14,99.19,97.6,98.78,98.7615,6146500
2025-05-07,XBI,77.6,77.89,76.56,77.35,76.991,12918800
2025-05-07,GNOM,30.36,30.36,29.64,29.948,29.5102,9550
2025-05-07,ARKG,20.61,20.88,20.25,20.82,20.82,1673500
2025-05-07,KRE,55.93,56.23,55.3,55.51,53.5169,10934400
2025-05-07,XHB,95.63,95.72,94.48,95.1,93.7077,1421200
2025-05-07,XME,58,58,56.88,57.43,57.1039,1143500
2025-05-07,URA,26.44,26.94,26.32,26.77,25.5503,2636900
2025-05-07,ITA,160.15,161.07,159.63,160.31,159.162,316400
2025-05-07,PAVE,39.44,39.55,39.09,39.32,38.8894,788000
2025-05-08,SPY,565.24,570.31,561.7,565.06,555.84,65130800
2025-05-08,QQQ,488.53,492.7,484.17,488.29,484.8992,39577600
2025-05-08,XLK,108.975,109.97,108.005,108.935,108.0609,8704400
2025-05-08,XLF,49.84,50.37,49.73,49.86,48.7578,31294200
2025-05-08,XLV,134.41,135.33,133.69,134.14,130.7107,10558100
2025-05-08,XLY,100.505,101.76,99.865,100.72,99.5123,6464400
2025-05-08,XLC,98.04,98.615,97.37,97.68,95.9171,3865800
2025-05-08,XLI,135.19,137.35,134.94,136,133.5033,7914800
2025-05-08,XLP,81.57,81.95,81.07,81.38,78.1305,11018500
2025-05-08,XLE,40.645,41.36,40.58,40.805,39.0207,30565800
2025-05-08,XLU,40.395,40.495,39.995,40.05,38.4123,22437800
2025-05-08,XLB,41.905,42.585,41.8,42.17,41.0169,8063200
2025-05-08,XLRE,41.78,41.8,41.285,41.36,39.2924,3841000
2025-05-08,SMH,222.85,224.84,220.1,221.95,221.2615,5919200
2025-05-08,IGV,99.64,101.33,99.38,100.41,100.3912,4458600
2025-05-08,XBI,77.06,79.28,75.68,78.04,77.6778,16479300
2025-05-08,GNOM,30,30.98,29.76,30.72,30.2709,77050
2025-05-08,ARKG,21.06,22.05,20.72,21.73,21.73,3453000
2025-05-08,KRE,56.05,57.25,56,56.85,54.8088,11470200
2025-05-08,XHB,95.82,97.51,95.59,96.75,95.3335,1849200
2025-05-08,XME,57.84,58.46,57.37,57.87,57.5414,2836000
2025-05-08,URA,27.17,27.29,26.63,26.68,25.4644,2266900
2025-05-08,ITA,161.87,165.11,161.7,163.44,162.2696,498100
2025-05-08,PAVE,39.69,40.42,39.6,40.05,39.6114,869000
2025-05-09,SPY,566.48,567.5,562.76,564.34,555.1318,37603400
2025-05-09,QQQ,490.21,491.54,486.2,487.97,484.5813,27767400
2025-05-09,XLK,109.42,109.62,108.24,108.8,107.927,7330000
2025-05-09,XLF,49.96,50.04,49.72,49.86,48.7578,22075000
2025-05-09,XLV,134.31,134.77,132.62,132.68,129.288,7555200
2025-05-09,XLY,100.98,101.96,100.715,101.205,99.9915,5159600
2025-05-09,XLC,98.01,98.09,97.03,97.18,95.4261,4425900
2025-05-09,XLI,136.27,136.56,135.2,136.11,133.6113,4541200
2025-05-09,XLP,81.03,81.34,80.82,80.91,77.6793,9231500
2025-05-09,XLE,41.3,41.42,40.88,41.215,39.4128,19993200
2025-05-09,XLU,40.155,40.165,39.86,40.12,38.4795,17420400
2025-05-09,XLB,42.175,42.34,42.04,42.28,41.1239,6360000
2025-05-09,XLRE,41.39,41.749,41.29,41.61,39.5299,2540300
2025-05-09,SMH,224.53,225.36,221.99,223.4,222.707,3495500
2025-05-09,IGV,100.77,100.77,99.15,99.69,99.6713,3833800
2025-05-09,XBI,78.15,79.55,76.3,76.39,76.0355,11445300
2025-05-09,GNOM,30.76,31.16,29.96,30.016,29.5772,30375
2025-05-09,ARKG,21.92,22.28,21.09,21.13,21.13,2231600
2025-05-09,KRE,56.84,57.1,56.38,56.58,54.5485,6763000
2025-05-09,XHB,96.92,97.18,96.07,96.39,94.9788,971000
2025-05-09,XME,58.03,58.45,57.2,58.4,58.0684,816900
2025-05-09,URA,26.71,27.22,26.46,27.16,25.9225,2465100
2025-05-09,ITA,164.47,164.47,161.44,163.33,162.1603,273300
2025-05-09,PAVE,40.17,40.28,39.85,40.16,39.7202,1109900
2025-05-12,SPY,581.47,583,577.04,582.99,573.4775,78993600
2025-05-12,QQQ,506.99,507.89,501.48,507.85,504.3233,45090600
2025-05-12,XLK,113.415,113.89,112.27,113.85,112.9364,13478200
2025-05-12,XLF,51.11,51.2,50.55,50.87,49.7455,44274100
2025-05-12,XLV,132.88,136.13,132.64,135.96,132.4842,15211100
2025-05-12,XLY,106.59,106.6,105.195,106.235,104.9611,9569400
2025-05-12,XLC,99.5,99.515,98.32,99.2,97.4097,3341400
2025-05-12,XLI,140.31,140.35,138.98,140.3,137.7244,8321800
2025-05-12,XLP,80.97,81.23,80.33,81.03,77.7945,18914800
2025-05-12,XLE,42.74,42.935,41.98,42.29,40.4408,32610000
2025-05-12,XLU,40.305,40.41,39.7,39.88,38.2493,27460200
2025-05-12,XLB,43.435,43.74,43.04,43.26,42.0771,8798800
2025-05-12,XLRE,42.11,42.14,41.44,41.65,39.5679,5525700
2025-05-12,SMH,236.72,238.67,234.05,237.41,236.6736,9246900
2025-05-12,IGV,102.55,102.83,101.37,102.78,102.7607,6929800
2025-05-12,XBI,78.05,80.07,77.86,79.45,79.0813,19550400
2025-05-12,GNOM,30.72,31.56,30.72,31.24,30.7833,18975
2025-05-12,ARKG,22,22.395,21.555,22.07,22.07,1960000
2025-05-12,KRE,59.23,59.95,58.93,59.18,57.0551,16337800
2025-05-12,XHB,100.42,102.36,99.38,100.86,99.3834,4248400
2025-05-12,XME,59.8,60.05,58.65,59.13,58.7942,1776400
2025-05-12,URA,27.71,27.82,27.17,27.29,26.0466,2211900
2025-05-12,ITA,167.41,167.41,162.15,165.64,164.4538,511900
2025-05-12,PAVE,41.71,41.81,41.22,41.56,41.1048,4345900
2025-05-13,SPY,583.41,589.08,582.84,586.84,577.2647,67947200
2025-05-13,QQQ,509.16,517.39,508.42,515.59,512.0095,53269600
2025-05-13,XLK,114.26,116.69,114.13,116.31,115.3767,12757200
2025-05-13,XLF,51,51.32,50.91,51.08,49.9508,33986100
2025-05-13,XLV,133.94,133.94,131.83,131.87,128.4987,17817000
2025-05-13,XLY,106.885,108.09,106.535,107.64,106.3493,11431000
2025-05-13,XLC,99.48,100.58,99.19,100.17,98.3622,5384300
2025-05-13,XLI,140.75,142.18,140.59,141.28,138.6864,9795200
2025-05-13,XLP,80.76,80.88,79.65,79.94,76.748,13148500
2025-05-13,XLE,42.5,43.225,42.33,42.885,41.0098,29031600
2025-05-13,XLU,39.82,40.135,39.605,39.825,38.1965,24064000
2025-05-13,XLB,43.28,43.37,43.03,43.045,41.868,6839000
2025-05-13,XLRE,41.57,41.67,40.945,41.09,39.0359,6501800
2025-05-13,SMH,239.05,246.69,238.6,245.56,244.7983,8665600
2025-05-13,IGV,103.11,105.34,103.01,104.73,104.7104,3737300
2025-05-13,XBI,79.28,79.44,77.2,77.55,77.1901,15782000
2025-05-13,GNOM,31.24,31.24,30.648,30.84,30.3891,27525
2025-05-13,ARKG,22.3,22.55,21.75,21.96,21.96,2217800
2025-05-13,KRE,59.4,59.74,59.04,59.46,57.325,10082700
2025-05-13,XHB,101.55,102.19,101.17,101.21,99.7282,2186000
2025-05-13,XME,59.42,60.08,59.2,59.64,59.3013,1717800
2025-05-13,URA,27.34,28,27.3,27.84,26.5716,3082200
2025-05-13,ITA,166.34,168.18,166.1,166.94,165.7445,666600
2025-05-13,PAVE,41.66,42.29,41.66,41.92,41.4609,3443100
2025-05-14,SPY,587.81,588.98,585.54,587.59,578.0024,66283500
2025-05-14,QQQ,516.77,519.23,515.75,518.68,515.0781,47014500
2025-05-14,XLK,116.855,117.525,116.38,117.065,116.1257,10248000
2025-05-14,XLF,51.11,51.17,50.79,50.94,49.8139,38764200
2025-05-14,XLV,132.28,132.55,128.68,128.77,125.478,19579500
2025-05-14,XLY,107.915,108.59,107.605,108.055,106.7593,7117000
2025-05-14,XLC,100.14,100.79,100,100.69,98.8728,4406000
2025-05-14,XLI,141.19,141.42,140.2,140.6,138.0189,6517700
2025-05-14,XLP,79.8,79.91,79.36,79.51,76.3352,10352000
2025-05-14,XLE,42.6,42.79,42.46,42.625,40.7611,21332600
2025-05-14,XLU,39.74,39.755,39.055,39.65,38.0287,22912600
2025-05-14,XLB,42.8,42.855,42.42,42.65,41.4838,7891200
2025-05-14,XLRE,40.99,40.99,40.54,40.74,38.7034,4416300
2025-05-14,SMH,247.65,249.44,245.6,247.99,247.2207,7439600
2025-05-14,IGV,104.98,105.61,104.15,104.8,104.7804,3632000
2025-05-14,XBI,77.62,78.46,75.9,76.37,76.0156,13920500
2025-05-14,GNOM,30.88,31,29.68,29.716,29.2816,15750
2025-05-14,ARKG,22.16,22.46,21.09,21.13,21.13,2293000
2025-05-14,KRE,59.16,59.57,58.98,59.19,57.0647,11334300
2025-05-14,XHB,100.83,100.96,98.63,98.68,97.2353,3428700
2025-05-14,XME,59.33,59.69,58.99,59.09,58.7544,1462200
2025-05-14,URA,27.96,28.31,27.86,28.15,26.8674,2212200
2025-05-14,ITA,167.62,167.62,165.66,167.12,165.9232,456000
2025-05-14,PAVE,41.88,41.99,41.68,41.76,41.3026,760500
2025-05-15,SPY,585.56,590.97,585.1,590.46,580.8256,71268100
2025-05-15,QQQ,516.52,521.93,515.17,519.25,515.6442,50153300
2025-05-15,XLK,116.43,117.885,116.29,117.225,116.2844,9536400
2025-05-15,XLF,50.87,51.36,50.83,51.28,50.1464,34742500
2025-05-15,XLV,128.47,130.54,127.35,130.46,127.1248,18792700
2025-05-15,XLY,107.035,108.105,106.7,107.815,106.5222,8393000
2025-05-15,XLC,100.75,101.595,100.63,101.09,99.2656,3259800
2025-05-15,XLI,141,142.38,140.8,142.16,139.5503,5761900
2025-05-15,XLP,79.58,81.19,79.26,81.14,77.9001,13370000
2025-05-15,XLE,42.085,42.83,41.98,42.805,40.9333,29721600
2025-05-15,XLU,39.81,40.605,39.785,40.495,38.8391,26629200
2025-05-15,XLB,42.535,43.11,42.505,43.085,41.9069,7114600
2025-05-15,XLRE,40.92,41.505,40.85,41.49,39.4159,4703800
2025-05-15,SMH,245.75,249,244.08,247.13,246.3634,6446300
2025-05-15,IGV,104.09,105.02,103.72,104.4,104.3804,3914900
2025-05-15,XBI,76.36,77.66,75.71,77.58,77.22,11089500
2025-05-15,GNOM,29.76,30.1,29.44,30.1,29.6599,16825
2025-05-15,ARKG,21.13,21.21,20.571,21.21,21.21,3137900
2025-05-15,KRE,59.18,59.47,58.77,59.25,57.1226,7010400
2025-05-15,XHB,98.3,99.25,97.49,99.21,97.7575,1928800
2025-05-15,XME,58.6,59.15,58.21,59.08,58.7445,1196100
2025-05-15,URA,27.92,28.09,27.57,28.01,26.7338,2131300
2025-05-15,ITA,167.8,170.9,167.78,170.67,169.4478,564500
2025-05-15,PAVE,41.63,41.98,41.585,41.89,41.4312,737700
2025-05-16,SPY,591.25,594.5,589.28,594.2,584.5045,76052100
2025-05-16,QQQ,520.66,521.7,517.1,521.51,517.8885,48394600
2025-05-16,XLK,117.605,117.605,116.43,117.445,116.5026,8111600
2025-05-16,XLF,51.27,51.67,51.16,51.59,50.4496,53401000
2025-05-16,XLV,130.7,133.14,130.31,133.09,129.6875,12901800
2025-05-16,XLY,108.18,108.91,107.89,108.835,107.53,5973200
2025-05-16,XLC,101.47,101.815,100.85,101.78,99.9431,4156300
2025-05-16,XLI,142.38,143.78,141.91,143.78,141.1405,5384200
2025-05-16,XLP,81.22,82.07,81.1,82.07,78.793,11973300
2025-05-16,XLE,42.9,42.925,42.305,42.74,40.8711,21725800
2025-05-16,XLU,40.555,41.105,40.455,41.09,39.4098,20076800
2025-05-16,XLB,43.09,43.53,42.84,43.525,42.3348,6426800
2025-05-16,XLRE,41.57,42.03,41.43,42.01,39.9099,3421200
2025-05-16,SMH,247.54,247.61,244.12,246.42,245.6556,3800100
2025-05-16,IGV,104.62,105.28,104.46,105.16,105.1403,5303400
2025-05-16,XBI,77.87,79.18,77.33,79.02,78.6533,10103000
2025-05-16,GNOM,30.36,30.94,30.16,30.92,30.468,9325
2025-05-16,ARKG,21.43,21.87,21.167,21.8,21.8,4099700
2025-05-16,KRE,59.1,59.41,58.72,59.24,57.1129,7961500
2025-05-16,XHB,99.31,100.92,99.05,100.89,99.4129,1647100
2025-05-16,XME,58.52,59.58,58.34,59.44,59.1024,1433300
2025-05-16,URA,28.05,28.16,27.57,27.71,26.4475,2220200
2025-05-16,ITA,171.46,172.05,170.09,171.94,170.7087,335000
2025-05-16,PAVE,42.08,42.425,41.82,42.4,41.9356,700900
2025-05-19,SPY,588.1,595.54,588.1,594.85,585.144,68168500
2025-05-19,QQQ,514.24,522.53,514.24,522.01,518.385,52536200
2025-05-19,XLK,115.71,117.54,115.67,117.275,116.334,11863000
2025-05-19,XLF,51.32,51.77,51.24,51.62,50.4789,26348400
2025-05-19,XLV,133.02,134.44,132.65,134.37,130.9348,11645200
2025-05-19,XLY,107.065,108.74,106.84,108.58,107.278,6935000
2025-05-19,XLC,100.67,101.93,100.67,101.88,100.0413,3947600
2025-05-19,XLI,142.39,144.39,142.39,144.27,141.6215,5459200
2025-05-19,XLP,81.85,82.37,81.61,82.31,79.0234,13601400
2025-05-19,XLE,42.385,42.43,41.875,42.185,40.3404,24787000
2025-05-19,XLU,40.745,41.285,40.735,41.265,39.5777,16306400
2025-05-19,XLB,43.28,43.685,43.09,43.635,42.4418,10166600
2025-05-19,XLRE,41.68,42.135,41.63,42.1,39.9954,3023400
2025-05-19,SMH,241.4,246.5,241.29,246.01,245.2469,4196100
2025-05-19,IGV,103.66,105.3,103.46,104.94,104.9203,4570700
2025-05-19,XBI,78.16,79.87,78.15,79.72,79.3501,7045500
2025-05-19,GNOM,30.64,31.28,30.64,31.28,30.8227,7550
2025-05-19,ARKG,21.28,21.74,21.215,21.74,21.74,2291200
2025-05-19,KRE,58.49,59.06,58.3,59,56.8816,6665300
2025-05-19,XHB,98.85,100.05,98.63,99.75,98.2896,2113000
2025-05-19,XME,58.67,59.5,58.56,59.49,59.1522,889800
2025-05-19,URA,27.28,27.89,27.26,27.81,26.5429,2081500
2025-05-19,ITA,170.95,173.38,170.69,173.3,172.0589,503600
2025-05-19,PAVE,41.84,42.4,41.806,42.35,41.8862,539900
2025-05-20,SPY,593.09,594.05,589.6,592.85,583.1765,60614500
2025-05-20,QQQ,519.47,520.93,516.66,520.27,516.657,42517600
2025-05-20,XLK,116.545,116.855,115.95,116.835,115.8975,10273200
2025-05-20,XLF,51.38,51.52,51.11,51.34,50.2051,26903000
2025-05-20,XLV,134.4,135.09,134.19,134.7,131.2564,11644500
2025-05-20,XLY,108.78,109.09,107.5,108.015,106.7198,7046800
2025-05-20,XLC,101.67,102.17,101.12,101.63,99.7958,2603100
2025-05-20,XLI,143.69,144.46,143.19,143.75,141.1111,6825700
2025-05-20,XLP,82.27,82.84,82.27,82.6,79.3018,12719300
2025-05-20,XLE,42.155,42.25,41.755,41.795,39.9674,22782200
2025-05-20,XLU,41.2,41.525,41.2,41.385,39.6927,18075200
2025-05-20,XLB,43.57,43.64,43.375,43.56,42.3689,5128600
2025-05-20,XLRE,41.76,42.01,41.74,41.88,39.7864,2311800
2025-05-20,SMH,243.87,245.61,242.88,245.54,244.7783,3115200
2025-05-20,IGV,104.44,104.74,103.83,104.69,104.6704,3387800
2025-05-20,XBI,79.67,81.7,79.33,81.4,81.0222,13967400
2025-05-20,GNOM,31.4,31.96,31.12,31.92,31.4533,8525
2025-05-20,ARKG,21.69,22.075,21.35,21.87,21.87,2428500
2025-05-20,KRE,58.93,58.97,58.54,58.73,56.6213,6114300
2025-05-20,XHB,99.85,99.94,98.35,98.67,97.2254,1982900
2025-05-20,XME,59.34,59.68,59.16,59.62,59.2814,670500
2025-05-20,URA,28,28.18,27.71,28.01,26.7338,2324400
2025-05-20,ITA,172.71,173.9,172.63,173.41,172.1682,443500
2025-05-20,PAVE,42.13,42.345,41.984,42.11,41.6488,538100
2025-05-21,SPY,588.44,592.58,581.82,582.86,573.3495,95197700
2025-05-21,QQQ,516.27,523,511.24,513.04,509.4773,71292800
2025-05-21,XLK,115.74,117.355,114.175,114.64,113.7201,18643600
2025-05-21,XLF,51.02,51.17,50.25,50.29,49.1783,40022000
2025-05-21,XLV,133.56,134.14,131.52,131.58,128.2161,16635900
2025-05-21,XLY,107.16,107.53,105.4,105.825,104.556,10325600
2025-05-21,XLC,100.92,102.47,100.63,100.87,99.0496,5864300
2025-05-21,XLI,142.98,143.39,141.11,141.32,138.7257,9600200
2025-05-21,XLP,82.2,82.33,81.51,81.64,78.3801,10989100
2025-05-21,XLE,41.545,41.625,41.02,41.025,39.2311,25698400
2025-05-21,XLU,41.25,41.33,40.55,40.63,38.9686,22704000
2025-05-21,XLB,43.215,43.45,42.915,42.98,41.8047,9612400
2025-05-21,XLRE,41.67,41.76,40.75,40.77,38.7319,3708700
2025-05-21,SMH,243.33,248.58,240.02,241.47,240.721,6392500
2025-05-21,IGV,103.39,104.51,101.84,102.17,102.1508,8575400
2025-05-21,XBI,80.49,81.36,78.8,79.33,78.9619,13135900
2025-05-21,GNOM,31.8,31.8,30.6,30.72,30.2709,9600
2025-05-21,ARKG,21.57,21.84,20.6,20.71,20.71,2077800
2025-05-21,KRE,58.15,58.3,56.61,56.65,54.6159,14385300
2025-05-21,XHB,97.97,98.18,95.41,95.58,94.1807,5319800
2025-05-21,XME,59.11,59.93,58.74,58.81,58.476,1438800
2025-05-21,URA,28.15,28.92,28.15,28.23,26.9438,3500000
2025-05-21,ITA,173.88,173.99,170.38,170.79,169.5669,494700
2025-05-21,PAVE,41.69,41.98,41.23,41.27,40.818,722200
2025-05-22,SPY,582.66,586.62,581.41,583.09,573.5758,70860400
2025-05-22,QQQ,513.66,517.71,512.3,514,510.4306,55607200
2025-05-22,XLK,114.695,115.7,114.415,114.67,113.7499,11372000
2025-05-22,XLF,50.18,50.52,49.97,50.23,49.1196,33662800
2025-05-22,XLV,130.63,131.24,129.98,130.55,127.2125,12722600
2025-05-22,XLY,105.64,107.065,105.36,106.28,105.0056,8992400
2025-05-22,XLC,101.16,101.54,100.59,100.65,98.8335,3808400
2025-05-22,XLI,141.06,142.16,140.53,141.29,138.6962,8993200
2025-05-22,XLP,81.57,81.74,80.97,81.3,78.0537,11871600
2025-05-22,XLE,40.81,41.1,40.36,40.865,39.0781,23732200
2025-05-22,XLU,40.285,40.285,39.585,40.05,38.4123,30637600
2025-05-22,XLB,42.925,43.12,42.62,42.935,41.761,7651000
2025-05-22,XLRE,40.84,40.87,40.305,40.63,38.5989,3599300
2025-05-22,SMH,241.03,243.61,240.32,240.81,240.063,5185500
2025-05-22,IGV,102.23,103.66,102.23,102.71,102.6907,7258200
2025-05-22,XBI,78.98,79.77,78.46,79.25,78.8822,7778900
2025-05-22,GNOM,30.6,31,30.56,30.84,30.3891,5300
2025-05-22,ARKG,20.66,21.095,20.45,20.82,20.82,2145100
2025-05-22,KRE,56.44,57.17,56.27,56.65,54.6159,11582400
2025-05-22,XHB,95.02,95.67,93.97,95.15,93.7569,2569900
2025-05-22,XME,58.59,58.64,58,58.21,57.8794,1336500
2025-05-22,URA,28.05,28.73,27.79,28.52,27.2206,2807600
2025-05-22,ITA,170.57,171.21,169.38,170.2,168.9812,391300
2025-05-22,PAVE,41.09,41.43,40.88,41.17,40.7191,840100
2025-05-23,SPY,575.98,581.81,575.6,579.11,569.6608,76029000
2025-05-23,QQQ,506.18,511.84,505.58,509.24,505.7037,58368100
2025-05-23,XLK,112.675,114.145,112.55,113.405,112.495,12004000
2025-05-23,XLF,49.59,50.29,49.57,50.05,48.9436,33645600
2025-05-23,XLV,129.93,130.6,129.55,130.34,127.0078,9127100
2025-05-23,XLY,104.51,105.8,104.34,105.325,104.062,7497000
2025-05-23,XLC,99.74,100.58,99.6,100.19,98.3818,3894000
2025-05-23,XLI,139.69,141.34,139.63,140.83,138.2447,8233100
2025-05-23,XLP,81.26,81.77,80.76,81.6,78.3417,10693100
2025-05-23,XLE,40.505,41.1,40.49,40.995,39.2024,23511000
2025-05-23,XLU,40.32,40.565,39.85,40.53,38.8727,21730200
2025-05-23,XLB,42.61,43.005,42.53,42.85,41.6783,7343200
2025-05-23,XLRE,40.595,40.76,40.397,40.64,38.6084,3751400
2025-05-23,SMH,235.23,238.86,234.59,237.44,236.7035,6577200
2025-05-23,IGV,101.48,102.86,101.2,101.93,101.9109,3956300
2025-05-23,XBI,78.05,79.28,78,79.04,78.6732,6078200
2025-05-23,GNOM,30.32,30.8,30.32,30.8,30.3497,6525
2025-05-23,ARKG,20.32,20.975,20.264,20.92,20.92,1786200
2025-05-23,KRE,55.39,56.68,55.37,56.4,54.3749,12386000
2025-05-23,XHB,94.05,95.15,93.7,94.7,93.3135,2469600
2025-05-23,XME,58.42,60.07,58.28,59.86,59.5201,3604100
2025-05-23,URA,30.5,32.05,30.16,31.83,30.3798,13822400
2025-05-23,ITA,168.86,171.39,168.44,171.05,169.825,483200
2025-05-23,PAVE,40.64,41.36,40.61,41.2,40.7488,860400
2025-05-27,SPY,586.07,591.31,578.43,591.15,581.5043,72588500
2025-05-27,QQQ,516.15,521.71,514.59,521.22,517.6005,47226300
2025-05-27,XLK,115.17,116.26,114.785,116.1,115.1684,14208400
2025-05-27,XLF,50.44,50.96,50.26,50.93,49.8042,38636400
2025-05-27,XLV,131.43,132.39,131.16,132.16,128.7813,12304000
2025-05-27,XLY,106.515,108.525,106.515,108.435,107.1348,7886800
2025-05-27,XLC,101.17,101.99,100.86,101.82,99.9824,3604100
2025-05-27,XLI,142.49,143.43,141.7,143.31,140.6791,11862100
2025-05-27,XLP,81.9,82.39,81.72,82.34,79.0522,14433600
2025-05-27,XLE,41.28,41.415,40.975,41.35,39.5419,19028000
2025-05-27,XLU,40.845,40.94,40.525,40.835,39.1652,18494200
2025-05-27,XLB,43.28,43.61,43.145,43.6,42.4078,6898600
2025-05-27,XLRE,40.99,41.427,40.85,41.31,39.2449,3626800
2025-05-27,SMH,242.49,245.69,240.66,244.97,244.2101,8858900
2025-05-27,IGV,103.38,103.94,102.83,103.8,103.7805,4907600
2025-05-27,XBI,79.96,80.25,79.04,79.3,78.932,15176400
2025-05-27,GNOM,31.16,31.28,30.92,31.04,30.5862,7200
2025-05-27,ARKG,21.33,21.843,21.17,21.53,21.53,2464700
2025-05-27,KRE,57.11,57.78,56.47,57.74,55.6668,10649400
2025-05-27,XHB,95.68,96.75,94.74,96.73,95.3138,1785400
2025-05-27,XME,60.35,61.56,60.25,61.43,61.0811,2250400
2025-05-27,URA,32.8,33.25,32.58,32.97,31.4678,7236000
2025-05-27,ITA,173.54,175.28,173.01,175.28,174.0248,510400
2025-05-27,PAVE,41.67,42.12,41.44,42.09,41.629,1243800
2025-05-28,SPY,591.56,592.77,586.99,587.73,578.1401,68445500
2025-05-28,QQQ,522.18,523.68,518.39,518.91,515.3064,46637200
2025-05-28,XLK,116.24,116.705,115.45,115.62,114.6922,10789200
2025-05-28,XLF,50.89,51.02,50.51,50.59,49.4717,31730200
2025-05-28,XLV,132.11,132.58,131.13,131.48,128.1187,11087500
2025-05-28,XLY,108.53,108.56,107.26,107.44,106.1517,7542400
2025-05-28,XLC,101.86,102.35,101.67,101.8,99.9628,4014300
2025-05-28,XLI,143.53,143.79,142.4,142.6,139.9822,9058300
2025-05-28,XLP,82.31,82.58,81.69,81.78,78.5146,9963800
2025-05-28,XLE,41.55,41.675,40.72,40.825,39.0398,29552600
2025-05-28,XLU,40.81,40.83,40.09,40.265,38.6185,20954600
2025-05-28,XLB,43.55,43.555,42.965,43.005,41.8291,10597000
2025-05-28,XLRE,41.35,41.35,41.013,41.31,39.2449,3491900
2025-05-28,SMH,245.29,246.21,241.91,242.36,241.6082,10739500
2025-05-28,IGV,103.84,104.37,102.94,103.08,103.0607,4027400
2025-05-28,XBI,79.55,79.98,78.7,78.77,78.4044,8407900
2025-05-28,GNOM,31.12,31.12,30.8,30.9,30.4482,3500
2025-05-28,ARKG,21.53,21.53,21.01,21.1,21.1,2392300
2025-05-28,KRE,57.57,57.9,56.76,56.8,54.7606,9277200
2025-05-28,XHB,96.25,96.72,94.17,94.23,92.8504,3541300
2025-05-28,XME,61.43,61.59,60.79,60.87,60.5243,1678400
2025-05-28,URA,32.54,33.4,32.54,32.9,31.401,5179500
2025-05-28,ITA,175.87,176.7,175.16,175.5,174.2432,1285600
2025-05-28,PAVE,42.21,42.23,41.525,41.61,41.1543,1228700
2025-05-29,SPY,593.06,593.2,586.07,590.05,580.4222,69973300
2025-05-29,QQQ,526.33,526.48,517.32,519.93,516.3193,58513300
2025-05-29,XLK,117.37,117.49,115.22,115.815,114.8857,14011800
2025-05-29,XLF,50.76,50.86,50.36,50.85,49.7259,34098400
2025-05-29,XLV,131.68,132.76,131.29,132.36,128.9762,10670300
2025-05-29,XLY,108.52,108.585,106.935,107.485,106.1961,8031600
2025-05-29,XLC,102.2,102.2,100.2,100.98,99.1576,4386200
2025-05-29,XLI,143.19,143.29,141.72,142.73,140.1098,12106600
2025-05-29,XLP,81.81,82.16,81.4,82.11,78.8314,13321300
2025-05-29,XLE,40.89,41.13,40.63,41.13,39.3315,23792800
2025-05-29,XLU,40.285,40.61,40.105,40.545,38.8871,20867400
2025-05-29,XLB,43.225,43.24,42.735,43.165,41.9847,9869600
2025-05-29,XLRE,41.31,41.86,41.26,41.69,39.6059,4811800
2025-05-29,SMH,249,249.21,242.7,244.08,243.3229,9120100
2025-05-29,IGV,104.05,104.05,101.55,102.35,102.3308,5120300
2025-05-29,XBI,79.3,80.58,78.28,80.46,80.0866,8963700
2025-05-29,GNOM,31.2,31.28,30.68,31.28,30.8227,2875
2025-05-29,ARKG,21.24,21.34,20.61,21.02,21.02,4491900
2025-05-29,KRE,57.02,57.29,56.6,57.29,55.233,11223200
2025-05-29,XHB,95.29,95.32,93.67,94.93,93.5402,2082200
2025-05-29,XME,61.11,61.15,60.05,60.33,59.9874,1804100
2025-05-29,URA,33.02,33.26,32.11,32.26,30.7902,4302100
2025-05-29,ITA,176.32,176.64,174.93,176.31,175.0474,706200
2025-05-29,PAVE,41.89,41.96,41.29,41.63,41.1741,905200
2025-05-30,SPY,588.93,591.13,583.24,589.39,579.773,90601200
2025-05-30,QQQ,519.44,520.68,511.93,519.11,515.5051,67662800
2025-05-30,XLK,115.76,115.815,113.71,115.455,114.5286,13494000
2025-05-30,XLF,50.68,51.05,50.46,50.96,49.8335,37953200
2025-05-30,XLV,132.07,133.34,130.88,132.64,129.249,11651300
2025-05-30,XLY,107.07,107.815,106.19,106.9,105.6182,10233200
2025-05-30,XLC,100.95,101.65,100.04,101.4,99.57,9044700
2025-05-30,XLI,142.59,143.32,141.56,142.82,140.1982,14254700
2025-05-30,XLP,81.97,83.19,81.97,82.83,79.5226,17778900
2025-05-30,XLE,40.815,40.98,40.44,40.765,38.9825,31038600
2025-05-30,XLU,40.465,41.03,40.39,40.96,39.2851,20680400
2025-05-30,XLB,43.05,43.23,42.61,43.17,41.9895,12114200
2025-05-30,XLRE,41.53,41.84,41.31,41.73,39.6439,6882700
2025-05-30,SMH,243.23,243.23,235.37,239.75,239.0063,11064700
2025-05-30,IGV,102.46,103.9,101.8,103.65,103.6306,4590600
2025-05-30,XBI,79.63,79.79,78.06,79.19,78.8225,15780500
2025-05-30,GNOM,31.04,31.16,30.6,31.08,30.6256,3200
2025-05-30,ARKG,20.89,21.16,20.46,20.92,20.92,1636400
2025-05-30,KRE,57.02,57.18,56.52,56.88,54.8377,7450700
2025-05-30,XHB,94.6,94.88,93.61,94.26,92.88,2372700
2025-05-30,XME,59.75,60.21,59.17,60.1,59.7587,1103500
2025-05-30,URA,31.7,32.14,31.52,32.01,30.5516,3531700
2025-05-30,ITA,176,177.63,174.74,177.24,175.9707,418200
2025-05-30,PAVE,41.45,41.64,41.125,41.51,41.0554,666900
2025-06-02,SPY,587.76,592.79,585.06,592.71,583.0388,61630500
2025-06-02,QQQ,517.24,523.45,515.97,523.21,519.5767,44762800
2025-06-02,XLK,115.15,116.545,115.01,116.475,115.5404,12878800
2025-06-02,XLF,50.61,51,50.29,50.98,49.8531,30142300
2025-06-02,XLV,132.3,132.78,131.11,132.72,129.327,11845000
2025-06-02,XLY,106.595,107.165,105.28,107.15,105.8652,8783800
2025-06-02,XLC,100.53,101.99,100.36,101.9,100.061,5983100
2025-06-02,XLI,142.63,142.7,140.84,142.64,140.0215,12641300
2025-06-02,XLP,82.59,82.89,82.06,82.88,79.5706,15827900
2025-06-02,XLE,41.53,41.585,40.825,41.3,39.4941,32031000
2025-06-02,XLU,40.785,41.145,40.62,41.09,39.4098,26799200
2025-06-02,XLB,43.44,43.445,43.095,43.425,42.2376,15811000
2025-06-02,XLRE,41.43,41.805,41.04,41.79,39.7009,4756500
2025-06-02,SMH,239.18,244.03,238.96,243.3,242.5453,4719900
2025-06-02,IGV,103.05,103.98,102.25,103.94,103.9205,3905300
2025-06-02,XBI,80.2,81.73,79.49,81.24,80.863,13023100
2025-06-02,GNOM,31.2,31.96,31.04,31.68,31.2168,7325
2025-06-02,ARKG,20.97,22.035,20.95,21.64,21.64,1656400
2025-06-02,KRE,56.65,56.75,55.61,56.46,54.4328,9412000
2025-06-02,XHB,93.74,93.74,91.71,93.07,91.7074,2447300
2025-06-02,XME,62.35,63.25,61.62,62.11,61.7573,2805600
2025-06-02,URA,31.89,32.24,31.73,31.87,30.4179,2105300
2025-06-02,ITA,177.77,178.24,176.13,178.24,176.9636,596900
2025-06-02,PAVE,41.65,41.71,41.04,41.55,41.0949,749200
2025-06-03,SPY,592.34,597.08,591.85,596.09,586.3637,63606200
2025-06-03,QQQ,523.56,528.74,522.69,527.3,523.6382,44070300
2025-06-03,XLK,116.63,118.315,116.545,118.225,117.2763,14312400
2025-06-03,XLF,50.82,51.13,50.41,51.08,49.9508,33705400
2025-06-03,XLV,132.37,133.52,131.73,133.03,129.6291,14304300
2025-06-03,XLY,107.245,108.615,107.22,107.72,106.4283,7855400
2025-06-03,XLC,101.68,101.99,100.96,101.61,99.7762,4102100
2025-06-03,XLI,142.61,143.83,142.55,143.74,141.1013,10896800
2025-06-03,XLP,82.74,82.93,82.22,82.8,79.4938,13265600
2025-06-03,XLE,41.33,42.05,40.94,41.79,39.9626,30352600
2025-06-03,XLU,41.585,41.585,40.87,41.2,39.5153,28547800
2025-06-03,XLB,43.26,43.885,43.055,43.87,42.6704,13218200
2025-06-03,XLRE,41.59,41.7,41.305,41.64,39.5584,6276900
2025-06-03,SMH,243.48,249.17,242.35,248.79,248.0183,7518700
2025-06-03,IGV,103.88,105.1,103.8,104.99,104.9703,3682400
2025-06-03,XBI,81.47,82.83,80.5,82.34,81.9579,12771400
2025-06-03,GNOM,31.84,32.5,31.66,32.22,31.749,13825
2025-06-03,ARKG,21.77,22.295,21.34,22.12,22.12,2906000
2025-06-03,KRE,56.25,57.52,56.13,57.35,55.2908,9811700
2025-06-03,XHB,93,94.84,92.84,94.69,93.3037,3078200
2025-06-03,XME,62.19,63.47,61.41,63.33,62.9704,2253500
2025-06-03,URA,33.22,33.22,32.3,32.74,31.2483,4902400
2025-06-03,ITA,178.6,180.15,177.56,179.35,178.0656,850600
2025-06-03,PAVE,41.5,42.208,41.5,42.16,41.6983,1266300
2025-06-04,SPY,596.96,597.95,595.49,595.93,586.2064,57314200
2025-06-04,QQQ,528.01,529.84,525.97,528.77,525.098,41359300
2025-06-04,XLK,118.375,118.77,117.815,118.4,117.4499,10899200
2025-06-04,XLF,51.15,51.21,50.78,50.79,49.6673,24600500
2025-06-04,XLV,133.43,134.33,133.29,133.29,129.8824,9986100
2025-06-04,XLY,107.81,107.87,106.65,107.435,106.1467,7581000
2025-06-04,XLC,101.745,102.455,101.65,102.26,100.4145,4388200
2025-06-04,XLI,144.09,144.57,143.81,143.82,141.1798,7975800
2025-06-04,XLP,82.82,82.84,82.15,82.22,78.937,10804100
2025-06-04,XLE,41.77,42.095,40.925,40.975,39.1833,44939200
2025-06-04,XLU,41.13,41.13,40.48,40.48,38.8248,33001800
2025-06-04,XLB,43.925,44.155,43.85,44.035,42.8309,13268000
2025-06-04,XLRE,41.54,41.94,41.425,41.77,39.6819,2969700
2025-06-04,SMH,250.57,252.61,248.36,251.75,250.9691,7258700
2025-06-04,IGV,104.85,105.08,104.04,104.8,104.7804,3413100
2025-06-04,XBI,82.4,83.42,82.22,82.48,82.0972,8291000
2025-06-04,GNOM,32.28,32.76,32.28,32.56,32.084,10100
2025-06-04,ARKG,22.15,22.74,22.15,22.61,22.61,3423000
2025-06-04,KRE,57.3,57.59,56.63,56.64,54.6063,9937100
2025-06-04,XHB,95,96.58,94.76,96.02,94.6142,2288900
2025-06-04,XME,63.51,64.24,63.38,64.13,63.7658,1627900
2025-06-04,URA,33.16,33.27,32.45,33.08,31.5728,2625700
2025-06-04,ITA,180.41,181.09,179.53,180.14,178.85,439100
2025-06-04,PAVE,42.22,42.405,42.15,42.17,41.7081,760100
2025-06-05,SPY,597.63,599,591.05,593.05,583.3733,92278700
2025-06-05,QQQ,530.18,533.05,522.66,524.79,521.1457,61031200
2025-06-05,XLK,118.75,119.785,117.555,118.065,117.1176,15885200
2025-06-05,XLF,50.8,50.88,50.45,50.65,49.5303,42014400
2025-06-05,XLV,133.62,133.91,132.57,133.11,129.707,13705000
2025-06-05,XLY,107.16,107.715,103.855,104.725,103.4692,12096600
2025-06-05,XLC,102.84,103.41,102.11,102.4,100.5519,6785700
2025-06-05,XLI,144.27,144.35,143.17,143.72,141.0816,13814300
2025-06-05,XLP,82.05,82.16,81.21,81.43,78.1785,16474500
2025-06-05,XLE,41.28,41.3,40.83,40.935,39.145,27655000
2025-06-05,XLU,40.595,40.595,40.335,40.415,38.7624,21175000
2025-06-05,XLB,44.205,44.225,43.675,43.775,42.578,14234800
2025-06-05,XLRE,41.83,41.975,41.555,41.76,39.6724,5412000
2025-06-05,SMH,253.74,256.06,249.76,251.3,250.5205,8054100
2025-06-05,IGV,104.92,106.34,104.16,104.66,104.6404,4047500
2025-06-05,XBI,82.34,83.33,81.42,82.56,82.1769,8085900
2025-06-05,GNOM,32.56,32.96,32.12,32.444,31.9697,9325
2025-06-05,ARKG,22.56,23,21.99,22.26,22.26,2862000
2025-06-05,KRE,56.67,56.96,56.11,56.6,54.5677,9112400
2025-06-05,XHB,95.82,96.61,94.88,95.91,94.5058,1511300
2025-06-05,XME,65.02,65.5,63.89,64.13,63.7658,3500300
2025-06-05,URA,33.33,33.62,32.94,33.17,31.6587,2461600
2025-06-05,ITA,181.15,181.15,179.44,180.24,178.9492,478700
2025-06-05,PAVE,42.24,42.435,41.95,42.21,41.7477,1024600
2025-06-06,SPY,598.66,600.83,596.86,599.14,589.364,66588700
2025-06-06,QQQ,530,531.8,528.21,529.92,526.2401,42467000
2025-06-06,XLK,119.205,119.73,118.84,119.18,118.2237,9026000
2025-06-06,XLF,51.17,51.44,51.05,51.28,50.1464,34982800
2025-06-06,XLV,133.81,134.84,133.79,134.38,130.9446,9153500
2025-06-06,XLY,106.24,106.585,105.72,106.085,104.8129,9948800
2025-06-06,XLC,103.4,103.93,103.07,103.71,101.8383,4002100
2025-06-06,XLI,145,145.56,144.47,144.93,142.2694,11289200
2025-06-06,XLP,81.81,81.95,81.43,81.69,78.4282,10948900
2025-06-06,XLE,41.305,41.83,41.305,41.705,39.8813,28556800
2025-06-06,XLU,40.62,40.665,40.25,40.595,38.9351,21267200
2025-06-06,XLB,44.1,44.225,43.79,43.89,42.6899,9348400
2025-06-06,XLRE,41.96,42.11,41.675,41.88,39.7864,3533600
2025-06-06,SMH,253.54,255.59,252.64,252.73,251.946,5589700
2025-06-06,IGV,105.56,106.18,105.07,105.98,105.9601,3487000
2025-06-06,XBI,83.22,84.45,83.22,84.26,83.869,10003500
2025-06-06,GNOM,32.92,33.48,32.92,33.44,32.9511,8700
2025-06-06,ARKG,22.65,23.52,22.65,23.28,23.28,3531400
2025-06-06,KRE,57.53,58.06,57.29,58.02,55.9368,10195100
2025-06-06,XHB,96.51,96.72,95.09,95.13,93.7372,3370600
2025-06-06,XME,64.76,64.85,64.19,64.41,64.0442,916000
2025-06-06,URA,33.41,33.65,32.93,33.64,32.1073,2571000
2025-06-06,ITA,181.46,182.54,181,181.96,180.6569,407900
2025-06-06,PAVE,42.64,42.8,42.49,42.63,42.1631,797800
2025-06-09,SPY,599.72,601.25,598.49,599.68,589.8952,53016400
2025-06-09,QQQ,530.14,532.35,529.01,530.7,527.0146,33688700
2025-06-09,XLK,119.645,120.505,119.555,119.765,118.804,11100600
2025-06-09,XLF,51.34,51.36,50.69,51,49.8726,28322100
2025-06-09,XLV,134.35,134.81,133.39,134.15,130.7204,9976600
2025-06-09,XLY,105.72,107.135,105.12,106.935,105.6527,10596400
2025-06-09,XLC,104.08,104.29,103.31,103.41,101.5437,6371300
2025-06-09,XLI,145.31,145.52,144.51,144.8,142.1418,9162800
2025-06-09,XLP,81.56,81.83,81.19,81.58,78.3226,13027300
2025-06-09,XLE,41.87,42.22,41.54,41.785,39.9578,28680400
2025-06-09,XLU,40.525,40.68,40.27,40.335,38.6857,24866400
2025-06-09,XLB,43.995,44.475,43.945,44.185,42.9768,11667000
2025-06-09,XLRE,41.825,42.135,41.57,41.86,39.7674,4581000
2025-06-09,SMH,255,259.87,255,256.96,256.1629,10841400
2025-06-09,IGV,106,106.59,105.39,106.13,106.1101,3149100
2025-06-09,XBI,85.04,85.37,83.41,84.27,83.8789,11540800
2025-06-09,GNOM,33.8,34,33.24,33.6,33.1088,23175
2025-06-09,ARKG,23.775,23.91,23.21,23.79,23.79,2468200
2025-06-09,KRE,58.35,58.85,58.08,58.31,56.2163,10121900
2025-06-09,XHB,95.49,96.67,95.36,96.21,94.8014,1876800
2025-06-09,XME,65.07,65.81,65.04,65.36,64.9888,1438500
2025-06-09,URA,34.28,35.69,34.28,35.18,33.5771,7088600
2025-06-09,ITA,183,183.23,180.66,182.64,181.3321,837200
2025-06-09,PAVE,42.76,42.89,42.61,42.61,42.1433,502300
2025-06-10,SPY,600.22,603.47,599.09,603.08,593.2397,66247000
2025-06-10,QQQ,531.17,534.9,528.89,534.21,530.5002,40664800
2025-06-10,XLK,119.745,120.615,119.295,120.435,119.4686,9831600
2025-06-10,XLF,50.99,51.08,50.88,51.06,49.9313,27728600
2025-06-10,XLV,134.27,136.09,134.25,135.68,132.2113,11488000
2025-06-10,XLY,107.09,108.235,106.965,108.215,106.9174,8594800
2025-06-10,XLC,103.8,104.885,103.28,104.72,102.8301,7313500
2025-06-10,XLI,145.08,145.08,143.41,144.17,141.5234,15625600
2025-06-10,XLP,81.59,81.95,81.45,81.76,78.4954,12364900
2025-06-10,XLE,42.23,42.805,42.21,42.53,40.6703,46092200
2025-06-10,XLU,40.44,40.525,40.13,40.43,38.7768,28052800
2025-06-10,XLB,44.18,44.495,44.18,44.46,43.2443,7875200
2025-06-10,XLRE,41.97,42.24,41.9,42.23,40.1189,4832800
2025-06-10,SMH,258.36,262.68,257.46,262.07,261.2571,9763000
2025-06-10,IGV,106.12,106.44,105.08,105.88,105.8601,3721900
2025-06-10,XBI,84.69,85.96,84.34,85.28,84.8842,12066900
2025-06-10,GNOM,33.72,34.26,33.72,33.98,33.4832,13800
2025-06-10,ARKG,23.94,24.66,23.86,24.22,24.22,3438200
2025-06-10,KRE,58.43,59.26,58.21,58.93,56.8141,10920500
2025-06-10,XHB,96.73,98.23,96.44,98.06,96.6243,2540700
2025-06-10,XME,65.71,65.73,64.47,64.79,64.4221,1309400
2025-06-10,URA,35.28,35.4,33.68,34.05,32.4986,5384100
2025-06-10,ITA,182.69,182.69,178.32,179.13,177.8472,845300
2025-06-10,PAVE,42.71,42.735,42.35,42.68,42.2126,780700
2025-06-11,SPY,604.19,605.06,599.27,601.36,591.5476,73658200
2025-06-11,QQQ,535.62,536.78,530.11,532.41,528.7126,53701000
2025-06-11,XLK,120.725,121.215,119.55,120.17,119.2057,9599600
2025-06-11,XLF,51.11,51.34,50.81,51,49.8726,39368400
2025-06-11,XLV,135.71,136.57,135.34,135.75,132.2795,13644000
2025-06-11,XLY,108.845,108.885,106.96,107.36,106.0726,6888600
2025-06-11,XLC,104.97,105.11,104.13,104.48,102.5944,5455600
2025-06-11,XLI,144.3,144.69,142.84,144.24,141.5921,15837000
2025-06-11,XLP,81.71,81.71,81.21,81.48,78.2265,11204000
2025-06-11,XLE,42.82,43.215,42.4,43.145,41.2584,48996600
2025-06-11,XLU,40.55,40.605,40.325,40.455,38.8008,21394800
2025-06-11,XLB,44.345,44.39,43.87,44.02,42.8163,10307800
2025-06-11,XLRE,42.23,42.42,41.824,42,39.9004,4809300
2025-06-11,SMH,263.6,264.91,259.69,261.88,261.0677,12286000
2025-06-11,IGV,105.82,106.79,105.44,105.79,105.7702,3903300
2025-06-11,XBI,85.79,85.94,84.31,84.37,83.9785,12058300
2025-06-11,GNOM,34.24,34.28,33.68,33.72,33.227,11200
2025-06-11,ARKG,24.52,24.775,24.1,24.27,24.27,3353300
2025-06-11,KRE,59.13,59.35,57.95,58.13,56.0428,15108500
2025-06-11,XHB,99.05,99.39,96.36,96.47,95.0576,2619900
2025-06-11,XME,64.46,64.84,63.72,64.37,64.0044,1068200
2025-06-11,URA,34.46,36.14,34.33,35.87,34.2357,5887400
2025-06-11,ITA,179.42,180.72,175.6,180.69,179.396,590200
2025-06-11,PAVE,42.67,42.79,42.36,42.51,42.0444,579700
2025-06-12,SPY,600.01,603.75,599.52,603.75,593.8987,64129000
2025-06-12,QQQ,531.09,534.64,530.84,533.66,529.954,34104900
2025-06-12,XLK,120.145,121.565,120.125,121.285,120.3118,11210400
2025-06-12,XLF,50.7,51.01,50.5,51,49.8726,25500900
2025-06-12,XLV,135.76,136.84,135.49,136.81,133.3124,9809500
2025-06-12,XLY,106.765,107.435,106.57,106.855,105.5737,5413800
2025-06-12,XLC,104.26,104.37,103.43,103.63,101.7597,5616100
2025-06-12,XLI,143.12,143.98,142.96,143.86,141.2191,13097400
2025-06-12,XLP,81.45,81.98,81.09,81.96,78.6874,10709900
2025-06-12,XLE,42.945,43.31,42.63,43.295,41.4018,34028200
2025-06-12,XLU,40.48,40.97,40.46,40.945,39.2707,19568600
2025-06-12,XLB,43.86,44.235,43.66,44.205,42.9963,8660000
2025-06-12,XLRE,42,42.3,41.95,42.23,40.1189,4151500
2025-06-12,SMH,260.06,264,260.06,263.15,262.3337,6781900
2025-06-12,IGV,106.26,107.66,106.21,107.04,107.0199,4506600
2025-06-12,XBI,83.91,84.76,83.49,84.36,83.9685,8451100
2025-06-12,GNOM,33.6,33.84,33.48,33.708,33.2152,9025
2025-06-12,ARKG,24,24.071,23.59,23.65,23.65,2039900
2025-06-12,KRE,57.69,57.81,57.11,57.78,55.7054,11134700
2025-06-12,XHB,96.35,97.21,95.44,96.8,95.3828,1655300
2025-06-12,XME,64.04,64.91,63.76,64.89,64.5215,834700
2025-06-12,URA,35.8,36.73,35.65,36.01,34.3693,4325900
2025-06-12,ITA,178.12,180.09,177.75,179.47,178.1848,500100
2025-06-12,PAVE,42.23,42.65,42.14,42.58,42.1137,545200
2025-06-13,SPY,598.5,601.85,595.48,597,587.2589,89506000
2025-06-13,QQQ,527.68,531.87,525.73,526.96,523.3006,55814400
2025-06-13,XLK,119.88,120.795,119.145,119.585,118.6254,13193800
2025-06-13,XLF,50.35,50.46,49.81,49.96,48.8556,54921900
2025-06-13,XLV,136.06,137.33,135.68,136.13,132.6498,13722800
2025-06-13,XLY,105.49,107,105.365,105.87,104.6005,10292200
2025-06-13,XLC,102.79,103.55,102.415,102.58,100.7287,7342800
2025-06-13,XLI,142.84,143.92,142.22,142.65,140.0313,14060500
2025-06-13,XLP,81.71,82.16,80.77,80.96,77.7273,15635100
2025-06-13,XLE,44.105,44.285,43.475,44.05,42.1238,84194800
2025-06-13,XLU,40.885,40.955,40.59,40.71,39.0453,25325400
2025-06-13,XLB,43.78,44.25,43.57,43.69,42.4953,14289400
2025-06-13,XLRE,42,42.17,41.59,41.89,39.7959,6375700
2025-06-13,SMH,257.55,260.6,256.05,256.99,256.1928,11950200
2025-06-13,IGV,105.63,107.28,105.53,106.27,106.2501,4113900
2025-06-13,XBI,82.92,84.2,82.78,83.6,83.212,11206500
2025-06-13,GNOM,33,33.54,33,33.2,32.7146,15375
2025-06-13,ARKG,23.06,23.84,22.922,23.47,23.47,3784000
2025-06-13,KRE,56.98,57.08,56.12,56.23,54.211,16697700
2025-06-13,XHB,95.65,96.52,93.7,94.23,92.8504,2411900
2025-06-13,XME,64.26,65.77,64.22,65.36,64.9888,1123400
2025-06-13,URA,35.21,36.46,35.17,36.13,34.4839,3657200
2025-06-13,ITA,179.21,181.29,178.29,180.22,178.9294,836600
2025-06-13,PAVE,42.09,42.39,41.785,41.96,41.5004,900400
2025-06-16,SPY,600.4,604.45,600.22,602.68,592.8462,79984100
2025-06-16,QQQ,530.5,535.37,530.45,534.29,530.5797,37622100
2025-06-16,XLK,120.305,121.88,120.305,121.52,120.5449,13866200
2025-06-16,XLF,50.32,50.88,50.31,50.53,49.413,35632400
2025-06-16,XLV,136.42,136.83,135.08,135.71,132.2406,14171000
2025-06-16,XLY,106.705,107.19,106.395,107.01,105.7268,4764600
2025-06-16,XLC,103.29,104.425,103.25,104.34,102.4569,6211900
2025-06-16,XLI,143.5,144.53,143.33,143.63,140.9933,13711000
2025-06-16,XLP,81.16,81.85,80.97,81.22,77.9769,12728200
2025-06-16,XLE,43.93,44.375,43.59,43.92,41.9995,69406600
2025-06-16,XLU,40.91,41.13,40.315,40.51,38.8535,27266600
2025-06-16,XLB,43.885,44.29,43.885,44.06,42.8552,10504000
2025-06-16,XLRE,42,42.42,41.77,41.93,39.8339,6304400
2025-06-16,SMH,259.96,265.05,259.78,263.38,262.563,7497700
2025-06-16,IGV,106.64,107.73,106.64,107.4,107.3799,2730900
2025-06-16,XBI,83.71,83.92,82.39,83.37,82.9831,9199000
2025-06-16,GNOM,33.12,33.12,32.54,32.96,32.4781,16200
2025-06-16,ARKG,23.75,24.105,23.255,23.92,23.92,2547700
2025-06-16,KRE,56.99,57.2,56.35,56.49,54.4617,11170600
2025-06-16,XHB,95.25,95.79,94.2,95.32,93.9245,1655400
2025-06-16,XME,66.14,66.99,66.05,66.23,65.8539,1308000
2025-06-16,URA,38.27,39.3,37.83,38.07,36.3355,9045500
2025-06-16,ITA,181.07,181.45,178.9,179.16,178.0469,574300
2025-06-16,PAVE,42.34,42.65,42.26,42.39,41.9257,505800
2025-06-17,SPY,600.21,601.75,596.76,597.53,587.7802,82209400
2025-06-17,QQQ,531.71,533.33,527.91,529.08,525.4058,42180900
2025-06-17,XLK,121.01,121.865,120.375,120.66,119.6918,10525400
2025-06-17,XLF,50.27,50.48,50.09,50.24,49.1294,31130700
2025-06-17,XLV,135.1,135.41,133.29,133.47,130.0578,13506000
2025-06-17,XLY,106.415,106.675,104.97,105.165,103.904,8473200
2025-06-17,XLC,103.81,104.11,103.155,103.42,101.5535,6034700
2025-06-17,XLI,143.1,143.58,142.35,142.55,139.9331,12654200
2025-06-17,XLP,80.99,81.12,80.5,80.53,77.3145,15059900
2025-06-17,XLE,44.285,44.66,44.01,44.33,42.3916,67884200
2025-06-17,XLU,40.45,40.55,39.89,40.175,38.5322,28335800
2025-06-17,XLB,43.94,43.99,43.565,43.63,42.437,9158000
2025-06-17,XLRE,41.91,42.02,41.6,41.76,39.6724,5610100
2025-06-17,SMH,262.44,265.53,261.36,261.59,260.7786,7284700
2025-06-17,IGV,106.87,107.69,106.16,106.65,106.63,3526300
2025-06-17,XBI,82.83,83.55,82.01,82.1,81.719,11632800
2025-06-17,GNOM,33.28,33.28,32.66,32.72,32.2416,7350
2025-06-17,ARKG,23.85,24.19,23.6,23.67,23.67,2376300
2025-06-17,KRE,55.98,56.52,55.64,55.79,53.7868,10201800
2025-06-17,XHB,94.81,96.1,93.01,93.14,91.7764,2617900
2025-06-17,XME,66.36,67.23,66.25,66.76,66.3809,1340800
2025-06-17,URA,38.12,38.25,37.17,37.56,35.8487,3762800
2025-06-17,ITA,179.3,180.67,178.34,179.98,178.8618,816700
2025-06-17,PAVE,42.21,42.428,41.99,42.03,41.5697,682100
2025-06-18,SPY,598.44,601.22,596.47,597.44,587.6918,76605000
2025-06-18,QQQ,530.1,532.55,527.4,528.99,525.3165,43983500
2025-06-18,XLK,120.955,121.565,120.19,120.805,119.8356,11066000
2025-06-18,XLF,50.22,50.77,50.15,50.22,49.1099,45728200
2025-06-18,XLV,133.48,134.12,132.49,133.24,129.8337,12185300
2025-06-18,XLY,105.375,106.345,105.12,105.215,103.9534,7405800
2025-06-18,XLC,103.675,104.31,103.39,103.47,101.6026,5927300
2025-06-18,XLI,142.69,143.66,142.12,142.21,139.5994,14008800
2025-06-18,XLP,80.75,80.84,80.38,80.43,77.2185,11117700
2025-06-18,XLE,44.49,44.715,43.94,44.04,42.1142,70473000
2025-06-18,XLU,40.27,40.48,40.07,40.28,38.6329,22324000
2025-06-18,XLB,43.675,43.845,43.45,43.505,42.3154,8554000
2025-06-18,XLRE,41.83,42.15,41.62,41.84,39.7484,5529900
2025-06-18,SMH,262.78,264.91,260.99,262.59,261.7755,7367400
2025-06-18,IGV,106.76,106.96,105.53,106.09,106.0701,5105800
2025-06-18,XBI,82.31,83.42,81.52,82.66,82.2764,9008100
2025-06-18,GNOM,32.68,33.24,32.48,32.96,32.4781,8650
2025-06-18,ARKG,23.66,24.515,23.36,24.15,24.15,4884000
2025-06-18,KRE,55.67,56.94,55.55,56.53,54.5002,10753600
2025-06-18,XHB,93.15,94.73,92.86,93.26,91.8946,2008600
2025-06-18,XME,66.72,67.34,66.49,66.68,66.3013,942000
2025-06-18,URA,37.7,38.05,37.36,37.77,36.0491,3171300
2025-06-18,ITA,180,181.21,178.28,178.78,177.6693,789000
2025-06-18,PAVE,42.03,42.507,42.01,42.07,41.6092,727700
2025-06-20,SPY,598.38,599.46,592.86,594.28,586.3115,94051400
2025-06-20,QQQ,532.26,533.56,524.88,526.83,523.1715,61643500
2025-06-20,XLK,121.235,121.645,119.705,120.27,119.3049,11490600
2025-06-20,XLF,50.37,50.58,50.22,50.36,49.2468,44456100
2025-06-20,XLV,133.7,133.8,132.41,132.6,129.2101,13744900
2025-06-20,XLY,106.135,106.38,104.81,105.34,104.0769,9704800
2025-06-20,XLC,104.31,104.67,102.64,102.84,100.984,7469600
2025-06-20,XLI,143.08,143.42,141.89,142.37,139.7564,13985200
2025-06-20,XLP,80.72,81.24,80.61,81.02,77.7849,16771500
2025-06-20,XLE,44.215,44.615,44.085,44.49,42.5446,56744800
2025-06-20,XLU,40.365,40.72,40.335,40.39,38.7384,31688200
2025-06-20,XLB,43.755,43.82,43.15,43.21,42.0285,13409800
2025-06-20,XLRE,42.02,42.225,41.78,41.83,39.7389,5834600
2025-06-20,SMH,264.85,265.02,257.22,260.27,259.4626,11439900
2025-06-20,IGV,106.6,106.82,104.85,105.11,105.0903,4085200
2025-06-20,XBI,83.11,83.29,81.69,82.38,81.9977,8489200
2025-06-20,GNOM,33.2,33.2,32.44,32.64,32.1628,13000
2025-06-20,ARKG,24.5,24.54,23.565,23.8,23.8,3678000
2025-06-20,KRE,56.82,57.17,56.59,56.96,54.9148,8055500
2025-06-20,XHB,93.89,95.04,93.77,94.81,93.4219,2777200
2025-06-20,XME,67.09,67.13,65.45,65.53,65.1579,1841100
2025-06-20,URA,37.53,37.74,36.7,36.77,35.0947,4081100
2025-06-20,ITA,179.87,181.07,177.56,180.44,179.319,896800
2025-06-20,PAVE,42.33,42.4,41.79,41.97,41.5103,594200
2025-06-23,SPY,595.04,600.54,591.89,600.15,592.1028,87426000
2025-06-23,QQQ,526.81,532.17,523.65,531.65,528.551,50666100
2025-06-23,XLK,120.19,121.545,119.375,121.44,120.6652,12277000
2025-06-23,XLF,50.2,50.84,49.84,50.82,49.8669,43022700
2025-06-23,XLV,132.06,132.74,130.98,132.16,129.3961,14181600
2025-06-23,XLY,105.33,107.395,104.855,107.2,106.1398,12557200
2025-06-23,XLC,102.76,103.97,101.991,103.89,102.2627,6925400
2025-06-23,XLI,142.2,143.94,141.28,143.86,141.6489,15902400
2025-06-23,XLP,80.53,81.47,80.47,81.4,78.6858,17771400
2025-06-23,XLE,44.685,44.715,42.83,43.015,41.4687,105688200
2025-06-23,XLU,40.32,40.685,40.235,40.62,39.2295,25573000
2025-06-23,XLB,42.995,43.51,42.77,43.47,42.4967,10120600
2025-06-23,XLRE,41.57,42.105,41.515,42.06,40.3188,6057900
2025-06-23,SMH,259.85,262.66,257.12,261.92,261.1075,10420100
2025-06-23,IGV,105.06,106.43,104.05,106.37,106.3501,4066800
2025-06-23,XBI,82.5,82.84,80.9,82.27,81.8952,11661300
2025-06-23,GNOM,32.48,32.8,32.08,32.72,32.2416,18500
2025-06-23,ARKG,23.5,23.86,22.98,23.58,23.58,1789500
2025-06-23,KRE,56.32,57.9,56.19,57.87,56.1778,13769700
2025-06-23,XHB,94.39,97.52,93.84,97.4,96.1271,2716100
2025-06-23,XME,65.47,66.54,65.18,66.19,65.9046,1284400
2025-06-23,URA,37,37.99,36.81,37.54,35.8296,3654400
2025-06-23,ITA,180.43,183.16,179.89,183.01,181.873,1150900
2025-06-23,PAVE,41.93,42.63,41.65,42.59,42.1235,810900
2025-06-24,SPY,604.33,607.85,603.41,606.78,598.6438,67735300
2025-06-24,QQQ,536.89,540.7,536.27,539.78,536.6336,45442000
2025-06-24,XLK,122.675,123.77,122.53,123.62,122.8313,11329400
2025-06-24,XLF,51.32,51.77,51.28,51.58,50.6127,41225000
2025-06-24,XLV,132.51,134.08,132,133.78,130.9822,11272900
2025-06-24,XLY,108.305,108.345,107.465,107.795,106.7289,8652000
2025-06-24,XLC,104.58,105.345,104.4,105.23,103.5817,4685500
2025-06-24,XLI,144.63,145.3,143.82,145.06,142.8304,11518200
2025-06-24,XLP,81.39,81.48,80.97,81.33,78.6182,12580900
2025-06-24,XLE,42.39,42.9,42.295,42.455,40.9288,65358800
2025-06-24,XLU,40.665,40.91,40.595,40.795,39.3985,20389600
2025-06-24,XLB,43.565,43.895,43.505,43.83,42.8487,8768200
2025-06-24,XLRE,42.17,42.415,41.905,42.26,40.5105,5292600
2025-06-24,SMH,265.93,271.62,265.74,271.54,270.6977,9035500
2025-06-24,IGV,107.41,108.24,106.88,108.05,108.0297,5926700
2025-06-24,XBI,82.98,84.17,82.36,83.82,83.4381,9675700
2025-06-24,GNOM,33.16,33.6,33.04,33.56,33.0694,13875
2025-06-24,ARKG,23.91,24.26,23.81,24.13,24.13,1320200
2025-06-24,KRE,58.39,59.27,58.34,58.42,56.7117,22359500
2025-06-24,XHB,97.82,98.93,97.04,98.37,97.0844,3576600
2025-06-24,XME,66.16,66.36,65.62,65.94,65.6557,1756800
2025-06-24,URA,37.78,38.77,37.74,38.67,36.9081,3207900
2025-06-24,ITA,183.05,183.05,180.25,181.75,180.6208,930000
2025-06-24,PAVE,42.96,43.2,42.652,43.14,42.6675,2249900
2025-06-25,SPY,607.91,608.61,605.54,607.12,598.9792,62114800
2025-06-25,QQQ,542.06,543.31,539.38,541.16,538.0054,44804200
2025-06-25,XLK,124.26,124.86,124.15,124.675,123.8796,9228600
2025-06-25,XLF,51.59,51.6,51.3,51.41,50.4458,33123900
2025-06-25,XLV,133.52,134.29,132.77,133.9,131.0997,11996400
2025-06-25,XLY,108.135,108.16,106.08,106.525,105.4714,9302000
2025-06-25,XLC,105.25,105.8,105.04,105.21,103.562,4401800
2025-06-25,XLI,145.16,145.24,143.46,143.78,141.5701,9751600
2025-06-25,XLP,81.16,81.16,80.13,80.24,77.5645,12880400
2025-06-25,XLE,42.405,42.56,42.13,42.27,40.7505,43723000
2025-06-25,XLU,40.7,40.7,40.175,40.25,38.8722,26771800
2025-06-25,XLB,43.745,43.745,43.36,43.41,42.4381,8744000
2025-06-25,XLRE,41.97,42.06,41.185,41.23,39.5232,10960100
2025-06-25,SMH,273.22,275.27,272.45,275.2,274.3463,8480000
2025-06-25,IGV,108.47,109.03,107.62,107.77,107.7498,3525500
2025-06-25,XBI,83.79,83.85,82.48,83.27,82.8906,7246400
2025-06-25,GNOM,33.32,33.6,33.04,33.44,32.9511,6575
2025-06-25,ARKG,24.3,24.385,23.76,24.25,24.25,1720300
2025-06-25,KRE,58.32,58.47,57.87,58.14,56.4399,13312800
2025-06-25,XHB,98.23,98.23,96.54,96.84,95.5744,1784500
2025-06-25,XME,65.98,66.06,65.09,65.53,65.2475,938600
2025-06-25,URA,38.9,38.9,37.77,37.84,36.1159,3454200
2025-06-25,ITA,182.93,183.03,181.61,182.04,180.909,795900
2025-06-25,PAVE,43.21,43.33,42.68,42.77,42.3016,587600
2025-06-26,SPY,608.99,612.31,608.37,611.87,603.6656,78548400
2025-06-26,QQQ,543.35,546.67,541.52,546.22,543.036,43811400
2025-06-26,XLK,125.235,125.735,124.74,125.535,124.7341,11288400
2025-06-26,XLF,51.44,51.83,51.41,51.79,50.8187,37866000
2025-06-26,XLV,134.18,135.16,133.75,134.22,131.413,13177700
2025-06-26,XLY,106.62,107.73,106.39,107.505,106.4417,7543000
2025-06-26,XLC,105.56,106.48,105.21,106.43,104.7629,6375800
2025-06-26,XLI,144.41,145.51,144.1,145.34,143.1061,9728300
2025-06-26,XLP,80.32,80.64,79.97,80.17,77.4968,13783200
2025-06-26,XLE,42.365,42.96,42.26,42.875,41.3337,33565600
2025-06-26,XLU,40.325,40.605,40.25,40.585,39.1957,18746200
2025-06-26,XLB,43.625,44.03,43.625,43.89,42.9073,10508600
2025-06-26,XLRE,41.22,41.23,40.475,40.97,39.2739,14023700
2025-06-26,SMH,277.08,277.95,274.95,277.2,276.3401,6789000
2025-06-26,IGV,108.4,108.84,107.74,108.71,108.6896,2844700
2025-06-26,XBI,83.46,83.92,82.81,83.68,83.2988,9316800
2025-06-26,GNOM,33.44,33.64,33.308,33.62,33.1285,14550
2025-06-26,ARKG,24.24,24.64,23.96,24.56,24.56,1697500
2025-06-26,KRE,58.35,59.6,58.29,59.48,57.7407,13597100
2025-06-26,XHB,97.29,97.65,96.28,97.6,96.3245,1404000
2025-06-26,XME,66,67.4,66,67.3,67.0098,1942700
2025-06-26,URA,38.27,38.96,37.72,38.71,36.9463,2983600
2025-06-26,ITA,182.91,185.67,182.75,184.5,183.3537,714400
2025-06-26,PAVE,42.93,43.405,42.913,43.36,42.8851,597700
2025-06-27,SPY,612.88,616.39,610.83,614.91,606.6649,86258400
2025-06-27,QQQ,547.26,549.99,544.54,548.09,544.8952,57577100
2025-06-27,XLK,125.875,126.355,124.815,125.385,124.585,12196600
2025-06-27,XLF,51.75,52.23,51.7,51.94,50.9659,38954100
2025-06-27,XLV,134.32,135.13,133.7,133.93,131.1291,13818500
2025-06-27,XLY,108.03,109.305,107.795,109.295,108.214,8902000
2025-06-27,XLC,106.51,107.75,106.49,107.68,105.9933,6949700
2025-06-27,XLI,145.76,147.43,145.43,146.79,144.5338,13380900
2025-06-27,XLP,80.25,80.8,80.17,80.55,77.8642,15135300
2025-06-27,XLE,42.85,42.85,42.395,42.65,41.1168,35411800
2025-06-27,XLU,40.69,40.995,40.54,40.665,39.273,25307800
2025-06-27,XLB,43.905,44.14,43.7,43.945,42.9611,9375600
2025-06-27,XLRE,41.04,41.53,40.91,41.12,39.4177,6608200
2025-06-27,SMH,278.18,280.5,275.64,278.42,277.5564,8170900
2025-06-27,IGV,109.1,109.26,107.64,107.78,107.7598,3904000
2025-06-27,XBI,83.6,84.13,82.53,83.01,82.6318,11032700
2025-06-27,GNOM,33.76,33.832,33.38,33.6,33.1403,10050
2025-06-27,ARKG,24.66,24.79,24.01,24.3,24.3,1763500
2025-06-27,KRE,59.72,59.98,59.12,59.45,57.7116,13709600
2025-06-27,XHB,97.69,99.53,97.67,98.46,97.1733,1784600
2025-06-27,XME,66.75,66.78,65.68,66.38,66.0938,1648000
2025-06-27,URA,39.2,39.28,37.72,38.07,36.3355,2987900
2025-06-27,ITA,185.38,188.34,184.5,187.55,186.3848,617800
2025-06-27,PAVE,43.43,43.91,43.38,43.68,43.3115,626000
2025-06-30,SPY,617.38,619.22,615.04,617.85,609.5653,92502500
2025-06-30,QQQ,551.26,552.8,549.01,551.64,548.4244,45548700
2025-06-30,XLK,126.485,126.96,125.875,126.615,125.8072,13365200
2025-06-30,XLF,52.18,52.44,52.14,52.37,51.3878,42472900
2025-06-30,XLV,133.9,134.95,133.8,134.79,131.9711,12407700
2025-06-30,XLY,109.26,109.5,108.365,108.665,107.5903,7003400
2025-06-30,XLC,108.54,108.74,107.87,108.53,106.83,5652500
2025-06-30,XLI,147.06,147.73,146.58,147.52,145.2526,10914600
2025-06-30,XLP,80.51,81.12,80.39,80.97,78.2702,12080000
2025-06-30,XLE,42.485,42.67,42.28,42.405,40.8806,26247600
2025-06-30,XLU,40.47,40.875,40.34,40.83,39.4323,22018000
2025-06-30,XLB,43.99,44.01,43.685,43.905,42.922,8533800
2025-06-30,XLRE,41.15,41.47,40.67,41.42,39.7053,6959500
2025-06-30,SMH,279.7,279.96,277.1,278.88,278.0149,6375800
2025-06-30,IGV,109.37,109.91,109.14,109.5,109.4795,3101700
2025-06-30,XBI,83.26,83.75,82.69,82.93,82.5522,8503400
2025-06-30,GNOM,33.72,34.04,33.68,33.72,33.2587,11275
2025-06-30,ARKG,24.46,24.87,24.32,24.35,24.35,1848800
2025-06-30,KRE,59.75,60.02,59.39,59.39,57.6533,15870700
2025-06-30,XHB,98.95,98.95,97.66,98.57,97.2818,1813700
2025-06-30,XME,66.65,67.51,66.15,67.22,66.9302,1907000
2025-06-30,URA,38.75,38.99,37.93,38.81,37.0417,2683200
2025-06-30,ITA,188.44,188.77,187.5,188.64,187.468,624300
2025-06-30,PAVE,43.8,43.8,43.46,43.58,43.2123,834400
2025-07-01,SPY,616.36,618.83,615.52,617.65,609.368,70030100
2025-07-01,QQQ,549.73,550.71,544.66,546.99,543.8016,56166700
2025-07-01,XLK,126.21,126.475,124.625,125.485,124.6844,15144800
2025-07-01,XLF,52.24,52.77,52.21,52.66,51.6724,33844800
2025-07-01,XLV,134.58,137.76,134.46,136.71,133.851,21204300
2025-07-01,XLY,107.62,109.59,107.36,109.13,108.0507,13085400
2025-07-01,XLC,108.1,108.36,107.34,107.76,106.072,6614100
2025-07-01,XLI,147.16,148.36,146.91,148.01,145.7351,13189100
2025-07-01,XLP,81.06,82.48,81.06,81.98,79.2465,23302100
2025-07-01,XLE,42.47,42.93,42.08,42.73,41.1939,40772800
2025-07-01,XLU,40.815,41,40.34,40.97,39.5675,39690200
2025-07-01,XLB,44.025,45.295,43.945,45.04,44.0316,15844200
2025-07-01,XLRE,41.35,42,41.305,41.7,39.9737,9438400
2025-07-01,SMH,276.8,278.06,272.16,275.84,274.9843,8931300
2025-07-01,IGV,109.21,109.53,107.26,108.24,108.2197,5836900
2025-07-01,XBI,82.46,84.87,82.04,83.08,82.7015,11537600
2025-07-01,GNOM,33.52,34.56,33.42,33.92,33.4559,9475
2025-07-01,ARKG,24.15,24.785,23.74,24.17,24.17,1854800
2025-07-01,KRE,59.25,61.98,59.04,61.42,59.624,27903800
2025-07-01,XHB,97.99,104.49,97.86,102.66,101.3184,6636800
2025-07-01,XME,67.06,67.74,66.09,67.16,66.8704,1449500
2025-07-01,URA,38.35,38.42,37.27,37.42,35.7151,3018200
2025-07-01,ITA,188.36,188.4,183.82,185.01,183.8605,805900
2025-07-01,PAVE,43.4,44.35,43.32,44.02,43.6486,1076500
2025-07-02,SPY,617.24,620.49,616.61,620.45,612.1306,66510400
2025-07-02,QQQ,546.16,551,546.12,550.8,547.5893,36538300
2025-07-02,XLK,125.17,126.895,125.08,126.81,126.0009,11950200
2025-07-02,XLF,52.75,52.76,52.34,52.62,51.6331,40791100
2025-07-02,XLV,136.03,136.29,135.24,135.36,132.5292,13720400
2025-07-02,XLY,109.825,110.24,109.13,110.005,108.917,12436200
2025-07-02,XLC,107.56,107.77,107.395,107.45,105.7669,4865800
2025-07-02,XLI,147.79,148.16,147.3,148.16,145.8828,11061700
2025-07-02,XLP,81.92,82.27,81.54,82.22,79.4785,16429100
2025-07-02,XLE,43.09,43.535,42.615,43.465,41.9025,42468800
2025-07-02,XLU,40.82,41.005,40.42,40.615,39.2247,21891000
2025-07-02,XLB,45.255,45.73,45.175,45.715,44.6915,14644200
2025-07-02,XLRE,41.65,41.856,41.44,41.78,40.0504,6737400
2025-07-02,SMH,274.82,281.92,274.66,281.25,280.3776,8713800
2025-07-02,IGV,107.92,108.87,107.33,108.81,108.7896,3486400
2025-07-02,XBI,83,85.27,82.71,84.79,84.4037,10887400
2025-07-02,GNOM,33.88,34.92,33.88,34.92,34.4423,11225
2025-07-02,ARKG,24.17,25.295,24.08,25.17,25.17,3537200
2025-07-02,KRE,61.66,62.56,61.26,62.51,60.6821,24511000
2025-07-02,XHB,102.82,104.06,102.29,103.72,102.3645,3164400
2025-07-02,XME,67.87,70.13,67.87,70.08,69.7779,2237600
2025-07-02,URA,37.5,37.78,37.02,37.71,35.9919,2594300
2025-07-02,ITA,185.06,185.32,183.42,184.73,183.5823,870100
2025-07-02,PAVE,44.04,44.515,43.91,44.49,44.1147,1080000
2025-07-03,SPY,622.45,626.28,622.43,625.34,616.955,51065800
2025-07-03,QQQ,553.18,557.2,553.18,556.22,552.9778,26443500
2025-07-03,XLK,127.5,128.865,127.45,128.48,127.6603,7112800
2025-07-03,XLF,52.75,53.27,52.7,53.19,52.1925,25904800
2025-07-03,XLV,135.55,135.9,135.17,135.5,132.6662,7282700
2025-07-03,XLY,110.5,110.92,110.21,110.605,109.5111,6904800
2025-07-03,XLC,107.93,108.35,107.67,108.04,106.3476,3206100
2025-07-03,XLI,148.67,149.54,148.55,149.42,147.1234,4864900
2025-07-03,XLP,82.27,82.33,81.78,82.18,79.4398,10898400
2025-07-03,XLE,43.405,43.655,43.305,43.515,41.9507,22266200
2025-07-03,XLU,40.635,41.085,40.565,40.92,39.5193,14900200
2025-07-03,XLB,45.68,45.845,45.6,45.685,44.6621,6766000
2025-07-03,XLRE,41.79,41.965,41.62,41.8,40.0696,5758100
2025-07-03,SMH,282.82,285.19,282.31,283.62,282.7402,4443000
2025-07-03,IGV,109.85,111.61,109.83,111.27,111.2491,3130100
2025-07-03,XBI,85.01,85.46,84.42,85.24,84.8516,4956000
2025-07-03,GNOM,34.96,35.08,34.76,34.92,34.4423,6775
2025-07-03,ARKG,25.41,25.53,25.05,25.39,25.39,971400
2025-07-03,KRE,62.88,63.75,62.82,63.23,61.381,13924800
2025-07-03,XHB,104,104,102.27,102.6,101.2591,2455900
2025-07-03,XME,70.01,70.33,69.75,70.07,69.7679,2032800
2025-07-03,URA,37.86,38.21,37.23,37.9,36.1732,1409900
2025-07-03,ITA,185.5,187.23,185.09,186.86,185.6991,381400
2025-07-03,PAVE,44.65,44.88,44.575,44.8,44.422,554000
2025-07-07,SPY,623.36,624.03,617.87,620.68,612.3574,74814500
2025-07-07,QQQ,553.52,554.34,549.58,552.03,548.8122,45349300
2025-07-07,XLK,127.985,128.32,126.89,127.46,126.6468,11560800
2025-07-07,XLF,53.13,53.25,52.42,52.68,51.692,34049000
2025-07-07,XLV,135.45,135.45,133.65,134.36,131.5501,14052300
2025-07-07,XLY,109.095,109.65,108.51,109.2,108.12,10081600
2025-07-07,XLC,107.84,107.94,106.79,107,105.3239,5533900
2025-07-07,XLI,149.4,149.82,147.87,148.9,146.6114,10687700
2025-07-07,XLP,82.1,82.16,81.68,82.11,79.3722,14365100
2025-07-07,XLE,43.25,43.48,42.65,43.095,41.5458,35673000
2025-07-07,XLU,40.83,41.035,40.745,41.005,39.6013,20215600
2025-07-07,XLB,45.45,45.61,45.005,45.245,44.232,11761600
2025-07-07,XLRE,41.71,42.05,41.23,41.48,39.7628,6417800
2025-07-07,SMH,281.76,282.64,278.55,279.76,278.8922,8616400
2025-07-07,IGV,110.86,111.2,110.16,110.71,110.6892,3883100
2025-07-07,XBI,84.87,85.13,83.02,83.58,83.1992,8494300
2025-07-07,GNOM,34.68,34.68,34.04,34.24,33.7716,8525
2025-07-07,ARKG,25.15,25.22,24.205,24.35,24.35,2856300
2025-07-07,KRE,62.81,63.69,62.15,62.58,60.75,14947100
2025-07-07,XHB,102.21,102.74,100.2,101.17,99.8478,2361700
2025-07-07,XME,69.02,69.29,68.38,69.17,68.8718,2247000
2025-07-07,URA,37.5,38,36.76,37.98,36.2496,3165800
2025-07-07,ITA,187.72,188.47,186.73,188.07,186.9016,839500
2025-07-07,PAVE,44.63,44.851,44.12,44.39,44.0155,917200
2025-07-08,SPY,621.35,622.11,619.52,620.34,612.022,59024600
2025-07-08,QQQ,553.38,554.01,551.1,552.34,549.1204,36153300
2025-07-08,XLK,128.13,128.39,127.615,128.145,127.3274,15715200
2025-07-08,XLF,52.56,52.6,52.18,52.21,51.2308,53715000
2025-07-08,XLV,134.26,136.22,134.01,134.97,132.1473,19485900
2025-07-08,XLY,109.45,109.655,108.745,108.83,107.7536,6855000
2025-07-08,XLC,107.18,107.19,106.3,106.78,105.1074,4353000
2025-07-08,XLI,148.91,149.31,148.14,148.86,146.572,10845500
2025-07-08,XLP,81.79,81.91,81.28,81.35,78.6375,15712800
2025-07-08,XLE,43.045,44.415,43.035,44.255,42.6641,47472400
2025-07-08,XLU,40.72,40.72,40.175,40.57,39.1812,44289800
2025-07-08,XLB,45.34,45.76,45.285,45.615,44.5937,16347600
2025-07-08,XLRE,41.3,41.597,41.24,41.42,39.7053,5768600
2025-07-08,SMH,281.61,284.73,280.7,283.48,282.6007,8186500
2025-07-08,IGV,111.21,111.49,110.38,111.08,111.0592,4557500
2025-07-08,XBI,83.7,85.36,83.45,84.71,84.3241,9617300
2025-07-08,GNOM,34.36,35.28,34.36,35.156,34.675,17575
2025-07-08,ARKG,24.51,25.27,24.49,25.09,25.09,2518400
2025-07-08,KRE,62.64,63.66,62.59,63.15,61.3034,15782900
2025-07-08,XHB,101.35,102.74,100.61,101.82,100.4893,2406500
2025-07-08,XME,69.34,69.6,68.14,68.62,68.3242,1672200
2025-07-08,URA,38.17,38.17,36.57,37.02,35.3333,3388200
2025-07-08,ITA,188.33,188.39,184.49,186.76,185.5997,772500
2025-07-08,PAVE,44.46,44.66,44.19,44.49,44.1147,737000
2025-07-09,SPY,622.77,624.72,620.91,624.06,615.6921,66113300
2025-07-09,QQQ,554.48,557.63,553.1,556.25,553.0076,43045500
2025-07-09,XLK,128.6,129.4,127.96,128.915,128.0925,12933600
2025-07-09,XLF,52.48,52.5,52.14,52.4,51.4173,36634900
2025-07-09,XLV,135.25,135.92,134.42,135.49,132.6564,13963900
2025-07-09,XLY,109.315,109.79,108.905,109.475,108.3923,4864800
2025-07-09,XLC,106.84,107.7,106.59,107.06,105.383,4973900
2025-07-09,XLI,149.87,150.04,148.9,149.9,147.596,10173600
2025-07-09,XLP,81.46,81.55,80.37,80.82,78.1252,22179000
2025-07-09,XLE,44.145,44.32,43.9,44.03,42.4472,28672400
2025-07-09,XLU,40.73,41.03,40.445,40.95,39.5482,40230400
2025-07-09,XLB,45.735,45.94,45.46,45.89,44.8625,13435600
2025-07-09,XLRE,41.46,41.52,41.235,41.4,39.6861,4867800
2025-07-09,SMH,284.73,287.84,283.57,285.42,284.5347,6810700
2025-07-09,IGV,111.5,111.59,110.52,111.42,111.3991,4073500
2025-07-09,XBI,85.64,87.91,85.54,87.87,87.4697,14875400
2025-07-09,GNOM,35.44,36.16,35.4,36.12,35.6258,14400
2025-07-09,ARKG,25.47,26.14,25.33,26.07,26.07,5317500
2025-07-09,KRE,63.65,63.72,62.77,63.12,61.2742,11978700
2025-07-09,XHB,102.49,105.22,102.31,105,103.6278,3499800
2025-07-09,XME,68.89,68.89,68.06,68.49,68.1947,1002600
2025-07-09,URA,36.66,36.87,36.33,36.73,35.0565,3749100
2025-07-09,ITA,187.96,189.18,186.99,188.91,187.7363,490800
2025-07-09,PAVE,44.71,44.875,44.335,44.85,44.4716,893900
2025-07-10,SPY,624.2,626.87,623.01,625.82,617.4286,57529000
2025-07-10,QQQ,556.89,557.3,552.75,555.45,552.2123,34710900
2025-07-10,XLK,129.235,129.35,127.815,128.49,127.6702,9988600
2025-07-10,XLF,52.28,52.76,52.28,52.71,51.7215,27992600
2025-07-10,XLV,135.51,137.63,135,136.32,133.4691,17668300
2025-07-10,XLY,109.71,110.955,109.595,110.685,109.5903,7566000
2025-07-10,XLC,106.81,106.89,106.275,106.7,105.0286,4126500
2025-07-10,XLI,150.07,151.26,150.01,150.74,148.4231,12385600
2025-07-10,XLP,80.86,81.42,80.57,81.11,78.4055,16687900
2025-07-10,XLE,43.93,44.39,43.615,44.365,42.7702,28823800
2025-07-10,XLU,40.81,41.365,40.685,41.285,39.8718,29074000
2025-07-10,XLB,46,46.43,45.905,46.135,45.1021,12865600
2025-07-10,XLRE,41.44,41.89,41.29,41.61,39.8875,6045300
2025-07-10,SMH,287.89,288.19,284.56,287.52,286.6281,5635200
2025-07-10,IGV,111.42,111.58,108.92,109.15,109.1295,6052200
2025-07-10,XBI,87.87,88.61,87.04,88.38,87.9773,9903200
2025-07-10,GNOM,36.16,36.24,35.68,36.08,35.5864,20975
2025-07-10,ARKG,26.41,26.467,25.83,26.125,26.125,1863200
2025-07-10,KRE,63.09,64.02,62.92,63.57,61.7111,13971300
2025-07-10,XHB,104.92,107.34,104.39,106.06,104.6739,3310400
2025-07-10,XME,70.94,72.19,70.86,72.14,71.829,2617200
2025-07-10,URA,36.58,37.17,36.2,37.03,35.3428,2487100
2025-07-10,ITA,189.08,189.44,186.6,188.65,187.478,568500
2025-07-10,PAVE,44.85,45.335,44.78,45.09,44.7096,899000
2025-07-11,SPY,622.74,624.86,621.53,623.62,615.258,63670200
2025-07-11,QQQ,553.3,555.79,552.05,554.2,550.9695,39618600
2025-07-11,XLK,127.88,128.675,127.72,127.925,127.1088,9239000
2025-07-11,XLF,52.36,52.41,52.08,52.16,51.1818,30289900
2025-07-11,XLV,135.88,135.88,134.35,135.19,132.3627,14246600
2025-07-11,XLY,110.39,110.95,109.935,110.715,109.62,6690400
2025-07-11,XLC,106.34,106.5,105.57,106.01,104.3494,4769400
2025-07-11,XLI,149.99,150.61,149.62,150.2,147.8914,7065200
2025-07-11,XLP,80.79,81.01,80.4,80.81,78.1155,16936700
2025-07-11,XLE,44.29,44.72,44.155,44.565,42.963,30171600
2025-07-11,XLU,40.955,41.385,40.84,41.225,39.8138,22199800
2025-07-11,XLB,45.64,45.84,45.405,45.76,44.7355,11563200
2025-07-11,XLRE,41.3,41.68,41.16,41.57,39.8491,5802500
2025-07-11,SMH,286.47,288.94,285.55,287.49,286.5982,5677000
2025-07-11,IGV,108.6,108.99,107.39,107.48,107.4599,3759900
2025-07-11,XBI,87.58,87.91,86.7,87.02,86.6235,7716800
2025-07-11,GNOM,35.8,35.88,35.16,35.4,34.9157,10950
2025-07-11,ARKG,25.79,25.91,25.16,25.265,25.265,2338200
2025-07-11,KRE,63.13,63.36,62.74,62.89,61.051,13972600
2025-07-11,XHB,104.76,105.43,104.33,104.75,103.3811,2132400
2025-07-11,XME,71.76,73.13,71.76,73.13,72.8147,2171600
2025-07-11,URA,36.56,37.71,36.53,37.51,35.801,2577100
2025-07-11,ITA,188.62,190.13,188.38,189.78,188.6009,547100
2025-07-11,PAVE,44.84,45.04,44.74,44.96,44.5807,595100
2025-07-14,SPY,623.16,625.16,621.8,624.81,616.4321,51898500
2025-07-14,QQQ,553.99,556.95,551.63,556.21,552.9678,36453300
2025-07-14,XLK,127.61,128.135,126.6,127.82,127.0045,8125200
2025-07-14,XLF,52.15,52.58,52.02,52.55,51.5645,27636500
2025-07-14,XLV,134.65,135.31,134.4,135.03,132.2061,11095400
2025-07-14,XLY,110.74,111.16,110.42,111.125,110.0259,7292200
2025-07-14,XLC,106.12,107.16,106.06,107.05,105.3732,6101100
2025-07-14,XLI,150.19,151.14,149.9,151.01,148.689,9069900
2025-07-14,XLP,80.83,80.93,80.28,80.88,78.1832,13694000
2025-07-14,XLE,44.48,44.48,43.84,44.075,42.4906,33441600
2025-07-14,XLU,41.195,41.525,40.97,41.39,39.9732,23883400
2025-07-14,XLB,45.575,45.675,45.34,45.505,44.4862,12949400
2025-07-14,XLRE,41.56,41.87,41.52,41.85,40.1175,7270600
2025-07-14,SMH,286.3,286.52,281.74,285.32,284.435,7455800
2025-07-14,IGV,107.64,109.25,107.61,109.05,109.0296,5400700
2025-07-14,XBI,86.83,88.55,86.74,88.27,87.8678,6410900
2025-07-14,GNOM,35.2,35.64,35.2,35.36,34.8762,12675
2025-07-14,ARKG,25.12,25.525,25.05,25.26,25.26,1539600
2025-07-14,KRE,62.85,63.64,62.75,63.6,61.7402,13430000
2025-07-14,XHB,104.34,104.63,102.77,104.02,102.6606,2806000
2025-07-14,XME,72.77,73.34,72.03,72.59,72.277,1073500
2025-07-14,URA,37.6,38.99,37.41,38.97,37.1945,4108700
2025-07-14,ITA,190.26,193.79,190.1,193.64,192.437,959400
2025-07-14,PAVE,44.85,45.04,44.67,44.96,44.5807,615100
2025-07-15,SPY,627.52,627.86,622.06,622.14,613.7979,74317300
2025-07-15,QQQ,560.25,560.8,556.66,556.72,553.4748,43277700
2025-07-15,XLK,129.31,129.615,128.91,128.955,128.1323,15657000
2025-07-15,XLF,52.34,52.45,51.65,51.65,50.6813,47704600
2025-07-15,XLV,135.23,135.47,132.47,132.6,129.8269,17095600
2025-07-15,XLY,111.195,111.46,109.49,109.535,108.4517,10133200
2025-07-15,XLC,107.14,107.34,105.975,105.99,104.3297,5813500
2025-07-15,XLI,151.48,151.48,149.86,149.88,147.5763,10278700
2025-07-15,XLP,80.7,80.85,80.06,80.07,77.4002,17681600
2025-07-15,XLE,43.99,44.18,43.385,43.44,41.8784,33859000
2025-07-15,XLU,41.385,41.385,40.79,40.995,39.5917,26253000
2025-07-15,XLB,45.58,45.605,44.555,44.57,43.5721,14653600
2025-07-15,XLRE,41.86,41.91,41.2,41.31,39.5999,6427500
2025-07-15,SMH,291.67,293.2,290.08,290.8,289.8979,9892500
2025-07-15,IGV,109.23,109.69,108.88,108.99,108.9696,4653000
2025-07-15,XBI,88.7,88.73,85.69,85.91,85.5186,12109600
2025-07-15,GNOM,35.48,35.6,34.24,34.24,33.7716,14600
2025-07-15,ARKG,25.5,25.575,24.25,24.33,24.33,1623300
2025-07-15,KRE,63.36,63.64,61.32,61.37,59.5754,25955400
2025-07-15,XHB,104.27,104.73,100.36,100.4,99.0879,4959600
2025-07-15,XME,73.28,73.52,72.23,72.28,71.9684,2321300
2025-07-15,URA,39.26,39.42,38.36,39.18,37.3949,4448400
2025-07-15,ITA,194.48,194.48,192.61,193.22,192.0195,735900
2025-07-15,PAVE,45.17,45.19,44.465,44.48,44.1047,754200
2025-07-16,SPY,623.74,624.73,618.05,624.22,615.8499,88987500
2025-07-16,QQQ,557.28,560.21,551.56,557.29,554.0415,52314700
2025-07-16,XLK,129,129.43,127.405,129.355,128.5297,17782600
2025-07-16,XLF,51.93,52.06,51.33,52.01,51.0346,46726500
2025-07-16,XLV,133.14,134.42,133,134.25,131.4424,14142100
2025-07-16,XLY,109.725,109.965,108.735,109.735,108.6497,13982600
2025-07-16,XLC,106.46,106.65,105.74,106.31,104.6447,6812600
2025-07-16,XLI,150.3,150.52,148.39,150.41,148.0982,9998300
2025-07-16,XLP,80.11,80.42,79.68,80.35,77.6708,15633600
2025-07-16,XLE,43.38,43.63,42.91,43.065,41.5169,35501600
2025-07-16,XLU,41.02,41.18,40.695,41.015,39.611,22625000
2025-07-16,XLB,44.625,44.74,44.17,44.69,43.6894,13615200
2025-07-16,XLRE,41.64,41.795,41.345,41.76,40.0312,8487900
2025-07-16,SMH,288.5,289.57,283.13,289.28,288.3827,10065900
2025-07-16,IGV,109.45,110.02,108.2,109.81,109.7894,4267800
2025-07-16,XBI,86.47,87.89,86.44,87.82,87.4199,13045500
2025-07-16,GNOM,34.48,34.8,34.32,34.74,34.2647,10000
2025-07-16,ARKG,24.57,25,24.3,24.88,24.88,2121100
2025-07-16,KRE,61.89,62.14,60.68,61.91,60.0996,17127300
2025-07-16,XHB,101.01,101.49,99.04,101.01,99.6899,3301800
2025-07-16,XME,72.68,72.82,71.34,72.63,72.3169,1847000
2025-07-16,URA,39.24,40.05,38.73,39.99,38.168,4524100
2025-07-16,ITA,193.92,194.72,191.73,194.43,193.222,552200
2025-07-16,PAVE,44.65,44.67,43.865,44.59,44.2138,1194200
2025-07-17,SPY,624.4,628.4,624.18,628.04,619.6188,68885700
2025-07-17,QQQ,558.02,562.31,557.21,561.8,558.5253,40423800
2025-07-17,XLK,129.51,130.735,129.255,130.53,129.6972,11955000
2025-07-17,XLF,51.87,52.6,51.81,52.51,51.5252,48213900
2025-07-17,XLV,133.29,133.68,132.28,132.72,129.9444,15740900
2025-07-17,XLY,109.81,110.285,109.625,110.11,109.021,7742400
2025-07-17,XLC,106.22,106.8,105.975,106.68,105.0089,4640100
2025-07-17,XLI,150.98,151.98,150.81,151.8,149.4668,13374200
2025-07-17,XLP,80.66,81.16,80.47,81.11,78.4055,17079000
2025-07-17,XLE,42.845,43.395,42.74,43.33,41.7724,36085600
2025-07-17,XLU,40.99,41.31,40.925,41.185,39.7752,19757000
2025-07-17,XLB,44.595,45.04,44.535,45.005,43.9974,11840800
2025-07-17,XLRE,41.71,41.89,41.525,41.72,39.9929,7848700
2025-07-17,SMH,290.05,292.56,287.98,291.71,290.8051,6998300
2025-07-17,IGV,109.96,111.43,109.88,111.31,111.2891,3706500
2025-07-17,XBI,87.92,88.74,87.7,88.12,87.7185,8903900
2025-07-17,GNOM,34.92,35.12,34.74,34.884,34.4067,8900
2025-07-17,ARKG,24.92,25.079,24.45,24.49,24.49,1389300
2025-07-17,KRE,61.85,63.25,61.84,63.17,61.3228,12283000
2025-07-17,XHB,101,102.63,100.69,102.4,101.0618,2070700
2025-07-17,XME,72.17,74.75,71.95,74.64,74.3182,1810800
2025-07-17,URA,39.95,40.66,39.65,40.42,38.5784,3561600
2025-07-17,ITA,196,196.88,194.51,195.86,194.6432,800800
2025-07-17,PAVE,44.8,45.45,44.75,45.38,44.9971,1082200
2025-07-18,SPY,629.3,629.47,626.46,627.58,619.1649,65621600
2025-07-18,QQQ,563.12,564.73,559.98,561.26,557.9885,50484700
2025-07-18,XLK,131.03,131.075,130.095,130.445,129.6128,10281000
2025-07-18,XLF,52.58,52.65,52.43,52.54,51.5546,29791300
2025-07-18,XLV,133.07,133.24,131.66,131.84,129.0828,13245500
2025-07-18,XLY,110.665,111.14,110.5,111.085,109.9863,11246400
2025-07-18,XLC,106.71,106.78,105.64,106.19,104.5266,5593900
2025-07-18,XLI,152.27,152.48,150.79,151.46,149.1321,10201800
2025-07-18,XLP,81.15,81.49,80.79,80.89,78.1928,12755000
2025-07-18,XLE,43.675,43.875,42.81,42.98,41.4349,60975600
2025-07-18,XLU,41.32,42.02,41.265,41.875,40.4416,28627400
2025-07-18,XLB,45.08,45.145,44.84,45.11,44.1,13623200
2025-07-18,XLRE,41.76,41.985,41.65,41.84,40.1079,5608100
2025-07-18,SMH,292.91,293.33,289.33,290.31,289.4095,5522100
2025-07-18,IGV,111.78,111.8,110.53,111.06,111.0392,3865100
2025-07-18,XBI,88.27,89.06,86.08,86.27,85.877,14199700
2025-07-18,GNOM,35.2,35.44,34.4,34.54,34.0675,16900
2025-07-18,ARKG,24.91,25.55,24.78,24.92,24.92,2024300
2025-07-18,KRE,63.64,63.7,62.77,63.27,61.4199,15607500
2025-07-18,XHB,102.72,103.26,100.83,101.43,100.1044,2112100
2025-07-18,XME,74.97,75.64,74.56,75.18,74.8559,1379300
2025-07-18,URA,40.66,41.21,40.22,40.93,39.0652,2955000
2025-07-18,ITA,196.73,197.88,195.25,196.11,194.8916,555700
2025-07-18,PAVE,45.65,45.691,45.21,45.43,45.0467,899100
2025-07-21,SPY,628.77,631.54,628.34,628.77,620.339,63375000
2025-07-21,QQQ,562.09,566.06,562.06,564.17,560.8814,39595200
2025-07-21,XLK,130.59,131.505,130.44,130.615,129.7817,9246600
2025-07-21,XLF,52.57,52.94,52.37,52.39,51.4075,36871400
2025-07-21,XLV,131.91,132.32,131.03,131.09,128.3485,9468700
2025-07-21,XLY,111.46,112.03,111.375,111.61,110.5061,9807800
2025-07-21,XLC,106.77,107.795,106.73,107.61,105.9244,4468600
2025-07-21,XLI,151.93,152.04,150.6,150.66,148.3443,10089300
2025-07-21,XLP,80.96,81.32,80.79,80.88,78.1832,13430900
2025-07-21,XLE,43.01,43.085,42.45,42.535,41.0059,30434400
2025-07-21,XLU,41.98,42.265,41.845,42.01,40.5719,19895600
2025-07-21,XLB,45.385,45.74,45.29,45.34,44.3249,10631000
2025-07-21,XLRE,42.055,42.29,41.9,42,40.2613,5336600
2025-07-21,SMH,290.67,293.53,290.4,290.51,289.6089,5910900
2025-07-21,IGV,111.33,111.99,111.05,111.21,111.1892,3524500
2025-07-21,XBI,86.48,87.54,85.66,85.87,85.4788,9134900
2025-07-21,GNOM,34.68,35.04,34.28,34.3,33.8307,15100
2025-07-21,ARKG,25.23,26.33,25.11,25.13,25.13,2758200
2025-07-21,KRE,63.57,64.15,63.02,63.07,61.2257,10888200
2025-07-21,XHB,101.93,102.47,100.92,101.05,99.7294,1557700
2025-07-21,XME,76.4,77.52,75.88,76.04,75.7122,2757100
2025-07-21,URA,41.6,41.6,39.87,40.14,38.3111,4686700
2025-07-21,ITA,196.51,197.08,194.58,194.65,193.4407,571100
2025-07-21,PAVE,45.62,45.67,45.115,45.14,44.7592,1140800
2025-07-22,SPY,629.1,629.73,626.19,628.86,620.4277,60046300
2025-07-22,QQQ,564.3,564.35,558.61,561.25,557.9785,43270600
2025-07-22,XLK,130.515,130.605,128.475,129.405,128.5794,13448800
2025-07-22,XLF,52.5,52.75,52.47,52.68,51.692,32289100
2025-07-22,XLV,131.31,133.81,131.31,133.53,130.7374,16681900
2025-07-22,XLY,111.965,112.95,111.65,112.74,111.625,10980000
2025-07-22,XLC,108.05,108.12,107.56,107.86,106.1705,5292500
2025-07-22,XLI,150.13,151.32,149.71,151.02,148.6988,15053900
2025-07-22,XLP,80.48,81.76,80.42,81.62,78.8985,20413700
2025-07-22,XLE,42.485,42.97,42.445,42.735,41.1987,32444000
2025-07-22,XLU,42.17,42.55,42.055,42.525,41.0693,23518200
2025-07-22,XLB,45.295,46.005,45.27,45.965,44.9359,13651000
2025-07-22,XLRE,42.18,42.785,42.125,42.73,40.9611,6165500
2025-07-22,SMH,289.74,289.84,282.12,285.37,284.4848,11537500
2025-07-22,IGV,111.19,111.4,109.88,110.9,110.8792,4441800
2025-07-22,XBI,85.68,86.84,85.5,86.73,86.3349,8446500
2025-07-22,GNOM,34.36,35.336,34.36,35.336,34.8526,16000
2025-07-22,ARKG,25.32,25.965,25.01,25.95,25.95,4126200
2025-07-22,KRE,63.2,63.91,62.75,63.36,61.5072,13751300
2025-07-22,XHB,103.28,107.11,102.8,106.72,105.3253,4725200
2025-07-22,XME,76.75,78.46,76.75,78.12,77.7832,2356900
2025-07-22,URA,40.19,40.42,39.22,40.22,38.3875,3275300
2025-07-22,ITA,192.62,193.48,190.16,192.18,190.986,1044600
2025-07-22,PAVE,45.2,45.63,44.85,45.56,45.1756,836100
2025-07-23,SPY,631.55,634.21,629.73,634.21,625.7061,70511000
2025-07-23,QQQ,562.34,563.85,559.58,563.81,560.5236,40215300
2025-07-23,XLK,129.74,130.315,128.97,130.145,129.3147,10091800
2025-07-23,XLF,52.8,53.1,52.56,53.1,52.1041,32111300
2025-07-23,XLV,135.26,136.32,134.8,136.27,133.4201,16624000
2025-07-23,XLY,113,113.445,112.865,113.275,112.1547,10083200
2025-07-23,XLC,107.81,108.49,107.48,108.45,106.7512,4967000
2025-07-23,XLI,152.28,153.81,152.04,153.73,151.3672,14747300
2025-07-23,XLP,81.65,81.86,81.39,81.65,78.9275,13808900
2025-07-23,XLE,42.91,43.43,42.8,43.405,41.8447,28046000
2025-07-23,XLU,42.905,43.01,42.035,42.205,40.7603,40333000
2025-07-23,XLB,46.145,46.37,46.04,46.12,45.0874,13494400
2025-07-23,XLRE,42.79,42.91,42.65,42.85,41.0761,5625700
2025-07-23,SMH,285.3,286.67,282.99,286.61,285.7209,8194600
2025-07-23,IGV,111.31,111.88,110.33,111.81,111.789,3086500
2025-07-23,XBI,87.62,88.71,86.84,88.22,87.8181,12211700
2025-07-23,GNOM,35.92,36.44,35.64,36.32,35.8231,18175
2025-07-23,ARKG,26.38,26.68,25.96,26.55,26.55,3774300
2025-07-23,KRE,63.82,63.82,62.77,63.36,61.5072,13203300
2025-07-23,XHB,107.95,108.25,106.9,107.7,106.2925,3851700
2025-07-23,XME,78.39,78.86,77.69,78.4,78.062,2314700
2025-07-23,URA,40.4,41.21,40.19,41.21,39.3324,3189700
2025-07-23,ITA,193.87,197.16,193.67,196.89,195.6667,551300
2025-07-23,PAVE,45.8,46.176,45.8,46.15,45.7606,1617200
2025-07-24,SPY,634.6,636.15,633.99,634.42,625.9133,71307100
2025-07-24,QQQ,565.13,566.24,563.29,565.01,561.7166,42275500
2025-07-24,XLK,130.465,130.95,129.96,130.695,129.8612,12159600
2025-07-24,XLF,53.12,53.44,53.01,53.07,52.0747,32371900
2025-07-24,XLV,136.13,136.93,135.54,135.76,132.9208,11054800
2025-07-24,XLY,111.76,112.41,111.165,111.4,110.2982,15148400
2025-07-24,XLC,109.39,109.7,108.63,108.63,106.9284,5732700
2025-07-24,XLI,153.57,154.59,153.05,153.47,151.1112,11695600
2025-07-24,XLP,81.72,81.81,81.29,81.36,78.6472,11462600
2025-07-24,XLE,43.29,43.77,43.095,43.715,42.1435,24022200
2025-07-24,XLU,42.26,42.35,42.04,42.15,40.7072,22137600
2025-07-24,XLB,45.7,46,45.51,45.645,44.623,17343400
2025-07-24,XLRE,42.78,42.955,42.7,42.79,41.0186,6727900
2025-07-24,SMH,287.19,288.27,284.92,287.8,286.9073,5902600
2025-07-24,IGV,112.18,112.64,111.68,112.09,112.069,6031600
2025-07-24,XBI,88.27,88.56,87.26,87.49,87.0914,10815700
2025-07-24,GNOM,36.24,36.52,35.876,36.08,35.5864,7750
2025-07-24,ARKG,26.54,26.76,25.91,26.03,26.03,2376700
2025-07-24,KRE,63.13,63.17,62.07,62.18,60.3617,15251000
2025-07-24,XHB,107.29,107.5,105.35,105.55,104.1706,3399300
2025-07-24,XME,77.87,78.23,76.84,77.26,76.9269,1570500
2025-07-24,URA,41,42.22,40.91,42.16,40.2391,3031800
2025-07-24,ITA,197.46,198.77,196.64,196.84,195.6171,777900
2025-07-24,PAVE,46.165,46.37,46.01,46.1,45.7111,714800
2025-07-25,SPY,635.09,637.58,634.84,637.1,628.5573,56865400
2025-07-25,QQQ,564.93,567.7,564.27,566.37,563.0686,30630800
2025-07-25,XLK,130.655,131.325,130.385,130.995,130.1592,8002000
2025-07-25,XLF,53.1,53.49,52.99,53.44,52.4378,28964700
2025-07-25,XLV,136.25,136.7,135.74,136.48,133.6257,9539900
2025-07-25,XLY,111.96,112.605,111.68,112.435,111.323,12268000
2025-07-25,XLC,107.935,108.24,107.37,107.62,105.9342,7300700
2025-07-25,XLI,153.94,155.06,153.36,154.99,152.6078,9376600
2025-07-25,XLP,81.31,81.52,81.04,81.5,78.7825,9284900
2025-07-25,XLE,43.76,43.835,43.325,43.55,41.9844,20143200
2025-07-25,XLU,42.215,42.305,42.055,42.26,40.8134,16320400
2025-07-25,XLB,45.765,46.21,45.64,46.185,45.1509,15752800
2025-07-25,XLRE,42.8,42.84,42.33,42.79,41.0186,4698000
2025-07-25,SMH,286.23,288.04,285.06,287.49,286.5982,4014900
2025-07-25,IGV,112,113.03,111.96,112.69,112.6689,2808000
2025-07-25,XBI,87.57,87.87,86.73,87.61,87.2108,9111500
2025-07-25,GNOM,36.08,36.28,35.76,36.16,35.6653,6625
2025-07-25,ARKG,25.98,26.055,25.53,26,26,1859000
2025-07-25,KRE,61.75,62.04,60.84,61.93,60.1191,19311400
2025-07-25,XHB,106.14,106.53,105.04,106.53,105.1378,1544200
2025-07-25,XME,77.29,77.77,76.75,77.6,77.2654,1343500
2025-07-25,URA,41.72,42.03,41.07,41.83,39.9241,3086300
2025-07-25,ITA,197.27,198.66,195.99,198.27,197.0382,508100
2025-07-25,PAVE,46.28,46.9,46.21,46.86,46.4647,856900
2025-07-28,SPY,637.48,638.04,635.54,636.94,628.3994,54917100
2025-07-28,QQQ,567.74,569.04,566.87,568.14,564.8282,31498700
2025-07-28,XLK,131.495,132.075,131.225,132.04,131.1976,11517600
2025-07-28,XLF,53.38,53.44,52.96,53.07,52.0747,29119300
2025-07-28,XLV,136.14,136.39,134.93,135.29,132.4606,9780300
2025-07-28,XLY,112.87,113.67,112.515,113.09,111.9715,11332600
2025-07-28,XLC,107.55,107.73,106.845,107.04,105.3633,6326900
2025-07-28,XLI,155.07,155.15,154.07,154.51,152.1352,9214700
2025-07-28,XLP,81.07,81.2,80.55,80.66,77.9705,12113200
2025-07-28,XLE,43.84,44.12,43.775,44.045,42.4617,23705200
2025-07-28,XLU,42.255,42.265,41.705,41.81,40.3788,22413600
2025-07-28,XLB,45.92,45.985,45.385,45.515,44.4959,15015000
2025-07-28,XLRE,42.59,42.67,42.01,42.05,40.3092,4776600
2025-07-28,SMH,289.78,291.57,289.29,291.41,290.5061,5671900
2025-07-28,IGV,113.23,113.31,112.27,112.88,112.8588,3675600
2025-07-28,XBI,87.69,88.18,86.07,86.57,86.1756,12818500
2025-07-28,GNOM,36.12,36.32,35.76,35.82,35.3299,17925
2025-07-28,ARKG,26.185,26.29,25.555,25.68,25.68,1688300
2025-07-28,KRE,62.23,62.27,61.49,61.88,60.0705,9190900
2025-07-28,XHB,106.89,107.34,105.39,106.6,105.2069,1800800
2025-07-28,XME,77.33,77.47,75.17,76.22,75.8914,2434700
2025-07-28,URA,41.57,41.57,40.47,40.99,39.1224,4676200
2025-07-28,ITA,199.88,199.88,196.79,198.05,196.8195,613300
2025-07-28,PAVE,46.97,46.97,46.537,46.66,46.2663,998200
2025-07-29,SPY,638.35,638.67,634.34,635.26,626.7419,60556300
2025-07-29,QQQ,570.76,572.11,566.53,567.26,563.9534,45463300
2025-07-29,XLK,132.9,133.635,131.82,132.045,131.2025,13739000
2025-07-29,XLF,53.25,53.3,52.68,52.8,51.8098,37883200
2025-07-29,XLV,133.9,135.1,132.94,134.43,131.6186,14967600
2025-07-29,XLY,113.11,113.13,112.06,112.31,111.1992,11012600
2025-07-29,XLC,107.34,107.51,106.06,106.12,104.4577,5396000
2025-07-29,XLI,154.55,154.6,152.24,152.75,150.4022,13546500
2025-07-29,XLP,80.8,81.43,80.37,81.19,78.4828,18872900
2025-07-29,XLE,44.115,44.49,43.97,44.475,42.8762,24552000
2025-07-29,XLU,41.97,42.315,41.88,42.29,40.8424,18395400
2025-07-29,XLB,45.435,45.44,45.075,45.34,44.3249,14205800
2025-07-29,XLRE,42.28,42.79,42.04,42.75,40.9803,9447100
2025-07-29,SMH,293.56,296.73,291.48,292.9,291.9914,6968700
2025-07-29,IGV,113.83,114.83,112.49,113.01,112.9888,3443500
2025-07-29,XBI,86.65,86.82,85.44,85.84,85.4489,11511500
2025-07-29,GNOM,36.2,36.2,35.32,35.4,34.9157,9200
2025-07-29,ARKG,25.78,25.82,24.51,24.62,24.62,3720100
2025-07-29,KRE,62.21,62.38,61.43,61.58,59.7793,10510500
2025-07-29,XHB,106.54,106.56,104.99,105.42,104.0423,2899600
2025-07-29,XME,75.99,76.26,74.38,75.17,74.8459,1736100
2025-07-29,URA,41,41.35,40.13,40.25,38.4161,3149600
2025-07-29,ITA,199.65,199.89,196.61,197.23,196.0046,455700
2025-07-29,PAVE,46.72,46.78,46.142,46.37,45.9788,865200
2025-07-30,SPY,635.92,637.68,631.54,634.46,625.9527,80418900
2025-07-30,QQQ,568.18,570.62,565.05,568.02,564.709,43433800
2025-07-30,XLK,132.185,132.79,131.3,132.34,131.4956,13934600
2025-07-30,XLF,52.78,53.03,52.44,52.7,51.7116,37260100
2025-07-30,XLV,134.88,135.19,133.64,134.19,131.3837,11634600
2025-07-30,XLY,112.475,112.68,110.975,111.6,110.4962,13746000
2025-07-30,XLC,106.48,107.165,106.095,106.45,104.7825,6331700
2025-07-30,XLI,152.54,152.84,151.29,152,149.6638,13795300
2025-07-30,XLP,81.23,81.49,80.25,80.47,77.7868,16485500
2025-07-30,XLE,44.2,44.225,43.565,43.84,42.264,26552400
2025-07-30,XLU,42.415,42.985,42.375,42.605,41.1466,27424400
2025-07-30,XLB,45.135,45.18,44.235,44.425,43.4303,23629400
2025-07-30,XLRE,42.66,42.77,41.87,42.15,40.4051,9908200
2025-07-30,SMH,294.76,297.38,293.59,296.26,295.341,7930300
2025-07-30,IGV,112.97,113.38,111.93,112.72,112.6989,4062600
2025-07-30,XBI,86.89,87.81,85.71,86.24,85.8471,11644000
2025-07-30,GNOM,35.76,36.2,35.24,35.48,34.9946,8300
2025-07-30,ARKG,24.91,25.19,24.22,24.5,24.5,3237100
2025-07-30,KRE,61.85,62.04,60.47,60.79,59.0124,15835500
2025-07-30,XHB,105.03,105.35,102.17,102.92,101.575,2585000
2025-07-30,XME,74.8,75.46,73.14,73.65,73.3325,3071700
2025-07-30,URA,40.12,40.78,39.64,40.09,38.2634,2748600
2025-07-30,ITA,197.48,199.09,196.89,198.64,197.4059,412900
2025-07-30,PAVE,46.41,46.505,45.835,46.07,45.6813,762200
2025-07-31,SPY,639.46,639.85,630.77,632.08,623.6047,103385200
2025-07-31,QQQ,574.54,574.63,563.87,565.01,561.7166,64613600
2025-07-31,XLK,134.005,134.005,130.73,131.37,130.5318,16414400
2025-07-31,XLF,52.48,52.99,52.27,52.37,51.3878,46179400
2025-07-31,XLV,133.02,133.79,129.98,130.43,127.7023,26441600
2025-07-31,XLY,112.14,112.33,110.565,110.715,109.62,13728200
2025-07-31,XLC,108.44,108.66,107.19,107.41,105.7275,11450800
2025-07-31,XLI,151.51,153.07,151.51,152.01,149.6736,16520400
2025-07-31,XLP,79.9,80.56,79.65,79.78,77.1199,18339700
2025-07-31,XLE,43.38,44.11,43.38,43.605,42.0375,24960800
2025-07-31,XLU,42.475,42.9,42.44,42.835,41.3687,30179600
2025-07-31,XLB,43.9,44.41,43.815,43.865,42.8829,23230600
2025-07-31,XLRE,41.87,42.1,41.35,41.41,39.6957,10320700
2025-07-31,SMH,294.7,294.92,286.05,288.78,287.8842,9928100
2025-07-31,IGV,114.14,114.14,111.54,111.66,111.6391,5099300
2025-07-31,XBI,86.1,87.47,85.33,85.66,85.2697,11802100
2025-07-31,GNOM,35.28,35.56,34.64,34.684,34.2095,18750
2025-07-31,ARKG,24.31,24.62,23.76,23.82,23.82,2666800
2025-07-31,KRE,60.4,60.71,59.93,60.06,58.3037,18328500
2025-07-31,XHB,101.83,103.08,101.45,101.91,100.5782,3037700
2025-07-31,XME,72.85,73.76,72.5,73.32,73.0039,2294700
2025-07-31,URA,40.4,40.4,39.07,39.36,37.5667,3994200
2025-07-31,ITA,197.76,198.08,195.65,196.6,195.3785,580700
2025-07-31,PAVE,45.76,46.07,45.44,45.69,45.3045,1506200
2025-08-01,SPY,626.3,626.34,619.29,621.72,613.3835,140103600
2025-08-01,QQQ,558.83,559.02,551.68,553.88,550.6514,69400800
2025-08-01,XLK,129.94,129.985,127.89,128.535,127.7149,19438000
2025-08-01,XLF,51.72,51.76,51.05,51.4,50.436,63060800
2025-08-01,XLV,130.7,131.4,129.86,131.13,128.3876,20736200
2025-08-01,XLY,108.265,108.65,107.375,108.045,106.9764,22660400
2025-08-01,XLC,106.83,106.95,105.64,106.12,104.4577,9181900
2025-08-01,XLI,149.95,150.35,148.13,149.74,147.4385,19191700
2025-08-01,XLP,80.22,80.66,80.05,80.16,77.4872,28529200
2025-08-01,XLE,43.44,43.595,42.56,42.795,41.2566,42329400
2025-08-01,XLU,42.785,43.13,42.455,42.9,41.4315,35852000
2025-08-01,XLB,43.565,43.585,43.01,43.36,42.3892,28581800
2025-08-01,XLRE,41.845,41.87,41.04,41.29,39.5807,9602600
2025-08-01,SMH,282.91,286.94,279.19,283.95,283.0692,14032200
2025-08-01,IGV,110.28,110.28,108.06,108.63,108.6096,6882700
2025-08-01,XBI,84.83,86.04,84.39,85.93,85.5385,9334100
2025-08-01,GNOM,34.08,34.552,34.04,34.524,34.0517,5625
2025-08-01,ARKG,23.25,23.82,23.07,23.56,23.56,2451700
2025-08-01,KRE,59.2,59.25,57.79,58.82,57.1,28311700
2025-08-01,XHB,102.12,104.11,101.37,103.86,102.5027,4906700
2025-08-01,XME,71.89,72.99,71.07,72.41,72.0978,2466000
2025-08-01,URA,38,38.47,37.04,38.22,36.4786,6221800
2025-08-01,ITA,194.09,196.33,191.19,195.78,194.5637,805600
2025-08-01,PAVE,44.95,45.186,44.28,45.01,44.6303,1103300
2025-08-04,SPY,625.67,631.22,625.58,631.17,622.7068,73218000
2025-08-04,QQQ,559.05,564.32,558.95,564.1,560.8118,47669800
2025-08-04,XLK,129.745,131.17,129.745,131.145,130.3083,12377000
2025-08-04,XLF,51.6,51.91,51.49,51.91,50.9365,40053100
2025-08-04,XLV,131.39,133.07,131.36,133.01,130.2283,11331000
2025-08-04,XLY,108.875,109.485,108.53,109.315,108.2338,12640200
2025-08-04,XLC,106.81,108.18,106.67,108.16,106.4658,4883600
2025-08-04,XLI,150.26,151.26,150.12,151.12,148.7973,11355600
2025-08-04,XLP,80.06,80.69,80.06,80.55,77.8642,14441900
2025-08-04,XLE,42.72,43.04,42.48,42.7,41.165,26509600
2025-08-04,XLU,43.11,43.78,43.02,43.66,42.1655,25730800
2025-08-04,XLB,43.61,43.98,43.595,43.935,42.9513,15497000
2025-08-04,XLRE,41.36,41.76,41.325,41.64,39.9162,6584500
2025-08-04,SMH,286.29,290.31,285.21,290.19,289.2899,5323200
2025-08-04,IGV,109.69,111.05,109.55,110.98,110.9592,4878400
2025-08-04,XBI,85.91,86.96,84.97,86.82,86.4244,7662100
2025-08-04,GNOM,34.8,35.388,34.448,35.336,34.8526,9000
2025-08-04,ARKG,23.61,24.24,23.24,24.16,24.16,2165700
2025-08-04,KRE,59.08,59.69,58.78,59.65,57.9057,17346800
2025-08-04,XHB,104.14,105.85,103.95,105.71,104.3285,2650200
2025-08-04,XME,72.64,73.95,72.55,73.81,73.4918,1328300
2025-08-04,URA,38.64,39.52,38.48,39.49,37.6908,2243800
2025-08-04,ITA,196.42,198.38,196,197.91,196.6804,680100
2025-08-04,PAVE,45.34,45.5,45.19,45.4,45.017,623700
2025-08-05,SPY,631.79,632.61,627.04,627.97,619.5496,68051400
2025-08-05,QQQ,565.39,566.56,559.73,560.27,557.0042,48666600
2025-08-05,XLK,131.63,131.745,129.76,130.06,129.2302,11176000
2025-08-05,XLF,52.05,52.09,51.36,51.7,50.7304,33551000
2025-08-05,XLV,132.45,132.95,132.04,132.5,129.729,14319200
2025-08-05,XLY,109.475,110.145,109.135,109.455,108.3725,11021600
2025-08-05,XLC,108.21,108.56,107.29,107.32,105.6389,5774100
2025-08-05,XLI,150.89,151.6,149.78,150.81,148.4921,12724800
2025-08-05,XLP,80.51,80.91,80.35,80.47,77.7868,15062900
2025-08-05,XLE,42.69,42.815,42.175,42.755,41.218,31413600
2025-08-05,XLU,43.675,43.835,43.065,43.195,41.7164,21454400
2025-08-05,XLB,44.165,44.335,43.835,44.245,43.2544,16047000
2025-08-05,XLRE,41.62,41.895,41.45,41.78,40.0504,6265300
2025-08-05,SMH,290.74,291.33,284.21,287.1,286.2094,6918300
2025-08-05,IGV,111.99,112.26,110.29,110.55,110.5293,3879300
2025-08-05,XBI,86.53,87.42,85.66,86.85,86.4543,8943700
2025-08-05,GNOM,35.16,35.312,34.76,35,34.5212,4200
2025-08-05,ARKG,23.97,24.05,23.54,23.685,23.685,1425700
2025-08-05,KRE,59.8,59.89,58.55,59.85,58.0999,18276200
2025-08-05,XHB,105.83,107.96,105.75,107.26,105.8582,2983300
2025-08-05,XME,74.09,75.7,73.72,75.58,75.2542,2056800
2025-08-05,URA,39.87,40.56,39.43,40.43,38.5879,4026200
2025-08-05,ITA,198.63,199.81,196.08,197.54,196.3127,1083800
2025-08-05,PAVE,45.5,45.66,44.951,45.54,45.1558,996800
2025-08-06,SPY,629.05,633.44,628.13,632.78,624.2952,64357500
2025-08-06,QQQ,561.11,567.76,560.63,567.32,564.0131,41823700
2025-08-06,XLK,130.185,131.695,130.1,131.525,130.6859,10167000
2025-08-06,XLF,51.81,52.03,51.66,51.95,50.9757,34198700
2025-08-06,XLV,131.94,132.05,130.35,130.51,127.7806,14342800
2025-08-06,XLY,109.78,111.78,109.63,111.73,110.625,11728800
2025-08-06,XLC,107.87,108.015,106.87,107.73,106.0425,5141000
2025-08-06,XLI,150.95,151.25,149.81,150.93,148.6102,10736700
2025-08-06,XLP,80.7,81.89,80.5,81.62,78.8985,16043200
2025-08-06,XLE,43.025,43.275,42.235,42.36,40.8372,38249400
2025-08-06,XLU,43.26,43.275,42.775,42.81,41.3446,23020600
2025-08-06,XLB,44.2,44.31,43.755,43.765,42.7851,13141000
2025-08-06,XLRE,41.91,41.91,41.415,41.43,39.7149,7569500
2025-08-06,SMH,284.83,287.23,282.77,286.62,285.7309,6124300
2025-08-06,IGV,110.62,111.85,110.46,111.81,111.789,4873600
2025-08-06,XBI,86.18,86.38,84.98,86.13,85.7376,11585000
2025-08-06,GNOM,35.04,35.04,34.04,34.86,34.3831,8325
2025-08-06,ARKG,23.47,23.51,22.73,23.09,23.09,2324400
2025-08-06,KRE,59.94,59.96,59.3,59.37,57.6339,12788900
2025-08-06,XHB,107.85,107.93,106.42,106.53,105.1378,1592800
2025-08-06,XME,76.16,76.84,75.34,75.41,75.0849,1636700
2025-08-06,URA,40.89,41.69,40.59,41.19,39.3133,3584200
2025-08-06,ITA,197.87,198.72,196.04,197.41,196.1835,540400
2025-08-06,PAVE,45.41,45.43,44.99,45.28,44.898,779800
2025-08-07,SPY,636.24,636.98,629.11,632.25,623.7723,74205800
2025-08-07,QQQ,571.67,573.32,565.11,569.24,565.9219,44463000
2025-08-07,XLK,132.99,133.205,130.55,131.645,130.8051,10318000
2025-08-07,XLF,52.18,52.25,51.22,51.37,50.4066,43119400
2025-08-07,XLV,129.77,130.24,127.96,129.01,126.312,24421900
2025-08-07,XLY,112.01,112.52,110.755,111.695,110.5903,12127600
2025-08-07,XLC,108.31,108.44,106.635,107.27,105.5897,6248300
2025-08-07,XLI,151.78,151.84,149.79,150.71,148.3936,11095100
2025-08-07,XLP,81.76,82.36,81.49,82.24,79.4978,15984100
2025-08-07,XLE,42.61,43.085,42.14,42.195,40.6782,35042000
2025-08-07,XLU,42.67,43.395,42.59,43.275,41.7936,25702800
2025-08-07,XLB,44.195,44.265,43.685,43.955,42.9709,15272600
2025-08-07,XLRE,41.68,41.68,41.31,41.59,39.8683,6429600
2025-08-07,SMH,292.83,294.71,288.62,291.12,290.2169,8069400
2025-08-07,IGV,112.35,112.35,108.21,109.6,109.5795,6852700
2025-08-07,XBI,85.73,85.89,84.52,85.32,84.9313,9802700
2025-08-07,GNOM,35.12,35.16,34.48,34.844,34.3673,4700
2025-08-07,ARKG,23.51,23.55,22.94,23.29,23.29,1534300
2025-08-07,KRE,60.07,60.09,58.65,58.85,57.1291,17444800
2025-08-07,XHB,108.09,109.66,107.52,107.81,106.401,2230200
2025-08-07,XME,77.09,78.1,76.39,77.95,77.6139,2561900
2025-08-07,URA,41.22,41.43,39.84,40.59,38.7406,3201400
2025-08-07,ITA,197.68,197.87,194.95,196.96,195.7363,577200
2025-08-07,PAVE,45.91,46,45.32,45.57,45.1855,961600
2025-08-08,SPY,634.06,637.65,633.74,637.18,628.6362,64051600
2025-08-08,QQQ,570.45,574.77,570.15,574.55,571.2009,35255500
2025-08-08,XLK,132.14,133.11,131.795,132.96,132.1117,11015800
2025-08-08,XLF,51.67,51.97,51.5,51.85,50.8776,39484400
2025-08-08,XLV,129.23,130.44,129.23,130.16,127.4379,13747100
2025-08-08,XLY,111.765,112.44,111.695,111.89,110.7834,10108600
2025-08-08,XLC,107.31,108.21,107.31,107.63,105.9441,5984400
2025-08-08,XLI,151.15,151.79,150.44,150.83,148.5117,9124700
2025-08-08,XLP,82.31,82.79,82.28,82.48,79.7298,14135200
2025-08-08,XLE,42.395,42.855,42.18,42.465,40.9385,40736200
2025-08-08,XLU,43.395,43.475,42.985,43.09,41.615,18445200
2025-08-08,XLB,44.115,44.32,43.98,44.175,43.1859,10402600
2025-08-08,XLRE,41.67,41.71,41.175,41.25,39.5424,7161600
2025-08-08,SMH,291.93,293.92,290.65,293.53,292.6195,5121600
2025-08-08,IGV,110.13,110.59,109.25,109.63,109.6094,5465400
2025-08-08,XBI,85.42,85.96,85.04,85.43,85.0408,6667100
2025-08-08,GNOM,35.2,35.2,34.696,34.86,34.3831,13350
2025-08-08,ARKG,23.98,24.023,23.2,23.38,23.38,1579300
2025-08-08,KRE,59.53,59.75,58.9,59.56,57.8184,13067200
2025-08-08,XHB,108.15,108.81,107.7,108.15,106.7366,2010300
2025-08-08,XME,79.2,80.39,79.04,79.29,78.9482,2306400
2025-08-08,URA,40.62,41.4,39.83,39.95,38.1298,2146400
2025-08-08,ITA,197.95,198.77,195.99,196.45,195.2295,429600
2025-08-08,PAVE,45.73,46.052,45.62,45.75,45.364,709000
2025-08-11,SPY,637.46,638.95,634.66,635.92,627.3932,58742300
2025-08-11,QQQ,574.69,576.8,571.57,572.85,569.5109,33112900
2025-08-11,XLK,132.875,133.475,131.755,132.06,131.2174,9425400
2025-08-11,XLF,51.96,52.03,51.72,51.83,50.858,29351200
2025-08-11,XLV,130.29,131.32,130.14,130.29,127.5652,14474000
2025-08-11,XLY,112.17,112.75,111.99,112.18,111.0705,9686400
2025-08-11,XLC,107.945,108.335,107.83,108.18,106.4855,4686800
2025-08-11,XLI,150.85,150.94,149.98,150.34,148.0293,9643500
2025-08-11,XLP,82.52,82.63,81.91,82.41,79.6622,12970500
2025-08-11,XLE,42.55,42.735,42.05,42.125,40.6107,28828800
2025-08-11,XLU,43.2,43.23,42.745,42.955,41.4846,19548800
2025-08-11,XLB,44.21,44.4,43.825,44.075,43.0882,12035600
2025-08-11,XLRE,41.09,41.29,40.97,41.01,39.3123,6054800
2025-08-11,SMH,294.51,297.09,292.73,293.4,292.4899,5799700
2025-08-11,IGV,109.31,110.46,108.14,108.37,108.3497,6112700
2025-08-11,XBI,85.01,85.97,84.81,85.16,84.772,6216000
2025-08-11,GNOM,34.8,35,34.724,34.908,34.4304,3525
2025-08-11,ARKG,23.39,23.79,23.27,23.38,23.38,1515100
2025-08-11,KRE,59.65,59.99,59.16,59.4,57.663,13725800
2025-08-11,XHB,108.22,108.92,106.29,107.52,106.1148,2832700
2025-08-11,XME,78.7,79.83,77.99,78.7,78.3607,2468700
2025-08-11,URA,39.97,40.37,39.01,39.63,37.8244,2524900
2025-08-11,ITA,196.71,197.13,194.73,196.26,195.0407,620300
2025-08-11,PAVE,45.85,45.85,45.295,45.5,45.1161,1024200
2025-08-12,SPY,638.29,642.85,636.79,642.69,634.0723,64730800
2025-08-12,QQQ,575.16,580.35,572.49,580.05,576.6688,42143300
2025-08-12,XLK,132.72,134.14,131.985,134.105,133.2494,11153800
2025-08-12,XLF,52.05,52.55,52.04,52.46,51.4761,37510000
2025-08-12,XLV,130.34,131.23,130.13,131.19,128.4464,17219500
2025-08-12,XLY,113.03,113.5,112.23,113.37,112.2487,9791400
2025-08-12,XLC,108.68,110.37,108.63,110.25,108.523,7128000
2025-08-12,XLI,150.97,151.96,150.68,151.9,149.5653,9518300
2025-08-12,XLP,82.52,82.7,82.26,82.63,79.8748,16449500
2025-08-12,XLE,42.21,42.7,42.085,42.33,40.8083,34522600
2025-08-12,XLU,43.095,43.15,42.755,43.14,41.6633,20756800
2025-08-12,XLB,44.15,44.69,44.105,44.65,43.6503,12501200
2025-08-12,XLRE,41.07,41.16,40.694,41.08,39.3794,8099800
2025-08-12,SMH,295.29,300.24,293.15,300.1,299.1691,7592800
2025-08-12,IGV,108.81,109.83,107.96,109.56,109.5395,5786200
2025-08-12,XBI,85.48,87.04,85.37,86.92,86.524,9684500
2025-08-12,GNOM,35,35.64,35,35.6,35.113,8450
2025-08-12,ARKG,23.59,24.195,23.56,24.08,24.08,1753100
2025-08-12,KRE,60,61.61,59.88,61.54,59.7405,23412400
2025-08-12,XHB,108.6,111.56,107.82,111.4,109.9441,4014700
2025-08-12,XME,79.45,81.36,79.33,81,80.6508,2211500
2025-08-12,URA,39.53,40.51,39.38,40.41,38.5688,1838300
2025-08-12,ITA,197.07,198.28,196.01,198.24,197.0084,432500
2025-08-12,PAVE,45.8,46.64,45.69,46.61,46.2168,2211200
2025-08-13,SPY,644.91,646.19,642.68,644.89,636.2429,60092800
2025-08-13,QQQ,582.76,583.32,578.94,580.34,576.9572,41209300
2025-08-13,XLK,134.88,135.025,133.665,134.155,133.2991,13990200
2025-08-13,XLF,52.66,52.91,52.49,52.76,51.7705,41154900
2025-08-13,XLV,131.82,133.37,131.65,133.29,130.5025,15069900
2025-08-13,XLY,113.795,115.09,113.675,114.925,113.7883,12555400
2025-08-13,XLC,110.6,111.405,110.49,111.11,109.3695,8215500
2025-08-13,XLI,152.33,152.57,150.74,152.48,150.1364,12786800
2025-08-13,XLP,82.19,82.8,81.93,82.63,79.8748,17683900
2025-08-13,XLE,42.36,42.825,42.21,42.82,41.2807,25601200
2025-08-13,XLU,43.2,43.265,42.835,43.235,41.755,22425400
2025-08-13,XLB,44.88,45.51,44.76,45.49,44.4715,16882200
2025-08-13,XLRE,41.15,41.4,40.98,41.35,39.6382,4962700
2025-08-13,SMH,301.84,302.98,298.57,301.28,300.3455,8959700
2025-08-13,IGV,110.38,110.74,109.09,109.54,109.5195,8647400
2025-08-13,XBI,87.48,89.8,87.27,89.52,89.1121,14986100
2025-08-13,GNOM,35.8,37,35.8,36.796,36.2926,9725
2025-08-13,ARKG,24.28,25.535,24.28,25.16,25.16,4142800
2025-08-13,KRE,61.98,62.68,61.58,62.64,60.8083,24069100
2025-08-13,XHB,112.22,116.24,112.05,115.73,114.2176,5329200
2025-08-13,XME,81.32,81.64,80.29,81.51,81.1586,2334100
2025-08-13,URA,40.56,40.68,38.84,39.45,37.6526,4508700
2025-08-13,ITA,199.49,199.49,193.87,196.81,195.5873,930100
2025-08-13,PAVE,46.87,47.15,46.385,47.11,46.7125,1605600
2025-08-14,SPY,642.79,645.62,642.34,644.95,636.302,59327500
2025-08-14,QQQ,578.28,581.88,577.91,579.89,576.5099,45425000
2025-08-14,XLK,133.475,134.325,133.165,133.865,133.0109,15484400
2025-08-14,XLF,52.71,53.05,52.53,53.01,52.0158,35841500
2025-08-14,XLV,133.06,134.1,132.41,133.96,131.1585,15464000
2025-08-14,XLY,114.27,114.98,114.15,114.795,113.6596,11244600
2025-08-14,XLC,110.68,111.79,110.63,111.2,109.4581,5120900
2025-08-14,XLI,151.45,151.9,150.85,151.13,148.8072,9516400
2025-08-14,XLP,82.35,82.4,81.83,81.89,79.1595,12826500
2025-08-14,XLE,42.79,42.845,42.325,42.78,41.2421,24944600
2025-08-14,XLU,43.075,43.205,42.89,42.935,41.4653,18747800
2025-08-14,XLB,45.075,45.09,44.67,45.015,44.0071,16098600
2025-08-14,XLRE,41.085,41.14,40.77,41.06,39.3602,7988300
2025-08-14,SMH,298,302.8,297.28,301.92,300.9835,5827000
2025-08-14,IGV,108.89,109.33,107.87,108.34,108.3197,12649300
2025-08-14,XBI,88.49,89.9,88.47,89.57,89.1619,11579800
2025-08-14,GNOM,36.32,36.8,36.224,36.748,36.2452,5950
2025-08-14,ARKG,24.785,25.29,24.718,25.08,25.08,2636200
2025-08-14,KRE,61.8,62.67,61.65,62.6,60.7695,14380100
2025-08-14,XHB,113.27,113.82,112.72,113.66,112.1746,3361200
2025-08-14,XME,80.53,80.86,79.66,80.61,80.2625,1799800
2025-08-14,URA,38.98,39.56,38.75,39.03,37.2517,2343600
2025-08-14,ITA,196.65,197.85,195.73,195.99,194.7724,661300
2025-08-14,PAVE,46.75,46.75,46.255,46.44,46.0482,1242900
2025-08-15,SPY,645.99,646.09,642.52,643.44,634.8123,68592500
2025-08-15,QQQ,579.8,579.84,575.57,577.34,573.9746,49480200
2025-08-15,XLK,133.685,133.685,132.32,132.85,132.0024,13373200
2025-08-15,XLF,53.13,53.16,52.42,52.46,51.4761,46108500
2025-08-15,XLV,135.48,136.6,135.18,136.21,133.3614,13929600
2025-08-15,XLY,115.395,115.515,114.115,114.52,113.3874,9346800
2025-08-15,XLC,111.53,112.22,111.32,111.48,109.7338,5535500
2025-08-15,XLI,150.98,151.26,150.33,150.44,148.1277,8796000
2025-08-15,XLP,82.03,82.27,81.65,82.02,79.2852,12217700
2025-08-15,XLE,42.8,43.265,42.645,42.78,41.2421,27297800
2025-08-15,XLU,42.87,43.045,42.545,42.81,41.3446,29576600
2025-08-15,XLB,45.31,45.31,44.915,45.015,44.0071,16132200
2025-08-15,XLRE,41.06,41.465,41.04,41.33,39.619,5689600
2025-08-15,SMH,299.36,299.36,293.94,295.65,294.7329,9026300
2025-08-15,IGV,108.53,109.45,107.96,109.11,109.0895,5601400
2025-08-15,XBI,89.77,90.74,89.5,90.68,90.2669,10672400
2025-08-15,GNOM,36.76,37.32,36.76,37.22,36.7108,8775
2025-08-15,ARKG,25.19,25.505,24.96,25.24,25.24,1789200
2025-08-15,KRE,62.8,62.8,61.57,61.59,59.789,17624400
2025-08-15,XHB,115.14,115.14,112.83,113.34,111.8588,1680000
2025-08-15,XME,81.02,81.02,79.68,79.78,79.436,1652100
2025-08-15,URA,39.05,39.12,38.03,39.01,37.2326,2198500
2025-08-15,ITA,196.12,196.12,193.83,195.08,193.868,372900
2025-08-15,PAVE,46.52,46.6,45.981,46.02,45.6317,509800
2025-08-18,SPY,642.86,644,642.18,643.3,634.6741,43804900
2025-08-18,QQQ,576.44,577.77,575.24,577.11,573.746,29831000
2025-08-18,XLK,132.685,133.255,132.555,133.135,132.2856,12233800
2025-08-18,XLF,52.39,52.56,52.29,52.5,51.5154,25405100
2025-08-18,XLV,136.53,137.19,135.82,135.89,133.0481,12572000
2025-08-18,XLY,114.29,115.155,114.29,114.98,113.8428,9293000
2025-08-18,XLC,111.38,111.385,110.57,110.8,109.0644,4295800
2025-08-18,XLI,150.45,151.19,150.3,151.03,148.7087,7342100
2025-08-18,XLP,82.06,82.29,81.86,81.91,79.1788,11892100
2025-08-18,XLE,42.555,42.725,42.28,42.525,40.9963,26428400
2025-08-18,XLU,42.875,43.035,42.565,42.625,41.1659,16080000
2025-08-18,XLB,44.95,45.05,44.695,44.755,43.753,9423000
2025-08-18,XLRE,41.42,41.42,40.93,40.94,39.2452,4496900
2025-08-18,SMH,294.92,297.19,294.78,296.86,295.9391,5577500
2025-08-18,IGV,108.88,109.48,108.42,109.41,109.3895,3770800
2025-08-18,XBI,90.6,91.34,90.12,90.21,89.799,6353200
2025-08-18,GNOM,37.28,37.32,36.96,37,36.4938,15875
2025-08-18,ARKG,25.22,25.3,24.89,25.1,25.1,1189200
2025-08-18,KRE,61.43,61.94,61.19,61.93,60.1191,9035400
2025-08-18,XHB,113.51,113.93,112.97,113.14,111.6614,1543300
2025-08-18,XME,79.52,79.69,78.69,79.11,78.7689,1609600
2025-08-18,URA,38.88,39.2,38.46,39.2,37.414,2086200
2025-08-18,ITA,195.08,196.32,194.78,195.93,194.7127,620000
2025-08-18,PAVE,46.05,46.163,45.92,46.14,45.7507,663300
2025-08-19,SPY,643.12,644.11,638.48,639.81,631.2309,69750700
2025-08-19,QQQ,576.39,576.56,568.25,569.28,565.9617,53752600
2025-08-19,XLK,133.085,133.115,130.565,130.81,129.9754,17367000
2025-08-19,XLF,52.45,52.87,52.45,52.6,51.6135,24870800
2025-08-19,XLV,135.87,137.22,135.78,136.76,133.8999,13578200
2025-08-19,XLY,115,116.03,114.665,114.925,113.7883,11843000
2025-08-19,XLC,110.82,110.82,109.74,110.18,108.4541,5086000
2025-08-19,XLI,151.2,152.3,150.75,151.36,149.0336,9035200
2025-08-19,XLP,82.07,82.88,82.05,82.75,79.9908,13215600
2025-08-19,XLE,42.405,42.79,42.295,42.54,41.0108,25693800
2025-08-19,XLU,42.64,43.06,42.565,43.04,41.5667,16436800
2025-08-19,XLB,44.79,45.245,44.79,45.025,44.0169,11980200
2025-08-19,XLRE,41.15,41.69,41.11,41.67,39.945,6803400
2025-08-19,SMH,296.86,297.12,290.63,290.87,289.9677,8191900
2025-08-19,IGV,109.59,109.66,106.34,106.58,106.56,7277100
2025-08-19,XBI,89.67,89.76,88.6,88.8,88.3954,8271800
2025-08-19,GNOM,36.88,36.928,36.464,36.48,35.9809,19325
2025-08-19,ARKG,25.1,25.1,24.18,24.22,24.22,1904400
2025-08-19,KRE,61.74,62.56,61.65,61.82,60.0123,13775900
2025-08-19,XHB,113.76,115.87,113.76,114.79,113.2898,2258700
2025-08-19,XME,78.98,79.15,76.97,77.44,77.1061,1825800
2025-08-19,URA,39.02,39.02,36.85,36.96,35.276,4624600
2025-08-19,ITA,195.93,195.93,192.68,193.24,192.0394,620000
2025-08-19,PAVE,46.13,46.635,46.12,46.31,45.9193,1134300
2025-08-20,SPY,639.4,639.66,632.95,638.11,629.5538,88890300
2025-08-20,QQQ,568.33,568.45,558.84,565.9,562.6014,76781100
2025-08-20,XLK,130.48,130.48,127.92,129.925,129.0961,23064200
2025-08-20,XLF,52.64,53.01,52.51,52.87,51.8785,39138800
2025-08-20,XLV,137.01,138.21,137.01,137.5,134.6244,14607000
2025-08-20,XLY,115.165,115.44,113.09,113.79,112.6646,15303600
2025-08-20,XLC,110.1,110.23,108.82,109.85,108.1293,8825500
2025-08-20,XLI,151.2,151.57,150.27,151.22,148.8957,9549500
2025-08-20,XLP,82.72,83.9,82.64,83.22,80.4452,24835800
2025-08-20,XLE,42.61,43.07,42.57,42.895,41.353,27967200
2025-08-20,XLU,43.11,43.36,42.93,43.085,41.6101,20169000
2025-08-20,XLB,45.035,45.34,44.9,45.06,44.0511,13436000
2025-08-20,XLRE,41.78,42.19,41.72,41.83,40.0983,7026700
2025-08-20,SMH,290,290,281.15,288.96,288.0637,10091000
2025-08-20,IGV,105.96,106.61,104.48,106.33,106.3101,7324500
2025-08-20,XBI,88.55,89.37,88.18,89.22,88.8135,7956400
2025-08-20,GNOM,36.48,36.48,36,36.4,35.902,7400
2025-08-20,ARKG,24.02,24.27,23.425,24.02,24.02,2436800
2025-08-20,KRE,62.01,62.21,61.59,62.04,60.2258,12302000
2025-08-20,XHB,114.6,115.1,112.22,112.32,110.8521,3745900
2025-08-20,XME,77.14,77.43,76.46,77.1,76.7676,1394200
2025-08-20,URA,36.38,36.8,35.64,36.45,34.7893,4876000
2025-08-20,ITA,192.86,194.94,191.82,194.31,193.1028,449100
2025-08-20,PAVE,46.21,46.23,45.67,45.87,45.483,846400
2025-08-21,SPY,636.28,637.97,633.81,635.55,627.028,54805800
2025-08-21,QQQ,564.35,566.49,560.98,563.28,559.9966,46436900
2025-08-21,XLK,129.61,130.13,128.895,129.455,128.6291,15148600
2025-08-21,XLF,52.72,52.8,52.35,52.7,51.7116,29037000
2025-08-21,XLV,137.21,138.46,136.94,137.04,134.174,13218900
2025-08-21,XLY,113.225,113.415,112.475,113.115,111.9962,10117000
2025-08-21,XLC,109.59,110,109.27,109.73,108.0112,3794600
2025-08-21,XLI,151,151.39,150.42,150.68,148.3641,7679600
2025-08-21,XLP,82.65,82.69,82.18,82.47,79.7202,18125200
2025-08-21,XLE,42.82,43.285,42.705,43.19,41.6374,22088000
2025-08-21,XLU,43.09,43.31,42.67,42.79,41.3252,16230000
2025-08-21,XLB,44.885,45.3,44.825,45.195,44.1831,13017600
2025-08-21,XLRE,41.65,41.85,41.515,41.68,39.9546,5851800
2025-08-21,SMH,287.78,289.87,285.88,287.46,286.5683,6067700
2025-08-21,IGV,105.79,106.37,105.19,105.96,105.9401,2062500
2025-08-21,XBI,88.61,90.03,88.23,89.92,89.5103,8439100
2025-08-21,GNOM,36.24,36.768,36.16,36.564,36.0638,20875
2025-08-21,ARKG,23.9,24.554,23.75,24.29,24.29,2457400
2025-08-21,KRE,61.57,62.07,61.47,61.79,59.9831,10955600
2025-08-21,XHB,111.84,111.84,110.3,111.33,109.8751,3286200
2025-08-21,XME,76.88,77.61,76.55,77.49,77.1559,1567800
2025-08-21,URA,36.69,37.29,36.66,37.18,35.486,2553900
2025-08-21,ITA,194.35,196.09,194.12,194.96,193.7488,346100
2025-08-21,PAVE,45.66,45.959,45.62,45.78,45.3938,669500
2025-08-22,SPY,637.76,646.5,637.25,645.31,636.6572,84083200
2025-08-22,QQQ,564.67,573.99,563.27,571.97,568.636,51502100
2025-08-22,XLK,129.315,132.065,128.955,131.21,130.3729,13756000
2025-08-22,XLF,52.97,53.68,52.95,53.57,52.5653,47249800
2025-08-22,XLV,137.8,139.02,137.8,138.17,135.2804,11898600
2025-08-22,XLY,113.67,116.605,113.505,116.55,115.3973,14933800
2025-08-22,XLC,110.38,111.69,110.345,111.31,109.5664,6382900
2025-08-22,XLI,151.5,154.2,151.45,153.14,150.7862,9298800
2025-08-22,XLP,82.72,83.26,82.26,82.47,79.7202,16491500
2025-08-22,XLE,43.335,44.175,43.265,44.07,42.4858,30936400
2025-08-22,XLU,43.085,43.27,42.895,43.02,41.5474,19234800
2025-08-22,XLB,45.385,46.32,45.325,46.09,45.0581,11434200
2025-08-22,XLRE,42.015,42.585,41.93,42.34,40.5872,6488900
2025-08-22,SMH,287.63,296.36,286.54,293.64,292.7292,5810400
2025-08-22,IGV,105.5,108.17,105.27,107.46,107.4399,4831500
2025-08-22,XBI,90.29,91.98,89.96,90.92,90.5058,9891300
2025-08-22,GNOM,36.72,37.72,36.72,37.384,36.8725,8150
2025-08-22,ARKG,24.41,25.625,24.29,25.24,25.24,3338700
2025-08-22,KRE,62.01,64.96,62.01,64.84,62.944,29433300
2025-08-22,XHB,112.42,117.77,111.49,117,115.471,4828000
2025-08-22,XME,77.59,80.56,77.44,80.13,79.7845,2284700
2025-08-22,URA,37.85,39.59,37.73,39.44,37.643,4819900
2025-08-22,ITA,195.83,197.69,195.66,195.81,194.5935,456600
2025-08-22,PAVE,46.05,47.24,46.03,46.88,46.4845,1422900
2025-08-25,SPY,644.04,645.29,642.35,642.47,633.8553,51274300
2025-08-25,QQQ,570.4,573.29,569.16,570.32,566.9956,34044700
2025-08-25,XLK,131.205,131.735,130.555,130.915,130.0797,10691800
2025-08-25,XLF,53.47,53.58,53.24,53.26,52.2611,24756500
2025-08-25,XLV,138.14,138.26,136.1,136.2,133.3516,10681000
2025-08-25,XLY,116.13,116.75,115.825,116.315,115.1646,9851400
2025-08-25,XLC,111.21,111.895,111.06,111.49,109.7436,5684400
2025-08-25,XLI,152.88,153.39,151.59,151.61,149.2797,6869000
2025-08-25,XLP,82.09,82.23,80.98,81.06,78.3572,20490600
2025-08-25,XLE,43.96,44.24,43.815,44.185,42.5966,23412800
2025-08-25,XLU,42.875,43,42.49,42.535,41.079,16982200
2025-08-25,XLB,46.045,46.1,45.76,45.835,44.8088,12563800
2025-08-25,XLRE,42.29,42.43,42.055,42.13,40.3859,6213400
2025-08-25,SMH,293.75,295.79,292.12,293.92,293.0083,4965000
2025-08-25,IGV,107.18,107.42,106.26,106.69,106.67,2665500
2025-08-25,XBI,90.88,91.18,88.6,88.79,88.3855,8513200
2025-08-25,GNOM,37.44,37.44,36.64,36.68,36.1782,13325
2025-08-25,ARKG,25.26,25.5,24.685,24.73,24.73,1473400
2025-08-25,KRE,64.56,64.83,64.4,64.49,62.6042,11781000
2025-08-25,XHB,116.12,116.19,115.16,115.19,113.6846,2156100
2025-08-25,XME,80.14,81.31,80.12,80.65,80.3023,1539600
2025-08-25,URA,39.67,39.89,39.1,39.49,37.6908,2983300
2025-08-25,ITA,196.15,197.85,195.34,195.36,194.1463,455000
2025-08-25,PAVE,46.83,46.94,46.5,46.53,46.1374,786900
2025-08-26,SPY,642.2,645.51,641.57,645.16,636.5092,51581600
2025-08-26,QQQ,569.83,572.92,568.8,572.61,569.2723,34103000
2025-08-26,XLK,131.025,131.69,130.835,131.515,130.6759,11081000
2025-08-26,XLF,53.1,53.69,53.1,53.67,52.6635,27907000
2025-08-26,XLV,136.59,137.17,136.34,137.05,134.1838,11397500
2025-08-26,XLY,116.15,116.885,116.065,116.85,115.6943,10809600
2025-08-26,XLC,111.27,111.27,110.67,111,109.2613,4680600
2025-08-26,XLI,151.67,153.32,151.61,153.17,150.8158,6927500
2025-08-26,XLP,80.95,81,80.38,80.53,77.8448,17724000
2025-08-26,XLE,44.01,44.155,43.705,44.115,42.5291,22855600
2025-08-26,XLU,42.575,42.725,42.38,42.63,41.1707,17263000
2025-08-26,XLB,45.715,46,45.68,45.96,44.931,8414200
2025-08-26,XLRE,42.09,42.2,41.85,42.01,40.2709,4318200
2025-08-26,SMH,294.82,297.24,294.67,296.75,295.8295,4967100
2025-08-26,IGV,106.59,107.1,106.15,106.57,106.55,3997900
2025-08-26,XBI,89.07,89.95,88.71,89.9,89.4904,6180600
2025-08-26,GNOM,36.68,36.92,36.68,36.88,36.3754,7400
2025-08-26,ARKG,24.775,24.99,24.69,24.91,24.91,1170500
2025-08-26,KRE,64.44,65.53,64.3,65.23,63.3226,15829200
2025-08-26,XHB,115.35,115.7,114.58,114.93,113.428,1561500
2025-08-26,XME,80.69,81.9,80.53,81.18,80.83,1201700
2025-08-26,URA,39.68,41.26,39.58,40.45,38.607,4208800
2025-08-26,ITA,196.16,200.13,196.14,199.98,198.7376,536700
2025-08-26,PAVE,46.55,46.89,46.4,46.84,46.4448,525500
2025-08-27,SPY,644.57,647.37,644.42,646.63,637.9595,48341100
2025-08-27,QQQ,571.59,574.41,570.37,573.49,570.147,36927100
2025-08-27,XLK,131.645,132.375,131.04,132.225,131.3814,11538600
2025-08-27,XLF,53.54,53.94,53.51,53.78,52.7714,39530100
2025-08-27,XLV,136.99,137.71,136.73,136.97,134.1055,8321700
2025-08-27,XLY,116.845,117.265,116.725,116.875,115.7191,8764400
2025-08-27,XLC,110.73,111.29,110.625,111.19,109.4483,3603900
2025-08-27,XLI,153.1,153.4,152.85,153.15,150.7961,5876400
2025-08-27,XLP,80.44,80.8,80.35,80.77,78.0768,11764700
2025-08-27,XLE,44.05,44.77,44,44.61,43.0063,26877400
2025-08-27,XLU,42.63,42.74,42.51,42.64,41.1804,16821400
2025-08-27,XLB,45.76,46.13,45.715,46.075,45.0434,8967800
2025-08-27,XLRE,42.12,42.35,42.06,42.19,40.4434,5171300
2025-08-27,SMH,295.85,298.1,294.38,297.66,296.7367,5646200
2025-08-27,IGV,107,107.65,106.7,107.45,107.4299,3902100
2025-08-27,XBI,89.79,90.48,89.64,90.29,89.8786,5737100
2025-08-27,GNOM,36.72,36.96,36.72,36.92,36.4149,5400
2025-08-27,ARKG,24.85,24.98,24.615,24.72,24.72,932500
2025-08-27,KRE,65.11,66.06,64.85,65.75,63.8274,15663700
2025-08-27,XHB,114.89,115.62,114.38,114.88,113.3786,1282000
2025-08-27,XME,80.75,81.27,80.31,81.03,80.6806,971400
2025-08-27,URA,40.48,40.48,39.67,39.68,37.8721,3385600
2025-08-27,ITA,200.31,200.75,198.87,199.24,198.0022,1042200
2025-08-27,PAVE,46.76,46.95,46.65,46.86,46.4647,639700
2025-08-28,SPY,647.24,649.48,645.34,648.92,640.2188,61519500
2025-08-28,QQQ,574.11,578,572.46,577.08,573.7162,46787900
2025-08-28,XLK,132.385,133.555,131.725,133.27,132.4197,12380600
2025-08-28,XLF,53.89,53.91,53.7,53.85,52.8401,28837300
2025-08-28,XLV,136.83,136.85,135.76,136.43,133.5768,9165700
2025-08-28,XLY,117.105,117.255,116.345,117.075,115.9171,8211400
2025-08-28,XLC,111.12,111.655,110.84,111.61,109.8617,4645100
2025-08-28,XLI,153.65,153.75,152.84,153.42,151.0619,7166700
2025-08-28,XLP,80.82,80.87,80.02,80.26,77.5838,14505000
2025-08-28,XLE,44.625,45.015,44.33,44.95,43.3341,24086200
2025-08-28,XLU,42.67,42.685,42.25,42.315,40.8665,16078800
2025-08-28,XLB,46.205,46.22,45.75,46.075,45.0434,8557200
2025-08-28,XLRE,42.22,42.23,41.86,42.08,40.338,4199700
2025-08-28,SMH,298.1,300.78,295.98,298.88,297.9529,7194000
2025-08-28,IGV,107.68,109.24,107.56,109.09,109.0695,3945900
2025-08-28,XBI,90.38,91.13,90.03,90.29,89.8786,4462900
2025-08-28,GNOM,36.72,37.12,36.72,36.84,36.336,13825
2025-08-28,ARKG,24.82,25.1,24.65,24.76,24.76,1133500
2025-08-28,KRE,66,66.02,65.22,65.52,63.6041,15051700
2025-08-28,XHB,115.46,115.54,113.48,114.4,112.9049,1580700
2025-08-28,XME,81.54,81.71,80.96,81.6,81.2482,1138200
2025-08-28,URA,40.01,41.33,39.91,40.98,39.1129,4539500
2025-08-28,ITA,199.64,200.34,198.77,200.16,198.9164,468900
2025-08-28,PAVE,47.1,47.1,46.725,46.93,46.5341,629200
2025-08-29,SPY,647.47,647.84,643.14,645.05,636.4006,74522200
2025-08-29,QQQ,574.66,575.03,568.54,570.4,567.0751,56030400
2025-08-29,XLK,132.685,132.71,130.745,131.225,130.3878,17481200
2025-08-29,XLF,53.9,54.14,53.8,53.99,52.9775,36062400
2025-08-29,XLV,136.54,137.47,136.37,137.43,134.5559,9655700
2025-08-29,XLY,117.07,117.25,115.565,115.87,114.724,11766000
2025-08-29,XLC,111.28,111.715,110.915,111.39,109.6452,4311800
2025-08-29,XLI,153.19,153.31,151.41,152.01,149.6736,8806100
2025-08-29,XLP,80.44,80.84,80.28,80.78,78.0865,15675800
2025-08-29,XLE,44.97,45.31,44.91,45.195,43.5703,23745000
2025-08-29,XLU,42.29,42.38,42.095,42.16,40.7168,19469400
2025-08-29,XLB,46.085,46.36,46.025,46.14,45.1069,8288800
2025-08-29,XLRE,42.17,42.33,42.09,42.31,40.5585,4810600
2025-08-29,SMH,295.56,295.56,289.1,290.29,289.3896,13420900
2025-08-29,IGV,109.18,109.4,107.6,108.1,108.0797,5896700
2025-08-29,XBI,90.24,90.68,89.33,89.85,89.4406,5049800
2025-08-29,GNOM,36.76,36.76,36.624,36.74,36.2374,4425
2025-08-29,ARKG,24.74,24.92,24.3,24.72,24.72,1598900
2025-08-29,KRE,65.59,66.02,65.35,65.51,63.5944,11259100
2025-08-29,XHB,114.51,114.75,113.35,114,112.5102,1614100
2025-08-29,XME,81.84,82.41,81.24,82.33,81.975,1432800
2025-08-29,URA,41.95,42.58,40.33,40.67,38.817,4206700
2025-08-29,ITA,200.63,200.63,197.46,198.42,197.1873,382500
2025-08-29,PAVE,46.91,46.913,46.315,46.51,46.1176,617400
2025-09-02,SPY,637.5,640.49,634.92,640.27,631.6848,81983500
2025-09-02,QQQ,561.31,565.97,559.54,565.62,562.323,65876800
2025-09-02,XLK,128.905,130.02,128.14,129.9,129.0712,18226000
2025-09-02,XLF,53.7,53.7,53.12,53.59,52.585,38733100
2025-09-02,XLV,136.89,137.74,136.46,137.56,134.6832,13325300
2025-09-02,XLY,114.405,115.14,114.155,115.005,113.8676,14705400
2025-09-02,XLC,109.95,111.2,109.7,111.2,109.4581,8205300
2025-09-02,XLI,150.42,150.72,149.61,150.56,148.2459,9798600
2025-09-02,XLP,80.92,81.2,80.33,80.65,77.9608,16662400
2025-09-02,XLE,45.075,45.34,44.735,45.26,43.633,25964400
2025-09-02,XLU,42,42.07,41.755,42.02,40.5816,20655000
2025-09-02,XLB,45.75,45.845,45.52,45.795,44.7697,13028600
2025-09-02,XLRE,41.93,42.02,41.443,41.59,39.8683,8204200
2025-09-02,SMH,283.09,286.67,281.74,286.48,285.5914,11543700
2025-09-02,IGV,106.05,107.32,105.67,107.27,107.2499,4474800
2025-09-02,XBI,91.29,93.51,91.1,92.88,92.4568,14515200
2025-09-02,GNOM,36.42,37.15,36.42,37.01,36.5037,9600
2025-09-02,ARKG,24.36,25.15,24.29,24.8,24.8,1821900
2025-09-02,KRE,64.71,65.17,64.19,65.08,63.1769,13317900
2025-09-02,XHB,112.07,113.26,111.76,113,111.5232,2364500
2025-09-02,XME,81.46,81.6,80.14,81.54,81.1885,2118500
2025-09-02,URA,39.45,40.65,39.03,40.62,38.7693,3257500
2025-09-02,ITA,197.14,198.65,195.44,198.5,197.2668,514400
2025-09-02,PAVE,45.91,46.125,45.63,46.12,45.7309,697700
2025-09-03,SPY,642.67,644.21,640.46,643.74,635.1082,70820900
2025-09-03,QQQ,569.23,571.7,566.73,570.07,566.7471,54230200
2025-09-03,XLK,130.565,130.935,129.7,130.675,129.8413,15636600
2025-09-03,XLF,53.5,53.6,53.13,53.5,52.4966,36420100
2025-09-03,XLV,137.11,137.76,136.24,136.91,134.0468,12586000
2025-09-03,XLY,115.235,116.115,114.96,115.47,114.328,13839000
2025-09-03,XLC,112.57,113.14,112.27,113.06,111.289,8269300
2025-09-03,XLI,150.52,150.62,149.1,149.8,147.4976,12036200
2025-09-03,XLP,80.25,80.63,79.91,80.59,77.9028,14723100
2025-09-03,XLE,44.9,45.275,44.095,44.245,42.6545,36018200
2025-09-03,XLU,41.875,41.995,41.69,41.915,40.4802,17268000
2025-09-03,XLB,45.77,45.82,45.37,45.485,44.4666,10157600
2025-09-03,XLRE,41.47,41.665,41.34,41.48,39.7628,5668000
2025-09-03,SMH,287.36,287.93,283.78,286.43,285.5415,7249600
2025-09-03,IGV,107.36,107.7,106.59,107.32,107.2999,3316600
2025-09-03,XBI,93.07,94.86,92.61,93.65,93.2233,9128600
2025-09-03,GNOM,36.72,37.439,36.72,37.11,36.6023,10100
2025-09-03,ARKG,24.9,25.525,24.67,24.86,24.86,1783800
2025-09-03,KRE,65.02,65.77,64.49,65.17,63.2643,7402200
2025-09-03,XHB,112.64,114.07,112.32,113.62,112.1351,1184600
2025-09-03,XME,81.95,82.04,81.04,81.54,81.1885,1081900
2025-09-03,URA,41.09,41.77,40.75,41.34,39.4565,2811400
2025-09-03,ITA,198.52,198.88,196.17,196.94,195.7165,376500
2025-09-03,PAVE,46.13,46.14,45.62,45.91,45.5227,594900
2025-09-04,SPY,644.42,649.15,643.51,649.12,640.4161,65219200
2025-09-04,QQQ,570.74,575.6,569.03,575.23,571.877,47526300
2025-09-04,XLK,130.14,131.375,129.61,131.32,130.4822,24397400
2025-09-04,XLF,53.69,54.08,53.57,54.06,53.0461,32730000
2025-09-04,XLV,136.8,137.47,136.08,137.43,134.5559,11778600
2025-09-04,XLY,116.36,117.635,116.21,117.58,116.4171,24662400
2025-09-04,XLC,113.46,114.1,113.145,114.08,112.293,5497600
2025-09-04,XLI,150.08,151.52,149.68,151.49,149.1616,10148800
2025-09-04,XLP,80.75,81.05,80.44,80.64,77.9512,12717400
2025-09-04,XLE,44.25,44.725,44.06,44.54,42.9389,25895400
2025-09-04,XLU,42.21,42.32,41.645,41.865,40.4319,22362200
2025-09-04,XLB,45.48,45.685,45.11,45.66,44.6377,12530000
2025-09-04,XLRE,41.64,41.83,41.37,41.76,40.0312,5991100
2025-09-04,SMH,285.24,290.21,284.3,289.86,288.9608,8079300
2025-09-04,IGV,106.51,106.98,105.3,106.84,106.82,10649900
2025-09-04,XBI,93.59,93.97,92.49,93.47,93.0442,7801200
2025-09-04,GNOM,36.81,37.11,36.551,37.084,36.5767,23600
2025-09-04,ARKG,24.78,24.935,24.2,24.9,24.9,2506200
2025-09-04,KRE,65.46,66.13,65.11,66.13,64.1962,10097300
2025-09-04,XHB,114.64,117.49,114.11,117.21,115.6782,2610600
2025-09-04,XME,81.32,81.74,80.79,81.57,81.2183,1428800
2025-09-04,URA,41.16,41.37,40.2,40.4,38.5593,2856900
2025-09-04,ITA,197.66,198.74,196.42,198.52,197.2866,383300
2025-09-04,PAVE,46.06,46.63,45.885,46.63,46.2366,2874600
2025-09-05,SPY,651.48,652.21,643.33,647.24,638.5612,85178900
2025-09-05,QQQ,580.49,581.12,571.53,576.06,572.7021,68342500
2025-09-05,XLK,132.565,132.615,130.095,131.43,130.5914,38561800
2025-09-05,XLF,54.11,54.25,52.87,53.07,52.0747,58377100
2025-09-05,XLV,137.28,138.38,137.05,137.9,135.0161,14664000
2025-09-05,XLY,118.2,118.93,117.13,117.555,116.3923,30997000
2025-09-05,XLC,114.26,115.085,113.83,114.69,112.8935,5323600
2025-09-05,XLI,151.75,152.08,149.4,150.93,148.6102,16781000
2025-09-05,XLP,80.62,81.28,80.42,80.87,78.1735,20657300
2025-09-05,XLE,44.175,44.32,43.46,43.68,42.1098,48182200
2025-09-05,XLU,41.975,42.075,41.405,41.735,40.3064,27006800
2025-09-05,XLB,45.83,46.35,45.655,45.98,44.9505,15054400
2025-09-05,XLRE,41.98,42.39,41.93,42.18,40.4339,5298300
2025-09-05,SMH,295.07,295.15,289.25,293.28,292.3703,9809600
2025-09-05,IGV,108.1,108.68,106.46,108.14,108.1197,5579100
2025-09-05,XBI,93.72,95.65,93.7,95.47,95.035,13163100
2025-09-05,GNOM,37.33,37.99,37.24,37.99,37.4703,8300
2025-09-05,ARKG,25.03,25.55,24.77,25.52,25.52,1902900
2025-09-05,KRE,66.35,66.97,65.03,65.45,63.5361,18913300
2025-09-05,XHB,119.1,120.58,118.16,119.36,117.8001,2788800
2025-09-05,XME,82.25,83.94,81.62,83.93,83.5682,1788100
2025-09-05,URA,41.16,41.16,39.67,40.73,38.8743,3998900
2025-09-05,ITA,198.93,199.58,194.59,198.13,196.8991,623800
2025-09-05,PAVE,46.77,46.99,46.04,46.64,46.2465,1071300
2025-09-08,SPY,648.62,649.84,647.23,648.83,640.1301,63133100
2025-09-08,QQQ,578.37,580.84,577.77,578.87,575.4957,46371400
2025-09-08,XLK,132.12,132.895,132.09,132.415,131.5702,20556000
2025-09-08,XLF,53.09,53.17,52.84,53.11,52.114,49490900
2025-09-08,XLV,137.46,137.87,136.37,137.85,134.9671,15753300
2025-09-08,XLY,118.165,118.35,117.62,118.01,116.8428,18769200
2025-09-08,XLC,114.22,115.21,114.195,114.82,113.0214,8005300
2025-09-08,XLI,151.13,151.54,150.11,151.27,148.945,11647200
2025-09-08,XLP,80.78,80.79,80.04,80.57,77.8835,18019800
2025-09-08,XLE,43.825,44.015,43.195,43.58,42.0134,34931800
2025-09-08,XLU,41.76,41.78,41.15,41.31,39.8959,28469400
2025-09-08,XLB,46.065,46.065,45.485,46.02,44.9896,13605800
2025-09-08,XLRE,41.66,41.92,41.55,41.9,40.1654,7678500
2025-09-08,SMH,295.14,297.82,294.8,296.52,295.6002,7223200
2025-09-08,IGV,109.09,110.08,108.89,110.02,109.9994,5750800
2025-09-08,XBI,94.98,95.08,93.8,94.43,93.9998,10459300
2025-09-08,GNOM,37.9,37.9,37.23,37.305,36.7946,5500
2025-09-08,ARKG,25.67,25.799,25.319,25.48,25.48,1164200
2025-09-08,KRE,65.55,65.63,64.57,65.52,63.6041,14154700
2025-09-08,XHB,119.62,119.67,118.02,119.58,118.0172,2437700
2025-09-08,XME,84.36,84.57,83.16,84.08,83.7175,1730500
2025-09-08,URA,41.4,41.68,40.78,41.53,39.6378,2550600
2025-09-08,ITA,198.12,199.16,197.19,197.65,196.422,538200
2025-09-08,PAVE,46.73,46.79,46.39,46.6,46.2068,712800
2025-09-09,SPY,648.97,650.86,647.22,650.33,641.6099,66133900
2025-09-09,QQQ,579.67,580.94,577.04,580.51,577.1262,44007600
2025-09-09,XLK,132.71,132.81,131.73,132.67,131.8235,19355000
2025-09-09,XLF,52.98,53.59,52.96,53.34,52.3396,38884500
2025-09-09,XLV,138.06,138.97,137.72,138.59,135.6916,12249600
2025-09-09,XLY,117.925,117.97,117.065,117.845,116.6795,13340200
2025-09-09,XLC,114.77,115.615,114.517,115.47,113.6613,5455400
2025-09-09,XLI,151,151.01,149.32,150.25,147.9406,12179400
2025-09-09,XLP,80.41,80.85,80.32,80.73,78.0382,13459600
2025-09-09,XLE,43.815,44.41,43.765,43.79,42.2158,41193400
2025-09-09,XLU,41.3,41.735,41.225,41.595,40.1712,25741400
2025-09-09,XLB,45.775,45.955,45.145,45.27,44.2564,12112400
2025-09-09,XLRE,41.725,41.89,41.662,41.88,40.1463,4308300
2025-09-09,SMH,297.22,297.99,295.11,297.81,296.8862,6797000
2025-09-09,IGV,110.29,110.66,109.52,110.52,110.4993,4822600
2025-09-09,XBI,94.4,94.99,93.66,94.98,94.5473,6725100
2025-09-09,GNOM,37.3,37.3,36.742,37.289,36.7788,7900
2025-09-09,ARKG,25.5,25.63,24.995,25.61,25.61,1161400
2025-09-09,KRE,65.47,65.73,64.67,64.85,62.9537,15865100
2025-09-09,XHB,119,119,115.3,116.07,114.5531,2882300
2025-09-09,XME,84.09,84.9,83.12,83.36,83.0006,1394400
2025-09-09,URA,41.5,42.41,41.3,41.97,40.0578,3623100
2025-09-09,ITA,197.26,197.26,194.63,196.23,195.0108,330900
2025-09-09,PAVE,46.6,46.6,45.78,45.98,45.5921,576500
2025-09-10,SPY,653.62,654.55,650.63,652.21,643.4647,78034500
2025-09-10,QQQ,583.74,583.77,578.55,580.7,577.3151,49308000
2025-09-10,XLK,135.355,135.985,134.43,135.075,134.2132,25957200
2025-09-10,XLF,53.17,53.4,52.93,53.16,52.163,32915900
2025-09-10,XLV,138.51,138.51,136.81,137.33,134.458,13588300
2025-09-10,XLY,118.03,118.03,116.13,116.435,115.2834,16330400
2025-09-10,XLC,115.28,115.31,114.245,114.62,112.8246,5378200
2025-09-10,XLI,150.5,151.84,150.47,151.36,149.0336,16515000
2025-09-10,XLP,80.39,80.54,79.54,79.94,77.2745,19041800
2025-09-10,XLE,43.89,44.58,43.79,44.555,42.9533,29932800
2025-09-10,XLU,41.745,42.38,41.745,42.31,40.8617,32168800
2025-09-10,XLB,45.235,45.615,45.18,45.355,44.3395,10671600
2025-09-10,XLRE,41.89,42.18,41.79,41.86,40.1271,4006500
2025-09-10,SMH,300.59,302.38,298.77,300.83,299.8968,10221400
2025-09-10,IGV,113.33,114.13,111.8,112.24,112.219,18169300
2025-09-10,XBI,95.17,95.29,93.5,93.9,93.4722,10477300
2025-09-10,GNOM,37.26,37.26,36.36,36.49,35.9908,7000
2025-09-10,ARKG,25.72,25.72,24.66,24.78,24.78,1534400
2025-09-10,KRE,64.95,65.39,64.65,64.92,63.0216,12929200
2025-09-10,XHB,116.48,116.89,115.16,115.76,114.2472,2485900
2025-09-10,XME,83.66,85.06,83.66,84.88,84.5141,1737100
2025-09-10,URA,42.2,42.87,41.99,42.22,40.2964,3368400
2025-09-10,ITA,196.27,199,196.22,198.9,197.6643,1073800
2025-09-10,PAVE,46.14,46.65,46.06,46.4,46.0085,803900
2025-09-11,SPY,654.18,658.33,653.59,657.63,648.812,69934400
2025-09-11,QQQ,583.24,584.88,581.62,584.08,580.6754,44745800
2025-09-11,XLK,135.925,136.115,135.31,135.53,134.6653,23429200
2025-09-11,XLF,53.19,54.07,53.18,54.03,53.0167,36635400
2025-09-11,XLV,138.04,140,137.89,139.72,136.798,16470800
2025-09-11,XLY,116.905,118.78,116.755,118.7,117.526,16448800
2025-09-11,XLC,114.84,116.655,114.35,116.38,114.557,14732600
2025-09-11,XLI,151.44,153.27,151.22,152.8,150.4515,17820600
2025-09-11,XLP,80.15,80.82,80.03,80.59,77.9028,16717500
2025-09-11,XLE,44.2,44.66,44.065,44.565,42.963,25176800
2025-09-11,XLU,42.255,42.565,42.195,42.535,41.079,24265200
2025-09-11,XLB,45.315,46.35,45.285,46.305,45.2683,11685200
2025-09-11,XLRE,41.92,42.62,41.915,42.54,40.7789,3604900
2025-09-11,SMH,303.54,305.56,303.17,303.93,302.9872,7312400
2025-09-11,IGV,112.98,113.26,112.09,112.4,112.3789,6414700
2025-09-11,XBI,93.99,95.74,93.81,95.7,95.264,7953900
2025-09-11,GNOM,36,37.275,36,37.174,36.6654,12400
2025-09-11,ARKG,24.9,26.285,24.85,26.19,26.19,4148900
2025-09-11,KRE,64.95,65.36,64.49,65.21,63.3031,14249700
2025-09-11,XHB,116.55,119,116.31,118.77,117.2178,3203800
2025-09-11,XME,84.57,86.6,84.31,86.04,85.6691,3271800
2025-09-11,URA,42.25,43.09,41.82,42.65,40.7068,2898000
2025-09-11,ITA,199.52,201.61,198.98,200.07,198.827,663100
2025-09-11,PAVE,46.48,47.275,46.42,47.14,46.7423,926900
2025-09-12,SPY,657.6,659.11,656.9,657.41,648.5949,72780100
2025-09-12,QQQ,585.04,587.86,584.1,586.66,583.2402,50745900
2025-09-12,XLK,135.8,135.93,135.15,135.44,134.5759,15612200
2025-09-12,XLF,53.96,54.07,53.71,53.8,52.791,25705900
2025-09-12,XLV,139.23,139.81,138.1,138.11,135.2216,11345400
2025-09-12,XLY,118.515,119.49,118.465,119.315,118.1349,9002800
2025-09-12,XLC,116.59,117.59,116.41,117.35,115.5118,6091200
2025-09-12,XLI,152.48,152.84,151.49,151.58,149.2502,8907500
2025-09-12,XLP,80.45,80.64,80.11,80.32,77.6418,10261000
2025-09-12,XLE,44.75,44.95,44.29,44.3,42.7075,22297800
2025-09-12,XLU,42.415,42.875,42.34,42.75,41.2866,18727000
2025-09-12,XLB,46.065,46.24,45.755,45.84,44.8137,11069400
2025-09-12,XLRE,42.42,42.58,42.31,42.35,40.5968,2515100
2025-09-12,SMH,305.06,305.59,303.1,304.32,303.376,5231900
2025-09-12,IGV,112.7,112.86,111.51,111.67,111.6491,4690500
2025-09-12,XBI,95.42,95.65,94.09,94.12,93.6912,9366000
2025-09-12,GNOM,37.23,37.23,36.453,36.453,35.9543,17000
2025-09-12,ARKG,26.18,26.2,25.54,25.6,25.6,2305000
2025-09-12,KRE,65.06,65.4,64.69,64.99,63.0896,11718100
2025-09-12,XHB,117.91,118.31,115.93,116.16,114.6419,1916200
2025-09-12,XME,85.87,86.32,85.35,85.57,85.2011,1309300
2025-09-12,URA,42.45,42.48,41.67,42.05,40.1341,2440200
2025-09-12,ITA,200.05,200.73,199.3,199.42,198.181,261700
2025-09-12,PAVE,47.005,47.1,46.52,46.52,46.1275,641400
2025-09-15,SPY,659.64,661.04,659.34,660.91,652.048,63772400
2025-09-15,QQQ,588.44,591.79,588.29,591.68,588.2311,44360300
2025-09-15,XLK,135.655,136.69,135.49,136.66,135.7881,16268000
2025-09-15,XLF,53.89,54.09,53.62,53.68,52.6733,31922000
2025-09-15,XLV,138.26,138.54,136.66,136.93,134.0663,11233800
2025-09-15,XLY,121.22,121.385,119.755,120.35,119.1597,13760200
2025-09-15,XLC,117.87,119.115,117.78,119,117.136,7242400
2025-09-15,XLI,151.93,152.68,151.7,152.28,149.9395,9412900
2025-09-15,XLP,80.29,80.48,79.36,79.4,76.7525,14871900
2025-09-15,XLE,44.385,44.5,44.075,44.15,42.5629,23287800
2025-09-15,XLU,42.755,43.05,42.755,42.85,41.3832,22818400
2025-09-15,XLB,45.895,45.915,45.395,45.47,44.452,9791400
2025-09-15,XLRE,42.4,42.56,42.185,42.3,40.5489,3844000
2025-09-15,SMH,303.82,307.23,303.01,307.17,306.2172,5390200
2025-09-15,IGV,112.33,112.95,112.13,112.81,112.7888,4937300
2025-09-15,XBI,94.08,94.45,92.64,93.43,93.0043,9160400
2025-09-15,GNOM,36.7,36.7,36.125,36.31,35.8132,7900
2025-09-15,ARKG,25.84,26.08,25.441,25.93,25.93,2012200
2025-09-15,KRE,65.14,65.34,64.2,64.36,62.478,18494900
2025-09-15,XHB,116.54,116.63,114.55,115.46,113.9511,2069400
2025-09-15,XME,86.02,89.24,85.82,89.09,88.7059,3764900
2025-09-15,URA,42.5,45.99,42.1,45.98,43.8851,7549800
2025-09-15,ITA,199.9,202.11,199.42,201.82,200.5661,445900
2025-09-15,PAVE,46.73,46.96,46.56,46.74,46.3457,463600
2025-09-16,SPY,661.47,661.78,659.21,660,651.1503,61169000
2025-09-16,QQQ,592.61,592.86,590.49,591.18,587.7339,36942100
2025-09-16,XLK,136.975,137.07,136.02,136.185,135.3161,16081400
2025-09-16,XLF,53.61,53.67,53.27,53.56,52.5555,28482500
2025-09-16,XLV,136.66,137.39,136.54,136.93,134.0663,12443800
2025-09-16,XLY,120.785,121.23,120.425,121.09,119.8924,8687400
2025-09-16,XLC,118.635,118.85,117.86,118.52,116.6635,5802300
2025-09-16,XLI,152.51,152.68,151.34,151.83,149.4964,10336100
2025-09-16,XLP,79.53,79.94,79.35,79.76,77.1005,16171000
2025-09-16,XLE,44.345,45.03,44.335,44.89,43.2763,41593000
2025-09-16,XLU,42.775,42.79,42.05,42.07,40.6299,21652800
2025-09-16,XLB,45.58,45.67,45.215,45.33,44.3151,9700400
2025-09-16,XLRE,42.26,42.39,41.97,42.05,40.3092,5432500
2025-09-16,SMH,308.43,308.67,305.57,307.21,306.257,4227600
2025-09-16,IGV,113.43,113.48,112.36,112.72,112.6989,3199900
2025-09-16,XBI,93.53,94.13,93.26,93.74,93.3129,6439800
2025-09-16,GNOM,36.32,37.15,36.32,36.982,36.476,12000
2025-09-16,ARKG,25.96,26.65,25.54,26.55,26.55,2514800
2025-09-16,KRE,64.28,64.35,62.98,63.69,61.8276,16880900
2025-09-16,XHB,116.01,116.05,113.96,115.02,113.5168,2345900
2025-09-16,XME,89.56,89.56,88,88.24,87.8596,2157300
2025-09-16,URA,46.03,46.04,43.95,44.36,42.3389,4728400
2025-09-16,ITA,201.74,203.11,200.85,201.89,201.3841,11652500
2025-09-16,PAVE,46.87,46.88,46.33,46.48,46.0879,768700
2025-09-17,SPY,660.01,661.72,654.3,659.18,650.3412,101952200
2025-09-17,QQQ,591.1,591.75,584.37,590,586.5609,69384800
2025-09-17,XLK,136.095,136.26,134.31,135.715,134.8491,18948600
2025-09-17,XLF,53.67,54.33,53.65,54.08,53.0658,47976100
2025-09-17,XLV,137.13,138.29,136.84,137.2,134.3307,12501500
2025-09-17,XLY,121.01,121.7,119.5,120.785,119.5904,15324000
2025-09-17,XLC,118.83,119.11,117.94,118.83,116.9686,5993800
2025-09-17,XLI,151.89,152.7,150.15,151.14,148.817,12549500
2025-09-17,XLP,79.88,80.74,79.88,80.24,77.5645,14408700
2025-09-17,XLE,44.83,45.31,44.635,44.995,43.3775,26044800
2025-09-17,XLU,42.345,42.535,42.09,42.175,40.7313,20168200
2025-09-17,XLB,45.37,46.23,45.165,45.435,44.4177,13319600
2025-09-17,XLRE,42.17,42.65,41.99,42.03,40.2901,7312900
2025-09-17,SMH,306.5,307.15,301.37,305.25,304.3031,9647700
2025-09-17,IGV,112.78,113.53,111.64,113.22,113.1988,4729800
2025-09-17,XBI,94.06,95.81,93.49,93.77,93.3428,15125300
2025-09-17,GNOM,36.97,37.5,36.755,36.755,36.2522,7100
2025-09-17,ARKG,26.61,27.21,25.81,26.27,26.27,3677900
2025-09-17,KRE,64.05,65.92,63.8,64.45,62.5654,32906300
2025-09-17,XHB,115.61,118.7,112.9,113.85,112.3621,4218300
2025-09-17,XME,87.53,89.85,86.76,87.75,87.3717,1982100
2025-09-17,URA,44.33,44.78,43.68,44.55,42.5202,5087500
2025-09-17,ITA,201.91,202.34,199,200.52,200.0175,1890300
2025-09-17,PAVE,46.63,47.17,45.97,46.24,45.8499,1247700
2025-09-18,SPY,661.89,664.89,660.27,662.26,653.3799,90459200
2025-09-18,QQQ,594.91,598.14,592.96,595.32,591.8499,61069300
2025-09-18,XLK,137.475,138.465,136.81,138.06,137.1792,20882600
2025-09-18,XLF,54.11,54.5,53.99,54.13,53.1148,36609100
2025-09-18,XLV,137.2,137.94,136.89,137.47,134.595,11472900
2025-09-18,XLY,121.265,121.325,120.24,120.24,119.0508,10819800
2025-09-18,XLC,118.96,119.475,118.485,118.92,117.0572,6022700
2025-09-18,XLI,151.51,153.1,151.19,152.75,150.4022,13071800
2025-09-18,XLP,79.71,80.02,79.53,79.54,76.8878,21046100
2025-09-18,XLE,45.035,45.125,44.515,44.855,43.2425,28713000
2025-09-18,XLU,42.1,42.475,41.91,42.205,40.7603,25303000
2025-09-18,XLB,45.295,45.575,45.08,45.435,44.4177,15116000
2025-09-18,XLRE,42.045,42.26,41.945,42.06,40.3188,5162000
2025-09-18,SMH,313.55,318.62,312.6,316.97,315.9868,16335600
2025-09-18,IGV,114.31,115.8,114.24,115.37,115.3484,8158500
2025-09-18,XBI,94.79,96.73,94.71,96.68,96.2395,9284900
2025-09-18,GNOM,37.265,37.951,37.265,37.939,37.42,24300
2025-09-18,ARKG,26.7,27.63,26.7,27.595,27.595,2375400
2025-09-18,KRE,64.81,66.19,64.5,66.17,64.2351,20046400
2025-09-18,XHB,114.14,115.01,113.15,114.56,113.0628,5078800
2025-09-18,XME,87.73,89.17,86.62,89.09,88.7059,1975100
2025-09-18,URA,45.2,46.18,44.24,45.72,43.6369,5184100
2025-09-18,ITA,200.87,203.27,199.69,202.97,202.4614,832100
2025-09-18,PAVE,46.37,47.115,46.23,46.96,46.5638,952000
2025-09-19,SPY,662.33,664.55,660.37,663.7,656.616,97945600
2025-09-19,QQQ,597.33,600.05,595.85,599.35,595.8563,58196100
2025-09-19,XLK,138.615,139.59,138.165,139.46,138.5702,15670800
2025-09-19,XLF,54.26,54.41,53.92,54.25,53.2326,46731400
2025-09-19,XLV,137.82,137.9,137.18,137.29,134.4188,11280900
2025-09-19,XLY,120.87,121.235,120.475,120.695,119.5013,12576200
2025-09-19,XLC,119.21,119.55,118.69,119.41,117.5396,5548000
2025-09-19,XLI,153.25,153.46,151.91,153.12,150.7665,8778300
2025-09-19,XLP,79.73,79.75,79.31,79.38,76.7332,13348900
2025-09-19,XLE,44.815,44.85,44.105,44.26,42.6689,29979200
2025-09-19,XLU,42.31,42.645,42.085,42.475,41.021,20974000
2025-09-19,XLB,45.55,45.58,45.27,45.415,44.3982,16468200
2025-09-19,XLRE,42.1,42.175,41.85,41.85,40.1175,5331000
2025-09-19,SMH,316.4,316.51,313.43,315.71,314.7307,8381600
2025-09-19,IGV,115.79,117.36,115.72,117.19,117.168,4535900
2025-09-19,XBI,96.99,97.04,95.37,95.6,95.1644,7144100
2025-09-19,GNOM,38.01,38.01,37.55,37.557,37.0432,7300
2025-09-19,ARKG,27.76,27.975,27.5,27.51,27.51,2690600
2025-09-19,KRE,66.05,66.2,65.1,65.34,63.4293,19019200
2025-09-19,XHB,114,114.16,112.76,113.02,111.543,2986200
2025-09-19,XME,89.21,91.05,89.05,90.39,90.0003,2265800
2025-09-19,URA,45.97,49.5,45.61,49.43,47.1779,7652700
2025-09-19,ITA,204.03,204.15,201.61,203.4,202.8903,713700
2025-09-19,PAVE,47.19,47.19,46.58,46.82,46.425,637900
2025-09-22,SPY,662.2,667.29,662.17,666.84,659.7225,69452200
2025-09-22,QQQ,597.74,602.87,597.72,602.2,599.3838,57154800
2025-09-22,XLK,139.075,141.445,139.02,141.33,140.6088,15771200
2025-09-22,XLF,53.7,54.06,53.64,54,53.1617,32393000
2025-09-22,XLV,136.19,137.26,135.89,136.63,134.3844,9732700
2025-09-22,XLY,120.4,121.01,120.04,120.09,119.112,12283600
2025-09-22,XLC,118.85,119.24,118.39,118.58,117.1296,6412100
2025-09-22,XLI,152,153.24,151.69,153,151.2708,5688500
2025-09-22,XLP,78.54,78.6,77.91,77.96,75.8777,11993700
2025-09-22,XLE,43.73,44.05,43.555,43.835,42.6198,22502400
2025-09-22,XLU,42.21,42.695,42.11,42.6,41.4187,19477000
2025-09-22,XLB,45.185,45.33,44.975,45.185,44.383,8882400
2025-09-22,XLRE,41.55,41.76,41.33,41.67,40.2498,4786500
2025-09-22,SMH,316.27,323.14,316,322.17,321.1707,11618100
2025-09-22,IGV,116.57,117.89,115.83,117.79,117.7679,4849100
2025-09-22,XBI,95.99,97.66,95.34,97.3,96.8841,11373600
2025-09-22,GNOM,37.6,38.19,37.3,38.09,37.5689,16100
2025-09-22,ARKG,27.82,28.19,27.548,27.85,27.85,2524300
2025-09-22,KRE,64.65,64.96,63.75,64.14,62.6479,16841600
2025-09-22,XHB,112.36,112.36,110.51,111.13,109.8312,3050500
2025-09-22,XME,90.55,91.17,89.2,90.94,90.6492,1594200
2025-09-22,URA,49.22,50.76,47.96,50.4,48.1037,7490900
2025-09-22,ITA,203.05,204.55,202.16,204.29,203.778,773200
2025-09-22,PAVE,46.65,47.165,46.555,47.06,46.663,726900
2025-09-23,SPY,666.72,667.34,661.98,663.21,656.1312,81708900
2025-09-23,QQQ,602.37,602.57,596.98,598.2,595.4025,64635500
2025-09-23,XLK,141.135,141.365,139.49,140.11,139.395,16456400
2025-09-23,XLF,53.95,54.49,53.63,53.76,52.9254,28698900
2025-09-23,XLV,136.26,137.35,136.15,136.94,134.6893,9903000
2025-09-23,XLY,120.365,120.455,118.76,118.96,117.9912,9696400
2025-09-23,XLC,118.84,119.23,118.25,118.41,116.9617,4127600
2025-09-23,XLI,153.35,154.26,152.43,153.04,151.3103,8589300
2025-09-23,XLP,78.03,78.38,77.73,78.35,76.2572,9703700
2025-09-23,XLE,44.01,45.07,44.01,44.59,43.3539,44214800
2025-09-23,XLU,42.535,42.89,42.455,42.82,41.6326,17900600
2025-09-23,XLB,45.29,45.63,44.985,45.04,44.2405,8228800
2025-09-23,XLRE,41.69,42.065,41.68,42,40.5686,3002000
2025-09-23,SMH,323.16,325.36,320.02,321.7,320.7021,9159000
2025-09-23,IGV,117.82,117.99,116.06,116.4,116.3782,4560200
2025-09-23,XBI,97.09,97.75,96.62,96.77,96.3563,7122400
2025-09-23,GNOM,38.14,38.16,37.4,37.473,36.9603,20000
2025-09-23,ARKG,27.98,28.28,27.47,27.51,27.51,1864100
2025-09-23,KRE,64.33,65.3,63.93,64.06,62.5698,17723800
2025-09-23,XHB,111.65,112.29,110.7,111.32,110.019,1547700
2025-09-23,XME,91.58,92.65,90.66,91.5,91.2074,1920300
2025-09-23,URA,50.48,50.89,49.42,50.36,48.0655,6716800
2025-09-23,ITA,204.92,206.96,204.6,206.16,205.6434,1088300
2025-09-23,PAVE,47.24,47.53,46.83,46.98,46.5836,648600
2025-09-24,SPY,664.51,664.61,659.67,661.1,654.0437,68082200
2025-09-24,QQQ,599.58,599.9,593.36,596.1,593.3123,49850300
2025-09-24,XLK,140.485,140.485,138.315,139.245,138.5344,13471000
2025-09-24,XLF,53.83,53.96,53.5,53.61,52.7778,23893400
2025-09-24,XLV,136.82,137.06,136.16,136.39,134.1483,7471600
2025-09-24,XLY,119.495,120.01,119.115,119.8,118.8243,9862000
2025-09-24,XLC,118.41,118.515,116.935,117.43,115.9937,5099800
2025-09-24,XLI,153.37,153.7,152.22,152.25,150.5293,5938400
2025-09-24,XLP,78.33,78.83,78.2,78.52,76.4227,10634100
2025-09-24,XLE,44.905,45.59,44.855,45.17,43.9178,35406200
2025-09-24,XLU,42.9,43.2,42.775,43.125,41.9291,17317600
2025-09-24,XLB,44.86,45.085,44.435,44.49,43.7003,10669600
2025-09-24,XLRE,41.96,41.96,41.56,41.57,40.1533,3990500
2025-09-24,SMH,321.4,321.96,317.47,321.11,320.1139,8632200
2025-09-24,IGV,116.78,117.01,114.67,115.22,115.1984,2475500
2025-09-24,XBI,97.26,98.07,96.98,97.44,97.0235,9202600
2025-09-24,GNOM,38.12,38.22,37.86,37.862,37.344,12400
2025-09-24,ARKG,27.64,27.97,26.92,27,27,2427900
2025-09-24,KRE,64.28,64.54,63.59,63.93,62.4428,9909900
2025-09-24,XHB,110.76,112.32,110.54,110.64,109.3469,3324300
2025-09-24,XME,91.5,92.23,90.36,90.48,90.1907,1987300
2025-09-24,URA,50.85,51.39,48.48,48.59,46.3761,6725800
2025-09-24,ITA,206.37,207.17,203.56,203.67,203.1596,454900
2025-09-24,PAVE,47.17,47.19,46.522,46.63,46.2366,741500
2025-09-25,SPY,657.94,659.41,654.41,658.05,651.0263,89622100
2025-09-25,QQQ,592.2,595.12,588.5,593.53,590.7544,70920200
2025-09-25,XLK,137.98,139.345,137.125,139,138.2907,21349600
2025-09-25,XLF,53.47,53.71,53.24,53.47,52.6399,24757500
2025-09-25,XLV,136.13,136.18,133.73,134.13,131.9255,14099700
2025-09-25,XLY,119.055,119.1,117.575,118.11,117.1481,11590800
2025-09-25,XLC,116.88,117.49,116.48,117.03,115.5986,3786700
2025-09-25,XLI,151.74,151.77,150.62,151.22,149.5109,7145800
2025-09-25,XLP,78.86,78.93,77.77,77.77,75.6927,12046100
2025-09-25,XLE,45.165,45.62,45.04,45.575,44.3116,31887200
2025-09-25,XLU,43.085,43.175,42.71,42.71,41.5256,18689600
2025-09-25,XLB,44.33,44.34,43.84,43.91,43.1306,11077200
2025-09-25,XLRE,41.62,41.765,41.445,41.47,40.0567,3559500
2025-09-25,SMH,316.29,322.03,313.6,321.06,320.0641,9592900
2025-09-25,IGV,113.8,114.47,112.91,113.9,113.8786,3525200
2025-09-25,XBI,96.75,96.98,95.74,95.86,95.4502,9148300
2025-09-25,GNOM,37.47,37.82,37.285,37.35,36.839,5900
2025-09-25,ARKG,26.49,26.86,26.255,26.67,26.67,2273500
2025-09-25,KRE,63.71,64.1,63.2,63.89,62.4038,12341000
2025-09-25,XHB,109.46,110.86,109.05,109.12,107.8447,2613100
2025-09-25,XME,89.47,92.91,89.23,91.7,91.4068,2315500
2025-09-25,URA,46.9,49.43,46.35,49.17,46.9297,5596900
2025-09-25,ITA,202.86,204.12,201.48,203.11,202.601,550800
2025-09-25,PAVE,46.27,46.51,46.01,46.4,46.0085,664400
2025-09-26,SPY,659.51,662.37,657.88,661.82,654.7561,69179200
2025-09-26,QQQ,594.35,596.3,591.06,595.97,593.1829,54337400
2025-09-26,XLK,139.15,139.545,138.19,139.42,138.7085,16534000
2025-09-26,XLF,53.71,54.1,53.64,53.86,53.0239,30686100
2025-09-26,XLV,135.15,135.62,134.64,135.5,133.273,10071000
2025-09-26,XLY,118.645,119.925,118.235,119.855,118.8789,9749400
2025-09-26,XLC,117.28,118.51,117.04,118.17,116.7246,7462700
2025-09-26,XLI,152.06,153.21,152.02,152.58,150.8555,6958900
2025-09-26,XLP,77.69,78.01,77.49,77.96,75.8777,11547800
2025-09-26,XLE,45.65,46.455,45.64,45.995,44.72,40161600
2025-09-26,XLU,42.855,43.42,42.815,43.405,42.2014,16233800
2025-09-26,XLB,44.02,44.495,43.985,44.42,43.6315,9944600
2025-09-26,XLRE,41.61,41.966,41.515,41.88,40.4527,3436200
2025-09-26,SMH,321.64,322.42,318.14,321.82,320.8217,6886100
2025-09-26,IGV,114.18,115.15,113.66,114.97,114.9484,3483600
2025-09-26,XBI,96.28,98,95.86,97.95,97.5313,12363300
2025-09-26,GNOM,37.5,37.872,37.25,37.872,37.3539,9300
2025-09-26,ARKG,26.8,26.995,26.415,26.91,26.91,3062700
2025-09-26,KRE,64.14,64.66,63.68,64.19,62.6968,11258600
2025-09-26,XHB,109.55,110.75,109.16,110.4,109.1097,1812000
2025-09-26,XME,91.74,92.85,91.57,92.2,91.9052,1717500
2025-09-26,URA,48.7,49.98,48.02,48.41,46.2043,3468400
2025-09-26,ITA,205.32,207.22,204.54,205.7,205.1845,783400
2025-09-26,PAVE,46.49,47.16,46.49,47.07,46.6729,558600
2025-09-29,SPY,664.36,665.28,661.86,663.68,656.5962,73499000
2025-09-29,QQQ,599.11,602.05,597.41,598.73,595.9301,48332900
2025-09-29,XLK,140.22,140.96,139.84,140.165,139.4497,16107400
2025-09-29,XLF,54.04,54.15,53.74,54.13,53.2897,20713800
2025-09-29,XLV,135.68,135.97,134.74,135.9,133.6664,7735700
2025-09-29,XLY,120.485,120.795,119.625,120.38,119.3996,11244600
2025-09-29,XLC,118.82,119.255,118.4,118.55,117.1,4875800
2025-09-29,XLI,153.77,153.92,152.53,153.05,151.3202,7177600
2025-09-29,XLP,78.09,78.13,77.58,78.11,76.0237,11490300
2025-09-29,XLE,45.675,45.74,44.915,45.15,43.8984,37674400
2025-09-29,XLU,43.385,43.6,43.08,43.53,42.3229,17130800
2025-09-29,XLB,44.705,44.735,44.34,44.59,43.7985,9378800
2025-09-29,XLRE,41.92,42.05,41.74,41.96,40.53,3891100
2025-09-29,SMH,324.65,326.83,322.47,322.66,321.6591,5833600
2025-09-29,IGV,115.62,116.46,115.59,115.98,115.9583,2788600
2025-09-29,XBI,98.33,99.49,98.01,99.4,98.9751,9957300
2025-09-29,GNOM,38.16,38.405,38.11,38.336,37.8115,4700
2025-09-29,ARKG,27.16,27.45,26.805,27.27,27.27,4609200
2025-09-29,KRE,64.47,64.53,63.13,63.57,62.0912,11305100
2025-09-29,XHB,111.11,111.11,109.32,110.63,109.337,2377200
2025-09-29,XME,93.79,93.81,92.14,93.48,93.1811,1777600
2025-09-29,URA,49.49,49.71,48.41,48.71,46.4907,3110100
2025-09-29,ITA,208.35,208.73,204.22,205.44,204.9252,766200
2025-09-29,PAVE,47.43,47.43,47.04,47.25,46.8514,650300
2025-09-30,SPY,662.93,666.65,661.61,666.18,659.0695,86288000
2025-09-30,QQQ,598.43,600.71,596.1,600.37,597.5623,46533800
2025-09-30,XLK,140.165,141.07,139.87,140.93,140.2108,18215200
2025-09-30,XLF,54.06,54.24,53.42,53.87,53.0337,32442200
2025-09-30,XLV,135.76,139.5,135.67,139.17,136.8826,19313500
2025-09-30,XLY,120.265,120.375,118.88,119.82,118.8442,12982000
2025-09-30,XLC,118.44,118.7,117.905,118.37,116.9222,5740500
2025-09-30,XLI,152.87,154.38,152.84,154.23,152.4869,8211200
2025-09-30,XLP,78.01,78.54,77.95,78.37,76.2767,12306100
2025-09-30,XLE,44.755,44.85,44.32,44.67,43.4317,47544800
2025-09-30,XLU,43.585,43.775,43.295,43.605,42.3958,21960000
2025-09-30,XLB,44.49,44.845,44.405,44.81,44.0146,9408200
2025-09-30,XLRE,42.02,42.16,41.81,42.13,40.6942,3940800
2025-09-30,SMH,322.75,326.72,322.43,326.36,325.3476,7459900
2025-09-30,IGV,115.96,116.04,114.02,115.01,114.9884,3514900
2025-09-30,XBI,99.42,100.53,98.87,100.2,99.7717,12913900
2025-09-30,GNOM,38.44,38.925,38.1,38.833,38.3017,12000
2025-09-30,ARKG,27.25,27.84,26.965,27.77,27.77,1278800
2025-09-30,KRE,63.63,63.89,62.45,63.3,61.8275,15262900
2025-09-30,XHB,110.48,111.14,109.48,110.8,109.5051,1902300
2025-09-30,XME,92.4,93.43,91.96,93.19,92.892,2016600
2025-09-30,URA,48.68,48.87,47.67,47.67,45.4981,4393200
2025-09-30,ITA,205.52,209.51,205.52,209.26,208.7356,637400
2025-09-30,PAVE,47.29,47.675,47.2,47.63,47.2282,620100
2025-10-01,SPY,663.17,669.37,663.06,668.45,661.3154,72545400
2025-10-01,QQQ,597.17,603.79,596.34,603.25,600.429,46899600
2025-10-01,XLK,140.21,142.41,140.17,142.31,141.5838,17411200
2025-10-01,XLF,53.61,53.76,53.37,53.39,52.5612,33210100
2025-10-01,XLV,139.8,143.73,139.6,143.47,141.112,23657900
2025-10-01,XLY,119.615,120.94,119.405,120.57,119.5881,11258000
2025-10-01,XLC,117.5,117.5,116.52,116.71,115.2825,7218900
2025-10-01,XLI,153.48,154.11,153.11,153.8,152.0617,8753400
2025-10-01,XLP,78.27,78.49,77.8,78.25,76.1599,10125300
2025-10-01,XLE,44.45,44.82,44.4,44.67,43.4317,27661200
2025-10-01,XLU,43.69,44.12,43.635,44.025,42.8042,29195400
2025-10-01,XLB,44.755,44.86,44.235,44.34,43.553,13749800
2025-10-01,XLRE,42.11,42.335,42.01,42.13,40.6942,6818800
2025-10-01,SMH,324.28,334.11,324.11,333.69,332.6549,9911800
2025-10-01,IGV,114.77,115.49,114.25,115.07,115.0484,3476700
2025-10-01,XBI,100.11,102.15,100.11,101.39,100.9566,9736200
2025-10-01,GNOM,38.9,40,38.9,39.878,39.3324,22700
2025-10-01,ARKG,27.67,28.88,27.67,28.85,28.85,2437600
2025-10-01,KRE,63.07,63.26,62.35,62.97,61.5052,9570300
2025-10-01,XHB,110.85,111.76,110.46,111.56,110.2562,2131000
2025-10-01,XME,93.17,95.73,93.17,95.31,95.0052,2860000
2025-10-01,URA,48.26,48.73,47.66,48.26,46.0612,5739900
2025-10-01,ITA,208.22,209.79,206.93,209.25,208.7256,643100
2025-10-01,PAVE,47.39,47.775,47.365,47.61,47.2083,1348800
2025-10-02,SPY,670.45,670.57,666.78,669.22,662.077,56896000
2025-10-02,QQQ,607.06,607.16,602.93,605.73,602.8972,43765400
2025-10-02,XLK,143.635,143.665,142.435,143.08,142.3498,17607800
2025-10-02,XLF,53.31,53.48,53.06,53.35,52.5218,32443400
2025-10-02,XLV,142.15,143.57,142.15,143.19,140.8366,15176200
2025-10-02,XLY,121.16,121.35,119.625,119.7,118.7252,13191400
2025-10-02,XLC,116.69,116.71,115.845,116.45,115.0257,3984800
2025-10-02,XLI,153.96,154.8,153.28,154.2,152.4572,8495400
2025-10-02,XLP,77.91,78.2,77.75,77.94,75.8582,8422100
2025-10-02,XLE,44.57,44.965,44.175,44.22,42.9942,31793600
2025-10-02,XLU,43.91,43.96,43.62,43.945,42.7264,22648600
2025-10-02,XLB,44.275,44.88,44.275,44.855,44.0588,10673800
2025-10-02,XLRE,42,42.04,41.69,41.91,40.4817,6391600
2025-10-02,SMH,339.66,340,336.56,338.24,337.1908,8092600
2025-10-02,IGV,115.69,115.9,115.03,115.72,115.6983,3377300
2025-10-02,XBI,101.64,102.6,101.01,102.59,102.1514,8601200
2025-10-02,GNOM,39.96,40.53,39.76,40.506,39.9518,10900
2025-10-02,ARKG,29.14,29.83,28.92,29.81,29.81,3170500
2025-10-02,KRE,62.92,63.21,62.31,62.82,61.3587,13570800
2025-10-02,XHB,111.34,111.99,110.46,111.64,110.3353,1109500
2025-10-02,XME,95.87,96.82,94.13,96.67,96.3609,2462800
2025-10-02,URA,49.38,50.25,48.14,50.2,47.9128,5412400
2025-10-02,ITA,209.69,210.79,208.03,209.38,208.8553,1069700
2025-10-02,PAVE,47.74,47.99,47.389,47.86,47.4562,713800
2025-10-03,SPY,669.99,672.68,668.16,669.21,662.0673,70494400
2025-10-03,QQQ,606.51,607.33,601.39,603.18,600.3592,46482100
2025-10-03,XLK,143.21,143.94,141.87,142.36,141.6335,17458000
2025-10-03,XLF,53.42,53.97,53.38,53.72,52.886,32111600
2025-10-03,XLV,143.57,146.14,143.56,144.82,142.4398,15829200
2025-10-03,XLY,120.245,120.445,118.27,118.93,117.9614,13934400
2025-10-03,XLC,116.6,116.735,116.09,116.39,114.9664,3535900
2025-10-03,XLI,154.41,155.41,153.94,154.41,152.6648,7430000
2025-10-03,XLP,77.91,78.35,77.81,78.03,75.9458,8426600
2025-10-03,XLE,44.445,44.715,44.39,44.455,43.2226,24048000
2025-10-03,XLU,44.08,44.865,44.045,44.455,43.2222,25133200
2025-10-03,XLB,44.845,45.17,44.8,44.93,44.1325,9827600
2025-10-03,XLRE,41.96,42.395,41.96,42.08,40.6459,4820800
2025-10-03,SMH,339.41,340.78,335.18,336.68,335.6356,7770000
2025-10-03,IGV,115.79,116.29,114.51,114.83,114.8085,3534900
2025-10-03,XBI,102.99,104.1,102.79,103.6,103.1571,12886500
2025-10-03,GNOM,40.9,41.162,40.682,40.948,40.3878,9700
2025-10-03,ARKG,29.99,30.48,29.67,30.04,30.04,2889400
2025-10-03,KRE,62.97,63.91,62.97,63.45,61.974,15656300
2025-10-03,XHB,111.98,113.05,111.75,112.12,110.8096,1539500
2025-10-03,XME,97.54,99.16,96.8,97.56,97.2481,1807800
2025-10-03,URA,50.3,50.53,48.7,49.6,47.3401,4383200
2025-10-03,ITA,209.88,211.22,208.26,209.55,209.0249,793300
2025-10-03,PAVE,48,48.255,47.8,47.95,47.5455,679600
2025-10-06,SPY,671.62,672.51,669.46,671.61,664.4415,54623300
2025-10-06,QQQ,608.45,609.36,605.97,607.71,604.8681,41962100
2025-10-06,XLK,144.28,144.72,143.725,143.8,143.0662,17945600
2025-10-06,XLF,53.93,54.07,53.3,53.7,52.8664,32001300
2025-10-06,XLV,144.9,145.06,143.97,144.12,141.7513,12879900
2025-10-06,XLY,119.725,120.12,118.6,119.95,118.9731,10462800
2025-10-06,XLC,116.24,116.595,115.395,116.51,115.0849,4293600
2025-10-06,XLI,154.91,155.44,154.17,155.13,153.3767,6861000
2025-10-06,XLP,77.86,77.92,77.38,77.46,75.391,10740000
2025-10-06,XLE,44.735,44.93,44.495,44.675,43.4365,21488400
2025-10-06,XLU,44.715,44.935,44.41,44.885,43.6403,20024200
2025-10-06,XLB,44.955,45.135,44.795,44.89,44.0932,8937800
2025-10-06,XLRE,42.095,42.1,41.63,41.66,40.2402,4921700
2025-10-06,SMH,345.46,348.53,343.38,343.38,342.3148,10263200
2025-10-06,IGV,115.72,117.32,115.22,115.62,115.5983,5353600
2025-10-06,XBI,104.12,104.51,103.45,103.64,103.197,7956100
2025-10-06,GNOM,41.32,41.57,41,41.067,40.5052,12500
2025-10-06,ARKG,30.4,30.75,30.125,30.38,30.38,3643500
2025-10-06,KRE,64.25,65.02,63.4,64.09,62.5991,27400000
2025-10-06,XHB,112.65,112.81,109.62,109.82,108.5365,2114200
2025-10-06,XME,98.84,99.7,98.13,98.23,97.9159,1879200
2025-10-06,URA,50.73,52.65,50.65,51.21,48.8768,6453200
2025-10-06,ITA,210.74,212.84,210.31,212.55,212.0174,596100
2025-10-06,PAVE,48.155,48.22,47.74,47.97,47.5653,507000
2025-10-07,SPY,672.54,672.99,667.67,669.12,661.9781,72020100
2025-10-07,QQQ,609.02,609.71,603.03,604.51,601.683,58209500
2025-10-07,XLK,144.54,144.75,142.085,142.84,142.1111,15588400
2025-10-07,XLF,53.88,54.05,53.52,53.77,52.9353,31250500
2025-10-07,XLV,144.12,144.66,143.28,144.23,141.8595,12478700
2025-10-07,XLY,119.635,119.64,117.81,117.85,116.8902,14624000
2025-10-07,XLC,116.65,117.1,115.96,116.06,114.6404,4242900
2025-10-07,XLI,155.36,155.77,153.9,154.25,152.5067,11204100
2025-10-07,XLP,77.56,78.3,77.16,78.18,76.0918,12084200
2025-10-07,XLE,44.635,44.78,43.955,44.745,43.5046,25324000
2025-10-07,XLU,45.07,45.285,44.95,45.09,43.8396,32901800
2025-10-07,XLB,44.96,45.14,44.55,44.71,43.9164,11308800
2025-10-07,XLRE,41.71,41.71,41.345,41.53,40.1146,5191500
2025-10-07,SMH,346.29,346.67,336.56,337.05,336.0045,9365700
2025-10-07,IGV,115.86,116.02,113.14,114.37,114.3486,5962100
2025-10-07,XBI,103.86,104.05,102.55,103.68,103.2368,6746400
2025-10-07,GNOM,41.29,41.29,40.29,40.811,40.2527,11900
2025-10-07,ARKG,30.55,30.61,29.49,30,30,3085800
2025-10-07,KRE,64.24,64.62,63.5,63.63,62.1498,11795800
2025-10-07,XHB,109.07,109.24,106.76,107.01,105.7594,4217600
2025-10-07,XME,98.83,101.45,98.2,98.97,98.6535,3936600
2025-10-07,URA,51.96,53.28,50.26,51.21,48.8768,6827900
2025-10-07,ITA,213.2,214.31,211.81,212.96,212.4263,506400
2025-10-07,PAVE,48.11,48.23,47.4,47.57,47.1687,901800
2025-10-08,SPY,670.25,673.21,669.42,673.11,665.9255,60702200
2025-10-08,QQQ,605.41,611.75,605.26,611.44,608.5806,50629800
2025-10-08,XLK,143.17,145.35,143.095,145.345,144.6033,14037800
2025-10-08,XLF,53.93,53.95,53.34,53.51,52.6793,26848700
2025-10-08,XLV,144.6,144.97,144.02,144.51,142.1349,8925800
2025-10-08,XLY,118.365,118.56,117.17,118.2,117.2374,7910200
2025-10-08,XLC,115.98,116.12,115.4,115.58,114.1663,4957900
2025-10-08,XLI,154.64,155.82,153.96,155.59,153.8315,9686000
2025-10-08,XLP,78.12,78.13,77.66,77.79,75.7122,9503000
2025-10-08,XLE,44.745,44.745,44.15,44.485,43.2518,20024200
2025-10-08,XLU,45.41,45.465,45.065,45.4,44.141,19790400
2025-10-08,XLB,44.925,45.12,44.745,44.95,44.1521,12184200
2025-10-08,XLRE,41.305,41.48,41.23,41.32,39.9118,6809300
2025-10-08,SMH,336.73,346.46,336.42,346.07,344.9965,7841500
2025-10-08,IGV,114.59,115.81,114.59,115.69,115.6683,4220600
2025-10-08,XBI,104.3,106.53,103.74,105.44,104.9893,11850000
2025-10-08,GNOM,41.12,42.5,41.12,42.08,41.5043,33800
2025-10-08,ARKG,30.15,32.39,30.025,32.13,32.13,6650500
2025-10-08,KRE,63.89,63.95,63.16,63.24,61.7689,16138100
2025-10-08,XHB,107.48,107.83,105.94,107.8,106.5401,2394800
2025-10-08,XME,100.5,102.32,100.33,102.27,101.943,3285500
2025-10-08,URA,51.75,52.17,50.39,51.02,48.6954,3598900
2025-10-08,ITA,214.5,215.47,213.92,215.16,214.6208,680600
2025-10-08,PAVE,47.73,48.3,47.53,48.27,47.8628,738700
2025-10-09,SPY,673.53,673.94,669.21,671.16,663.9964,66501900
2025-10-09,QQQ,611.48,611.61,607.48,610.7,607.8441,45551000
2025-10-09,XLK,145.28,145.41,144.345,145.1,144.3595,11989400
2025-10-09,XLF,53.63,53.81,53.19,53.32,52.4923,33922400
2025-10-09,XLV,144.78,145.25,143.96,144.19,141.8201,7657000
2025-10-09,XLY,117.745,117.785,116.785,117.61,116.6522,9757600
2025-10-09,XLC,115.5,115.54,114.7,114.92,113.5144,4033800
2025-10-09,XLI,155.75,155.94,153.07,153.29,151.5575,9751200
2025-10-09,XLP,78.04,78.16,77.69,78.04,75.9555,9315600
2025-10-09,XLE,44.58,44.96,43.835,43.88,42.6636,23397800
2025-10-09,XLU,45.55,45.685,45.195,45.285,44.0292,21557400
2025-10-09,XLB,45.125,45.215,44.225,44.335,43.548,13231800
2025-10-09,XLRE,41.415,41.45,41.025,41.13,39.7282,4517100
2025-10-09,SMH,346.04,347.1,342.4,345.21,344.1392,5565500
2025-10-09,IGV,115.55,115.81,114.65,115.67,115.6483,2723000
2025-10-09,XBI,105.86,107.26,105.77,106.52,106.0646,12143500
2025-10-09,GNOM,42.12,42.42,42.021,42.06,41.4846,18200
2025-10-09,ARKG,32.23,32.32,31.56,31.65,31.65,4048500
2025-10-09,KRE,63.34,63.45,62.57,62.95,61.4856,16841800
2025-10-09,XHB,107.43,107.43,105.17,105.37,104.1385,4897700
2025-10-09,XME,103.86,105.18,101.63,102.36,102.0327,3233600
2025-10-09,URA,51.94,52.37,50.45,51.49,49.144,4826300
2025-10-09,ITA,215.39,215.8,210.75,211.24,210.7106,592300
2025-10-09,PAVE,48.37,48.421,47.54,47.64,47.2381,642800
2025-10-10,SPY,672.13,673.95,652.84,653.02,646.05,159422600
2025-10-10,QQQ,611.4,613.18,589.05,589.5,586.7432,97614800
2025-10-10,XLK,145.405,145.67,139.14,139.195,138.4847,44574600
2025-10-10,XLF,53.46,53.68,52.16,52.16,51.3503,73596200
2025-10-10,XLV,144.61,144.74,141.94,142.11,139.7743,13350100
2025-10-10,XLY,117.665,118.21,114.34,114.375,113.4435,17978200
2025-10-10,XLC,114.99,115.725,112.71,112.8,111.4203,8248100
2025-10-10,XLI,153.7,154.2,149.89,149.9,148.2058,24285300
2025-10-10,XLP,78.3,78.77,78.1,78.1,76.0139,20763500
2025-10-10,XLE,43.555,43.775,42.595,42.61,41.4288,44892200
2025-10-10,XLU,45.435,45.685,45.05,45.1,43.8494,23183800
2025-10-10,XLB,44.42,44.52,43.42,43.425,42.6542,22262600
2025-10-10,XLRE,41.21,41.31,40.62,40.68,39.2936,10153200
2025-10-10,SMH,345.97,346.49,324.83,325.34,324.3308,18804500
2025-10-10,IGV,115.85,116.43,112.03,112.09,112.069,5285800
2025-10-10,XBI,107.01,107.08,104.13,104.99,104.5412,16973100
2025-10-10,GNOM,42.43,42.43,40.76,40.989,40.4282,6700
2025-10-10,ARKG,32.11,32.17,29.97,30.35,30.35,5525600
2025-10-10,KRE,63.2,63.6,60.16,60.19,58.7898,26286300
2025-10-10,XHB,105.88,106.22,103.39,103.72,102.5078,2602800
2025-10-10,XME,103.83,105.76,100.77,100.88,100.5574,4508900
2025-10-10,URA,51.9,55.44,51.51,51.87,49.5067,10393300
2025-10-10,ITA,211.84,212.14,205.9,206.04,205.5237,607600
2025-10-10,PAVE,47.81,48,46.38,46.42,46.0284,1109600
2025-10-13,SPY,660.65,665.13,659.77,663.04,655.963,79560500
2025-10-13,QQQ,599.68,602.95,597.23,602.01,599.1947,65872600
2025-10-13,XLK,142.365,143.06,141.555,142.585,141.8574,22030400
2025-10-13,XLF,52.55,52.82,52.34,52.66,51.8425,39651900
2025-10-13,XLV,141.73,142.94,141.63,141.95,139.617,8257500
2025-10-13,XLY,115.425,117.11,115.235,116.93,115.9777,10860200
2025-10-13,XLC,113.78,114.14,113.5,113.84,112.4476,4146000
2025-10-13,XLI,151,152.04,150.69,151.46,149.7482,11014200
2025-10-13,XLP,77.73,78.13,77.44,77.84,75.7609,12692100
2025-10-13,XLE,42.935,43.245,42.795,43.19,41.9927,22889600
2025-10-13,XLU,45.13,45.655,45.11,45.445,44.1848,18760600
2025-10-13,XLB,44.015,44.4,43.89,44.115,43.332,11979800
2025-10-13,XLRE,40.69,40.946,40.61,40.91,39.5157,6720700
2025-10-13,SMH,337.48,341.09,335,339.75,338.6961,11760200
2025-10-13,IGV,113.43,114.79,112.88,114.64,114.6185,3941900
2025-10-13,XBI,105.12,105.86,104.45,105.27,104.82,10190500
2025-10-13,GNOM,41.38,41.56,41.02,41.02,40.4588,17000
2025-10-13,ARKG,30.71,30.83,30.06,30.28,30.28,3263600
2025-10-13,KRE,61.22,61.59,60.6,61.51,60.0791,15050800
2025-10-13,XHB,104.71,104.83,103.86,104.33,103.1107,1592300
2025-10-13,XME,105.89,108.93,105.89,108.08,107.7344,4724800
2025-10-13,URA,54.95,57.15,54.73,55.49,52.9618,10167200
2025-10-13,ITA,207.82,209.6,207.22,209.12,208.5959,474600
2025-10-13,PAVE,46.9,47.34,46.83,47.07,46.6729,693900
2025-10-14,SPY,657.17,665.83,653.17,662.23,655.1617,88779600
2025-10-14,QQQ,595.31,602.69,590.13,598,595.2034,69203200
2025-10-14,XLK,140.715,142.19,139.12,140.755,140.0367,26956800
2025-10-14,XLF,52.45,53.65,52.25,53.24,52.4135,62588700
2025-10-14,XLV,141.6,142.86,141.05,142.34,140.0005,10044700
2025-10-14,XLY,115.39,117.84,114.915,117.175,116.2207,12533600
2025-10-14,XLC,113.2,114.88,112.81,114.59,113.1884,4587900
2025-10-14,XLI,150.08,153.93,149.98,153.24,151.5081,11015600
2025-10-14,XLP,77.92,79.13,77.79,79.09,76.9775,12884100
2025-10-14,XLE,42.575,43.43,42.52,43.185,41.9878,25084600
2025-10-14,XLU,45.365,46,45.29,45.85,44.5786,17571800
2025-10-14,XLB,43.71,44.75,43.625,44.555,43.7641,10797400
2025-10-14,XLRE,40.85,41.35,40.78,41.3,39.8925,7769100
2025-10-14,SMH,333.06,339.06,330.25,333.5,332.4655,7296700
2025-10-14,IGV,113.08,114.57,111.65,113.59,113.5687,3272300
2025-10-14,XBI,104.13,106.01,103.43,105.12,104.6706,7819800
2025-10-14,GNOM,40.48,41.5,40.17,41.062,40.5002,14100
2025-10-14,ARKG,29.7,31.11,28.99,30.51,30.51,4144300
2025-10-14,KRE,61.05,63.84,60.98,63.41,61.9349,22970900
2025-10-14,XHB,103.39,107.8,103.39,107.61,106.3524,3268400
2025-10-14,XME,106.91,110.6,104.07,108.94,108.5917,4670400
2025-10-14,URA,55.15,58.53,53.03,56.96,54.3648,10409500
2025-10-14,ITA,207.67,212.24,206.27,210.75,210.2219,448500
2025-10-14,PAVE,46.63,47.99,46.495,47.71,47.3075,568400
2025-10-15,SPY,666.82,670.23,658.93,665.17,658.0703,81702600
2025-10-15,QQQ,604.01,606.7,595.93,602.22,599.4036,62805500
2025-10-15,XLK,142.73,143.29,140.4,142.15,141.4246,20937600
2025-10-15,XLF,53.43,53.76,52.86,53.24,52.4135,39526600
2025-10-15,XLV,142.02,143.25,141.36,142.56,140.2169,7260600
2025-10-15,XLY,117.71,118.495,116.38,117.345,116.3893,10836000
2025-10-15,XLC,115.11,115.97,114.5,115.4,113.9885,4103500
2025-10-15,XLI,153.79,154.65,151.26,152.6,150.8753,10338300
2025-10-15,XLP,79.08,79.72,78.96,79.23,77.1137,9111200
2025-10-15,XLE,43.46,43.705,42.84,43.16,41.9635,24267000
2025-10-15,XLU,46.055,46.59,46.055,46.45,45.1619,19087600
2025-10-15,XLB,44.74,45,44.115,44.355,43.5677,10555800
2025-10-15,XLRE,41.43,42.02,41.41,41.9,40.472,7393900
2025-10-15,SMH,342.1,343.08,335.51,341.78,340.7198,8283800
2025-10-15,IGV,114.7,114.81,112.31,113.29,113.2688,2243100
2025-10-15,XBI,105.51,108.62,105.37,108.37,107.9067,11955900
2025-10-15,GNOM,41.535,42.44,41.535,42.37,41.7903,16000
2025-10-15,ARKG,31.02,32.27,30.9,32.27,32.27,5793600
2025-10-15,KRE,63.76,63.81,61.65,61.98,60.5382,27305900
2025-10-15,XHB,108.03,109.05,107.49,107.79,106.5302,2405000
2025-10-15,XME,110.25,111.09,105.48,107.93,107.5849,4091000
2025-10-15,URA,59.6,60.51,55.59,58.11,55.4624,10108700
2025-10-15,ITA,212.09,213.13,205.71,207.68,207.1595,660600
2025-10-15,PAVE,48.03,48.269,47.33,47.78,47.3769,684400
2025-10-16,SPY,666.82,668.71,657.11,660.64,653.5887,110563300
2025-10-16,QQQ,605.11,608.31,595.5,599.99,597.1841,70982000
2025-10-16,XLK,143.175,143.81,141.285,142.255,141.5291,23166200
2025-10-16,XLF,53.09,53.12,51.54,51.76,50.9565,85420100
2025-10-16,XLV,142.85,143.64,141.96,142.32,139.9809,11194100
2025-10-16,XLY,117.435,117.765,115.335,116.21,115.2636,13036800
2025-10-16,XLC,115.62,116.13,113.53,114.17,112.7736,4682800
2025-10-16,XLI,153.05,153.31,150.84,151.6,149.8866,13796400
2025-10-16,XLP,79.43,79.75,78.48,78.68,76.5784,13600000
2025-10-16,XLE,43.235,43.365,42.35,42.64,41.458,29193800
2025-10-16,XLU,46.59,46.885,45.935,45.945,44.6709,29119000
2025-10-16,XLB,44.575,44.575,43.8,44.025,43.2436,13389600
2025-10-16,XLRE,41.99,42.15,41.73,41.77,40.3464,9443200
2025-10-16,SMH,346.17,347.09,339.81,343.3,342.2351,9047500
2025-10-16,IGV,114.52,115.03,112.21,112.8,112.7789,3690800
2025-10-16,XBI,109.69,110.96,106.99,107.91,107.4487,17515100
2025-10-16,GNOM,43.19,44.29,42.9,43.003,42.4147,20100
2025-10-16,ARKG,32.43,33.09,31.82,32.08,32.08,3996300
2025-10-16,KRE,61.4,61.44,57.55,58.14,56.7875,70671400
2025-10-16,XHB,108.04,108.24,106.15,107.05,105.7989,1356800
2025-10-16,XME,108.97,109.97,106.02,106.61,106.2691,3300900
2025-10-16,URA,59.51,59.76,55.51,55.74,53.2004,10342500
2025-10-16,ITA,208.21,209.06,205.49,206.25,205.7331,434700
2025-10-16,PAVE,47.92,48.007,47.04,47.26,46.8613,880100
2025-10-17,SPY,659.5,665.76,658.14,664.39,657.2986,96500900
2025-10-17,QQQ,597.95,605.51,596.37,603.93,601.1057,72024900
2025-10-17,XLK,141.41,142.93,140.51,142.505,141.7778,25511600
2025-10-17,XLF,51.9,52.36,51.73,52.18,51.37,52288900
2025-10-17,XLV,141.58,143.42,141.39,143.27,140.9153,8160300
2025-10-17,XLY,116.15,117.49,115.875,117.21,116.2554,11769800
2025-10-17,XLC,114.03,115.23,113.9,114.94,113.5341,4393700
2025-10-17,XLI,151.44,152.35,150.99,151.73,150.0151,10806300
2025-10-17,XLP,79.06,79.78,79.02,79.73,77.6004,13983900
2025-10-17,XLE,42.82,43.08,42.645,42.99,41.7983,24071800
2025-10-17,XLU,46.03,46.095,45.59,45.785,44.5154,21825800
2025-10-17,XLB,43.995,44.19,43.705,43.94,43.1601,12791000
2025-10-17,XLRE,41.8,42.099,41.63,42.04,40.6072,9458500
2025-10-17,SMH,341.22,344.93,338.14,342.83,341.7665,8396300
2025-10-17,IGV,111.85,113.17,111.47,112.68,112.6589,2925300
2025-10-17,XBI,107.5,108.84,106.5,107.8,107.3392,9981100
2025-10-17,GNOM,42.88,43.4,42.39,42.712,42.1277,7800
2025-10-17,ARKG,31.59,31.92,30.55,31,31,4159100
2025-10-17,KRE,58.87,59.26,58.05,59.07,57.6959,44523800
2025-10-17,XHB,106.68,107.77,106.06,107.76,106.5006,1145900
2025-10-17,XME,104.03,105.41,101.21,102.26,101.933,4291400
2025-10-17,URA,53.12,54.9,51.86,53.31,50.8811,10826900
2025-10-17,ITA,205.15,206.65,204.04,205.93,205.4139,471000
2025-10-17,PAVE,47.16,47.48,46.92,47.17,46.772,597800
2025-10-20,SPY,667.32,672.21,667.27,671.3,664.1348,60493400
2025-10-20,QQQ,607.14,612.8,607.07,611.54,608.6801,45761700
2025-10-20,XLK,143.32,144.71,143.235,144.095,143.3596,13805200
2025-10-20,XLF,52.36,52.9,52.29,52.79,51.9705,39479600
2025-10-20,XLV,143.72,144.99,143.56,144.79,142.4103,8435900
2025-10-20,XLY,117.75,118.285,117.58,118.14,117.1779,8356400
2025-10-20,XLC,115.47,116.4,115.31,116.24,114.8182,4281500
2025-10-20,XLI,152.54,153.85,152.48,153.52,151.7849,8192600
2025-10-20,XLP,79.9,80.01,79.53,79.66,77.5323,13002500
2025-10-20,XLE,43.065,43.545,43.065,43.445,42.2406,25352400
2025-10-20,XLU,46.135,46.245,45.595,45.77,44.5008,25420000
2025-10-20,XLB,44.33,44.5,44.19,44.465,43.6757,8425400
2025-10-20,XLRE,42.288,42.49,42.15,42.48,41.0322,4826100
2025-10-20,SMH,346,350.05,345.66,347.22,346.1429,6436900
2025-10-20,IGV,113.14,114.16,112.95,113.89,113.8687,3334100
2025-10-20,XBI,108.83,110.54,108.34,110.17,109.699,8697800
2025-10-20,GNOM,43.12,44.64,43.12,44.54,43.9306,8800
2025-10-20,ARKG,31.8,34.065,31.8,33.6,33.6,6690400
2025-10-20,KRE,59.68,60.69,59.28,60.54,59.1317,27836200
2025-10-20,XHB,108.44,109.17,108.03,108.6,107.3308,1532100
2025-10-20,XME,106.01,107.59,104.38,107.3,106.9569,2846600
2025-10-20,URA,54.25,54.4,51.96,53.42,50.9861,5710600
2025-10-20,ITA,207.63,210.23,207.63,209.61,209.0847,550800
2025-10-20,PAVE,47.6,48,47.585,47.92,47.5157,485100
2025-10-21,SPY,671.44,672.99,669.98,671.29,664.1249,56249000
2025-10-21,QQQ,611.64,612.72,609.32,611.38,608.5209,44538200
2025-10-21,XLK,144.005,144.685,143.475,144.17,143.4343,12503800
2025-10-21,XLF,52.66,53.13,52.66,52.73,51.9114,31213600
2025-10-21,XLV,145.05,145.63,144.34,145.13,142.7447,9031800
2025-10-21,XLY,118.365,120.035,118.3,119.585,118.6111,8674600
2025-10-21,XLC,116.6,116.93,116.03,116.65,115.2232,6804100
2025-10-21,XLI,153.82,155.65,153.72,154.88,153.1295,11589400
2025-10-21,XLP,79.8,79.85,79.07,79.29,77.1721,17471400
2025-10-21,XLE,43.565,43.665,43.125,43.345,42.1434,25885200
2025-10-21,XLU,45.815,45.87,45.085,45.305,44.0487,22107800
2025-10-21,XLB,44.135,44.455,43.995,44.295,43.5088,9335800
2025-10-21,XLRE,42.38,42.596,42.245,42.35,40.9067,6887700
2025-10-21,SMH,347.06,347.1,343.16,345.3,344.2289,4391800
2025-10-21,IGV,113.83,115.41,113.29,115.01,114.9884,3546000
2025-10-21,XBI,110.13,110.54,109.08,109.56,109.0917,6792800
2025-10-21,GNOM,44.51,44.654,44.13,44.196,43.5914,11300
2025-10-21,ARKG,33.39,33.555,32.495,32.66,32.66,3900600
2025-10-21,KRE,60.29,60.86,60.09,60.63,59.2196,15486800
2025-10-21,XHB,107.65,110.8,107.11,110.31,109.0208,2042900
2025-10-21,XME,103.28,103.28,99.72,100.31,99.9893,4566500
2025-10-21,URA,51.8,52.27,49.53,49.9,47.6265,8926000
2025-10-21,ITA,212.56,215.12,211.85,213.36,212.8253,595400
2025-10-21,PAVE,47.88,48.255,47.53,48.18,47.7735,580800
2025-10-22,SPY,672,672,663.3,667.8,660.6722,80564000
2025-10-22,QQQ,610.82,611.41,599.74,605.49,602.6584,61478800
2025-10-22,XLK,144.105,144.42,140.95,142.745,142.0166,20723200
2025-10-22,XLF,52.78,52.82,52.12,52.43,51.6161,53727500
2025-10-22,XLV,146.21,146.73,145.54,145.96,143.5611,12705300
2025-10-22,XLY,119.35,119.43,117.99,118.65,117.6837,12749600
2025-10-22,XLC,116.015,116.43,115.06,115.64,114.2256,5438900
2025-10-22,XLI,155.22,155.46,152.41,152.87,151.1423,13612300
2025-10-22,XLP,79.41,80.25,78.99,79.74,77.6101,13294700
2025-10-22,XLE,43.635,44.09,43.27,43.9,42.683,32814000
2025-10-22,XLU,45.405,45.43,44.985,45.2,43.9466,19108600
2025-10-22,XLB,44.14,44.425,43.985,44.16,43.3762,13133000
2025-10-22,XLRE,42.54,42.61,42.29,42.54,41.0902,7755300
2025-10-22,SMH,342.86,344.86,332.4,338.6,337.5497,8014200
2025-10-22,IGV,114.93,114.95,112.6,113.51,113.4887,3127900
2025-10-22,XBI,108.87,109.56,106.56,107.32,106.8612,10679200
2025-10-22,GNOM,44.08,44.08,42.6,42.963,42.3752,8700
2025-10-22,ARKG,31.9,32.04,29.94,30.57,30.57,7692400
2025-10-22,KRE,60.79,61.2,60.12,60.44,59.034,20878500
2025-10-22,XHB,109.81,110.35,107.76,107.88,106.6192,1606000
2025-10-22,XME,97.54,99.45,95.37,97.29,96.9789,6459000
2025-10-22,URA,48.42,49.61,47.15,48.94,46.7102,10410700
2025-10-22,ITA,212.83,213.81,208.75,210.54,210.0124,907100
2025-10-22,PAVE,48.29,48.42,47.042,47.18,46.782,1236700
2025-10-23,SPY,668.12,672.71,667.8,671.76,664.59,65604500
2025-10-23,QQQ,604.91,611.37,604.52,610.58,607.7246,42844300
2025-10-23,XLK,142.185,144.775,142.185,144.545,143.8074,11923400
2025-10-23,XLF,52.59,52.68,52.29,52.54,51.7244,29483700
2025-10-23,XLV,145.52,146.51,145.37,146.04,143.6397,7924900
2025-10-23,XLY,117.665,119.335,117.275,119.185,118.2143,11286800
2025-10-23,XLC,116.02,116.03,115.24,115.25,113.8403,3607200
2025-10-23,XLI,153.2,155.01,153.2,154.78,153.0307,8035200
2025-10-23,XLP,79.83,79.86,79.01,79.35,77.2305,10809500
2025-10-23,XLE,44.685,44.78,44.215,44.485,43.2518,47308800
2025-10-23,XLU,45.495,45.52,44.915,45.165,43.9126,16134000
2025-10-23,XLB,44.48,44.805,44.37,44.69,43.8967,10682600
2025-10-23,XLRE,42.59,42.72,42.105,42.5,41.0516,9446300
2025-10-23,SMH,337.05,345.91,336.73,344.8,343.7304,6422600
2025-10-23,IGV,113.31,114.87,113.31,114.79,114.7685,1860900
2025-10-23,XBI,107.38,107.89,106.5,107.56,107.1002,6341400
2025-10-23,GNOM,42.84,43.5,42.779,43.385,42.7914,5000
2025-10-23,ARKG,30.73,31.49,30.49,31.38,31.38,2681300
2025-10-23,KRE,60.43,60.71,59.75,60.18,58.7801,18256000
2025-10-23,XHB,108,109.18,107.31,108.86,107.5877,1954500
2025-10-23,XME,98.54,100.03,97.96,98.81,98.494,2196800
2025-10-23,URA,49.31,50.25,48.4,49.94,47.6646,5705900
2025-10-23,ITA,210.98,215.72,210.67,215.72,215.1794,596600
2025-10-23,PAVE,47.29,47.995,47.16,47.93,47.5256,1613500
2025-10-24,SPY,676.46,678.47,675.65,677.25,670.0214,74356500
2025-10-24,QQQ,615.99,618.42,615.13,617.1,614.2141,47632500
2025-10-24,XLK,146.25,147.285,146.035,146.79,146.0409,14359600
2025-10-24,XLF,52.85,53.28,52.81,53.11,52.2855,31947800
2025-10-24,XLV,146.29,146.76,145.88,146.03,143.6299,7007400
2025-10-24,XLY,119.63,119.915,118.71,118.83,117.8622,6481600
2025-10-24,XLC,115.92,116.32,115.5,115.55,114.1367,4758000
2025-10-24,XLI,156,156.04,154.84,154.91,153.1592,7502400
2025-10-24,XLP,79.88,79.9,79.06,79.09,76.9775,12735500
2025-10-24,XLE,44.685,44.7,44.005,44.035,42.8143,21191000
2025-10-24,XLU,45.425,45.92,45.38,45.695,44.4279,21737600
2025-10-24,XLB,44.625,44.795,44.465,44.505,43.715,13450400
2025-10-24,XLRE,42.72,42.88,42.64,42.65,41.1964,7820300
2025-10-24,SMH,350.58,352.94,349.82,351.14,350.0508,5649300
2025-10-24,IGV,116.04,116.77,115.76,116,115.9783,2045100
2025-10-24,XBI,108.75,108.94,108.06,108.39,107.9267,5692700
2025-10-24,GNOM,43.86,43.994,43.66,43.705,43.1071,4800
2025-10-24,ARKG,32.03,32.09,31.67,31.88,31.88,2833300
2025-10-24,KRE,60.88,61.63,60.79,61.22,59.7959,17352800
2025-10-24,XHB,110.53,110.57,108.79,108.82,107.5482,2760800
2025-10-24,XME,98.88,101,98.81,99.82,99.5008,1785900
2025-10-24,URA,51.04,51.93,50.43,51.5,49.1536,7204700
2025-10-24,ITA,217.89,218.19,216,216.86,216.3166,666700
2025-10-24,PAVE,48.44,48.6,48.325,48.33,47.9223,787300
2025-10-27,SPY,682.73,685.54,682.12,685.24,677.926,63339800
2025-10-27,QQQ,624.52,628.55,624.03,628.09,625.1527,54098600
2025-10-27,XLK,148.85,149.63,148.61,149.5,148.7371,15167000
2025-10-27,XLF,53.37,53.43,53.2,53.33,52.5021,27154100
2025-10-27,XLV,146.09,146.45,145.22,146.37,143.9643,6466700
2025-10-27,XLY,120.07,120.975,119.81,120.54,119.5583,7407800
2025-10-27,XLC,116.37,117.235,116.25,117.16,115.727,5252300
2025-10-27,XLI,155.97,156.05,155.09,155.79,154.0292,5828900
2025-10-27,XLP,79.3,79.33,78.87,79.22,77.104,13984700
2025-10-27,XLE,44.175,44.32,43.945,44.14,42.9164,19597200
2025-10-27,XLU,45.695,45.865,45.26,45.82,44.5494,16042800
2025-10-27,XLB,44.485,44.69,44.295,44.485,43.6954,11936600
2025-10-27,XLRE,42.67,42.776,42.45,42.74,41.2834,6851400
2025-10-27,SMH,357.67,360.6,356.21,359.94,358.8235,6663400
2025-10-27,IGV,117.75,117.75,116.77,117.08,117.0581,2454800
2025-10-27,XBI,110.01,111.84,109.89,111.59,111.113,13303700
2025-10-27,GNOM,44.32,44.79,44.03,44.54,43.9306,9400
2025-10-27,ARKG,31.34,31.558,30.5,31.16,31.16,5028300
2025-10-27,KRE,61.69,61.95,60.99,61.17,59.747,14032900
2025-10-27,XHB,109.3,110,108.54,108.94,107.6668,1467400
2025-10-27,XME,98.5,98.78,96.19,97.75,97.4374,2889800
2025-10-27,URA,52.31,52.31,49.47,50.76,48.4473,6155900
2025-10-27,ITA,218.58,218.94,217.23,218.9,218.3514,560200
2025-10-27,PAVE,48.8,48.8,48.26,48.48,48.071,745400
2025-10-28,SPY,687.05,688.91,684.83,687.06,679.7266,61738100
2025-10-28,QQQ,630.36,634.68,629.25,632.92,629.9601,61195700
2025-10-28,XLK,150.225,151.57,149.71,150.98,150.2095,15055200
2025-10-28,XLF,53.33,53.4,52.94,52.99,52.1674,33648000
2025-10-28,XLV,146.41,146.54,145.19,145.45,143.0594,8652700
2025-10-28,XLY,120.36,121.455,119.94,120.57,119.5881,8999400
2025-10-28,XLC,117.19,117.24,116.565,116.58,115.1541,4920400
2025-10-28,XLI,155.9,156.29,154.66,154.68,152.9318,9022200
2025-10-28,XLP,78.91,79,78.41,78.43,76.3351,8927500
2025-10-28,XLE,43.975,44.115,43.655,43.68,42.4691,22474600
2025-10-28,XLU,45.985,45.985,45.01,45.065,43.8153,20661400
2025-10-28,XLB,44.455,44.77,44.38,44.545,43.7543,13049400
2025-10-28,XLRE,42.535,42.61,41.77,41.79,40.3658,17438000
2025-10-28,SMH,359.61,364.67,358.46,363.11,361.9836,5086000
2025-10-28,IGV,117.44,117.76,116.65,116.72,116.6981,2247900
2025-10-28,XBI,111.45,112.43,110.82,112,111.5212,9438100
2025-10-28,GNOM,44.44,44.44,43.87,44.34,43.7334,5100
2025-10-28,ARKG,31.14,31.15,30.34,30.45,30.45,2738400
2025-10-28,KRE,61.15,61.33,60.51,60.92,59.5028,12148600
2025-10-28,XHB,107.36,109.47,106.85,108.28,107.0145,2516500
2025-10-28,XME,97.15,99.31,96.54,98.3,97.9857,1641700
2025-10-28,URA,53.65,56.11,52.93,55.02,52.5132,11733100
2025-10-28,ITA,219.1,220.79,217.51,217.54,216.9948,475400
2025-10-28,PAVE,48.5,48.71,48.22,48.3,47.8925,3486700
2025-10-29,SPY,688.72,689.7,682.87,687.39,680.0532,85657100
2025-10-29,QQQ,635.59,637.01,630.25,635.77,632.7968,67422800
2025-10-29,XLK,152.35,152.995,150.935,152.065,151.289,21506200
2025-10-29,XLF,52.45,52.58,51.87,52.09,51.2813,61846300
2025-10-29,XLV,145.22,145.45,143.57,143.98,141.6136,12425600
2025-10-29,XLY,120.595,120.615,118.89,119.575,118.6012,11064000
2025-10-29,XLC,116.605,116.758,115.695,116.29,114.8676,6986800
2025-10-29,XLI,154.8,156.27,154.35,155.08,153.3273,16439600
2025-10-29,XLP,77.89,77.9,76.49,76.58,74.5345,19894100
2025-10-29,XLE,43.73,44.23,43.64,44.005,42.7851,26807800
2025-10-29,XLU,45.06,45.355,44.865,45.05,43.8007,24271800
2025-10-29,XLB,44.375,44.51,43.59,43.67,42.8948,20990000
2025-10-29,XLRE,41.35,41.52,40.53,40.65,39.2646,13140800
2025-10-29,SMH,369.08,372.78,365.82,368.61,367.4666,8102600
2025-10-29,IGV,116.15,116.22,114.5,115.22,115.1984,5760200
2025-10-29,XBI,111.92,112.61,110.22,110.96,110.4857,8714900
2025-10-29,GNOM,44.35,44.56,43.6,43.77,43.1712,10100
2025-10-29,ARKG,30.47,30.85,29.62,29.97,29.97,3658600
2025-10-29,KRE,60.57,61.35,59.44,59.81,58.4187,24234100
2025-10-29,XHB,107.49,108.49,104.65,105.26,104.0298,4839800
2025-10-29,XME,99.03,99.87,97.43,98.15,97.8362,3767900
2025-10-29,URA,55.43,58.04,54.78,56.47,53.8971,6867800
2025-10-29,ITA,217.52,218.72,215.83,217.45,216.9051,601900
2025-10-29,PAVE,48.45,49.08,48.24,48.56,48.1503,1402200
2025-10-30,SPY,683.9,685.94,679.83,679.83,672.5739,76335800
2025-10-30,QQQ,632.17,633.5,625.94,626.05,623.1222,61628600
2025-10-30,XLK,151.2,151.98,150.145,150.195,149.4285,19218600
2025-10-30,XLF,52.02,52.82,52.02,52.23,51.4192,48568700
2025-10-30,XLV,143.96,145.45,143.77,144.3,141.9283,10756100
2025-10-30,XLY,117.735,118.655,116.86,116.875,115.9232,11853400
2025-10-30,XLC,114.885,115.885,113.97,114.32,112.9217,8434500
2025-10-30,XLI,154.49,156.99,154.31,154.69,152.9417,11840000
2025-10-30,XLP,76.61,76.95,76.47,76.5,74.4567,17364800
2025-10-30,XLE,43.99,44.31,43.685,43.745,42.5323,20663400
2025-10-30,XLU,45,45.425,44.845,44.86,43.616,18870800
2025-10-30,XLB,43.375,43.52,43.06,43.085,42.3202,20798600
2025-10-30,XLRE,40.675,41.14,40.58,40.88,39.4868,14353400
2025-10-30,SMH,367.43,369.86,363.55,363.73,362.6017,6932700
2025-10-30,IGV,114.17,115.74,113.75,113.97,113.9486,4082700
2025-10-30,XBI,110.59,113.21,110.23,111.91,111.4316,9328800
2025-10-30,GNOM,44.4,44.96,44.25,44.46,43.8517,11200
2025-10-30,ARKG,29.84,30.639,29.72,29.79,29.79,3758500
2025-10-30,KRE,59.68,60.75,59.6,59.86,58.4675,18999100
2025-10-30,XHB,104.75,107.07,104.52,104.53,103.3083,4763000
2025-10-30,XME,96.29,97.52,94.62,96.42,96.1117,3786900
2025-10-30,URA,55.52,56.8,54.56,56.19,53.6299,4906500
2025-10-30,ITA,216.17,218.99,215.02,215.31,214.7704,504200
2025-10-30,PAVE,48.1,48.88,47.96,48.03,47.6248,1026800
2025-10-31,SPY,685.04,685.08,679.24,682.06,674.78,87164100
2025-10-31,QQQ,634.17,634.2,626.69,629.07,626.1281,66305100
2025-10-31,XLK,151.71,151.82,149.47,150.34,149.5728,16303800
2025-10-31,XLF,52.01,52.5,51.94,52.37,51.557,40425800
2025-10-31,XLV,143.02,144.49,142.7,144.25,141.8792,10581100
2025-10-31,XLY,120.185,120.635,119.195,119.965,118.988,13414400
2025-10-31,XLC,114.51,115.085,114.06,114.81,113.4057,5249700
2025-10-31,XLI,154.5,155.63,154.29,155.06,153.3075,10414800
2025-10-31,XLP,76.19,76.49,75.81,76.28,74.2425,14658200
2025-10-31,XLE,43.85,44.315,43.66,44.065,42.8435,26985400
2025-10-31,XLU,44.66,44.79,44.315,44.55,43.3146,18434000
2025-10-31,XLB,42.855,43.05,42.52,42.835,42.0747,17528800
2025-10-31,XLRE,40.58,41.059,40.49,40.9,39.5061,9788100
2025-10-31,SMH,366.88,368.43,360.5,363.02,361.8939,4917900
2025-10-31,IGV,114.66,115.85,114.5,115.51,115.4883,3249000
2025-10-31,XBI,111.86,113.01,110.84,112.71,112.2282,11962400
2025-10-31,GNOM,44.45,45.47,44.45,45.435,44.8134,14900
2025-10-31,ARKG,30.16,31.31,29.92,31.13,31.13,4283700
2025-10-31,KRE,59.5,60.08,58.93,60,58.6043,16574700
2025-10-31,XHB,104.95,105.5,104.23,105.03,103.8025,1425800
2025-10-31,XME,96.63,97.35,95.71,96.59,96.2811,2615200
2025-10-31,URA,56.5,56.61,54.27,55.12,52.6086,3744300
2025-10-31,ITA,215.57,216.53,213.96,215.79,215.2492,450200
2025-10-31,PAVE,48.03,48.49,47.935,48.26,47.8528,1088000
2025-11-03,SPY,685.67,685.8,679.94,683.34,676.0463,57315000
2025-11-03,QQQ,635.11,635.82,629.85,632.08,629.124,37154300
2025-11-03,XLK,151.78,152.11,150.13,150.955,150.1846,13983600
2025-11-03,XLF,52.33,52.34,51.65,52.15,51.3404,38693200
2025-11-03,XLV,144.07,144.56,142.83,144.45,142.0759,12279300
2025-11-03,XLY,121.205,121.495,120.76,121.09,120.1038,10730800
2025-11-03,XLC,114.89,114.89,112.89,113.59,112.2006,6410400
2025-11-03,XLI,155.05,155.05,153.25,154.4,152.655,9797400
2025-11-03,XLP,76.12,76.18,75.46,75.68,73.6586,16185500
2025-11-03,XLE,44.075,44.19,43.565,44.07,42.8483,22232000
2025-11-03,XLU,44.515,44.7,44.055,44.575,43.3389,22339600
2025-11-03,XLB,42.79,42.84,42.145,42.57,41.8144,24127400
2025-11-03,XLRE,40.48,40.87,40.28,40.83,39.4385,10847400
2025-11-03,SMH,367.69,369.47,364.69,366.1,364.9644,4470500
2025-11-03,IGV,116.04,116.32,113.96,115.7,115.6783,3228500
2025-11-03,XBI,110.98,111.93,107.89,109.86,109.3904,15230300
2025-11-03,GNOM,44.36,44.699,43.1,43.884,43.2836,29400
2025-11-03,ARKG,31.13,31.18,29.77,30.66,30.66,3216900
2025-11-03,KRE,59.77,60.14,58.97,60.14,58.741,12230100
2025-11-03,XHB,104.66,104.66,102.79,103.47,102.2607,1540600
2025-11-03,XME,95.75,96.06,93.72,94.73,94.4271,3084300
2025-11-03,URA,54.69,54.86,52.45,52.58,50.1844,5524600
2025-11-03,ITA,215.9,216.32,213.22,214.98,214.4413,356300
2025-11-03,PAVE,48.27,48.27,47.77,48.12,47.714,718900
2025-11-04,SPY,676.11,679.96,674.58,675.24,668.0328,78427000
2025-11-04,QQQ,623.28,626.95,618.46,619.25,616.3541,63830800
2025-11-04,XLK,148.225,149.2,146.725,146.97,146.22,16722600
2025-11-04,XLF,51.95,52.54,51.84,52.42,51.6062,44675200
2025-11-04,XLV,143.77,145.49,143.49,145.1,142.7152,14182200
2025-11-04,XLY,119.55,120.445,118.915,119.08,118.1102,9312600
2025-11-04,XLC,112.52,113.4,112.485,112.81,111.4302,5198200
2025-11-04,XLI,152.76,153,151.81,152.61,150.8852,13391600
2025-11-04,XLP,76,76.2,75.55,75.99,73.9603,18147000
2025-11-04,XLE,43.53,43.715,43.185,43.595,42.3865,29477600
2025-11-04,XLU,44.555,44.59,44.225,44.415,43.1834,17156200
2025-11-04,XLB,42.265,42.54,42.035,42.36,41.6081,22164800
2025-11-04,XLRE,40.93,41.005,40.74,40.94,39.5447,8413000
2025-11-04,SMH,357.98,361.79,351.8,352.76,351.6658,8269000
2025-11-04,IGV,113.4,113.94,111.61,112,111.979,3630800
2025-11-04,XBI,108.33,110.19,108,108.04,107.5781,13665400
2025-11-04,GNOM,42.91,43.445,42.62,42.675,42.0912,5500
2025-11-04,ARKG,29.8,30.52,29.485,29.5,29.5,4052200
2025-11-04,KRE,59.66,60.05,59.12,59.82,58.4284,13954900
2025-11-04,XHB,102.83,103.8,102.12,103.47,102.2607,1791600
2025-11-04,XME,91.33,92.26,89.94,90.08,89.792,4739900
2025-11-04,URA,50.5,51.44,49.7,49.73,47.4642,6739100
2025-11-04,ITA,212.38,213.81,210.76,211.76,211.2293,522100
2025-11-04,PAVE,47.61,47.81,47.253,47.63,47.2282,911000
2025-11-05,SPY,674.98,680.86,674.17,677.58,670.3478,74402400
2025-11-05,QQQ,618.49,626.6,617.21,623.28,620.3652,48688500
2025-11-05,XLK,146.71,148.74,146.485,147.545,146.7921,14447000
2025-11-05,XLF,52.49,52.82,52.18,52.6,51.7834,38036300
2025-11-05,XLV,144.63,146.26,144.38,145.66,143.266,13154600
2025-11-05,XLY,119.565,120.715,118.645,120.53,119.5484,11716200
2025-11-05,XLC,112.76,113.91,112.485,113.42,112.0327,6273900
2025-11-05,XLI,152.21,154.04,152.03,153.2,151.4685,11121900
2025-11-05,XLP,75.9,76.21,75.51,75.94,73.9116,15782900
2025-11-05,XLE,43.6,44.195,43.545,43.71,42.4983,23857200
2025-11-05,XLU,44.405,44.635,44.22,44.425,43.1931,16858200
2025-11-05,XLB,42.605,42.82,42.48,42.61,41.8537,18828400
2025-11-05,XLRE,41.06,41.12,40.705,40.93,39.5351,6925600
2025-11-05,SMH,353.1,364.28,352.72,359.5,358.3849,8605400
2025-11-05,IGV,111.92,112.16,111.08,111.75,111.729,6207600
2025-11-05,XBI,107.59,109.85,107.32,109.21,108.7431,9127700
2025-11-05,GNOM,42.33,43.26,42.26,43.15,42.5597,6500
2025-11-05,ARKG,29.46,30.02,28.79,29.74,29.74,7636400
2025-11-05,KRE,59.91,61.07,59.66,60.56,59.1512,18169000
2025-11-05,XHB,103.91,105.39,103.18,104.17,102.9525,2566000
2025-11-05,XME,90.68,91.54,89.8,90.84,90.5495,2134700
2025-11-05,URA,50.03,50.79,49.37,50.04,47.7601,6458700
2025-11-05,ITA,209.14,210.95,208.46,209.47,208.9451,745400
2025-11-05,PAVE,47.53,48.185,47.355,47.9,47.4959,1215300
2025-11-06,SPY,676.47,677.38,668.72,670.31,663.1554,85035300
2025-11-06,QQQ,621.79,622.04,610.3,611.67,608.8094,72115100
2025-11-06,XLK,147.31,147.47,143.835,144.58,143.8422,24797400
2025-11-06,XLF,52.51,52.7,52.17,52.41,51.5964,42625700
2025-11-06,XLV,145.14,146.11,144.94,145.94,143.5414,14395800
2025-11-06,XLY,119.875,120.035,117.13,117.745,116.7861,14726000
2025-11-06,XLC,113.3,113.67,112.3,112.4,111.0252,6265900
2025-11-06,XLI,153.25,153.77,152.21,152.59,150.8654,11735400
2025-11-06,XLP,75.7,75.93,75.16,75.6,73.5807,15452200
2025-11-06,XLE,43.775,44.55,43.775,44.135,42.9115,32154800
2025-11-06,XLU,44.345,44.68,44.21,44.23,43.0035,23668200
2025-11-06,XLB,42.715,42.925,42.37,42.4,41.6474,22407400
2025-11-06,XLRE,40.87,41.045,40.7,40.73,39.3419,8171900
2025-11-06,SMH,359.59,360.15,348.71,351.09,350.0009,9600500
2025-11-06,IGV,111.5,111.59,108.5,109.31,109.2895,7338400
2025-11-06,XBI,109.27,110.08,108.67,109.29,108.8228,11352600
2025-11-06,GNOM,43.21,43.21,42.298,42.838,42.2519,4700
2025-11-06,ARKG,29.5,29.52,28.08,28.36,28.36,7394700
2025-11-06,KRE,60.37,60.8,59.82,60.16,58.7605,15677900
2025-11-06,XHB,104.92,105.25,104.08,104.53,103.3083,1949600
2025-11-06,XME,91.49,93.72,91,91.1,90.8087,2232800
2025-11-06,URA,49.36,49.8,46.88,47.14,44.9922,8395000
2025-11-06,ITA,209,209.9,207.39,207.57,207.0499,375400
2025-11-06,PAVE,48.14,48.24,47.495,47.66,47.2579,1066200
2025-11-07,SPY,667.91,671.08,661.21,670.97,663.8083,100592400
2025-11-07,QQQ,608.31,609.95,598.67,609.74,606.8885,81835400
2025-11-07,XLK,143.345,144.115,140.8,144.08,143.3447,25547000
2025-11-07,XLF,52.28,52.8,52.09,52.78,51.9606,46218700
2025-11-07,XLV,145.84,146.15,144.72,146.14,143.7381,14522900
2025-11-07,XLY,117.5,118.31,116.425,117.93,116.9696,11502000
2025-11-07,XLC,111.85,112.16,110.835,112.11,110.7388,7460400
2025-11-07,XLI,152.03,153.55,151.14,153.33,151.5971,13518600
2025-11-07,XLP,76.13,76.85,75.88,76.71,74.661,16959500
2025-11-07,XLE,44.29,44.875,44.17,44.77,43.5289,35458400
2025-11-07,XLU,44.05,44.855,44.05,44.845,43.6014,24337600
2025-11-07,XLB,42.51,42.995,42.355,42.91,42.1483,17975200
2025-11-07,XLRE,40.92,41.29,40.8,41.27,39.8635,7674200
2025-11-07,SMH,346.54,348.18,336.68,348.12,347.0402,14723200
2025-11-07,IGV,108.02,109.54,106.88,109.48,109.4595,7537900
2025-11-07,XBI,108.34,108.97,106.3,108.96,108.4942,15136300
2025-11-07,GNOM,42.34,42.587,41.6,42.587,42.0044,12800
2025-11-07,ARKG,27.7,28.03,26.935,28.03,28.03,4511300
2025-11-07,KRE,59.96,61.04,59.7,61.01,59.5908,17479800
2025-11-07,XHB,104.13,105.68,104.1,105.56,104.3263,1281200
2025-11-07,XME,89.84,93.74,89.64,93.56,93.2608,2832600
2025-11-07,URA,45,47.85,44.44,47.82,45.6412,9283000
2025-11-07,ITA,206.09,210.92,204.11,209.04,208.5161,844700
2025-11-07,PAVE,47.38,47.84,47.045,47.76,47.3571,1257600
2025-11-10,SPY,677.24,682.18,675.03,681.44,674.1666,75842900
2025-11-10,QQQ,618.92,624.31,616.89,623.23,620.3154,55919900
2025-11-10,XLK,146.655,148.045,145.895,147.765,147.0109,18286400
2025-11-10,XLF,52.93,53.15,52.65,52.97,52.1477,42010600
2025-11-10,XLV,145.79,147.43,145.72,147.28,144.8593,12305900
2025-11-10,XLY,119.095,119.67,118.615,119.48,118.507,10434800
2025-11-10,XLC,112.85,113.52,112.415,113.28,111.8944,4724100
2025-11-10,XLI,154,154.63,152.53,154.2,152.4572,10900400
2025-11-10,XLP,76.48,76.61,75.93,76.43,74.3885,16805900
2025-11-10,XLE,44.885,45.28,44.305,45.175,43.9227,31264600
2025-11-10,XLU,44.975,45.18,44.445,44.83,43.5868,17947200
2025-11-10,XLB,43.195,43.41,42.835,43.315,42.5462,15233400
2025-11-10,XLRE,41.19,41.405,40.95,41.24,39.8345,6823600
2025-11-10,SMH,357.55,360,353.95,358.79,357.6771,9180700
2025-11-10,IGV,110.7,111.94,110.37,111.78,111.759,6825300
2025-11-10,XBI,110.28,111.04,109.28,110.09,109.6194,11453400
2025-11-10,GNOM,43.32,43.42,42.67,43.066,42.4768,14000
2025-11-10,ARKG,28.88,29.335,28.43,28.51,28.51,3334100
2025-11-10,KRE,61.29,61.71,60.78,61.33,59.9033,12277400
2025-11-10,XHB,105.88,106.14,104.46,105.74,104.5042,1148200
2025-11-10,XME,95.81,96.02,94.35,95.24,94.9355,3045100
2025-11-10,URA,49.84,50.14,47.9,48.9,46.672,5641400
2025-11-10,ITA,210.69,211.59,208.95,210.97,210.4413,399600
2025-11-10,PAVE,48.13,48.305,47.6,48.13,47.7239,1025200
2025-11-11,SPY,679.95,683.57,678.73,683,675.71,58953400
2025-11-11,QQQ,620.57,622.72,617.52,621.57,618.6632,44868800
2025-11-11,XLK,146.79,147.055,145.53,146.505,145.7574,14871600
2025-11-11,XLF,53.07,53.34,52.88,53.21,52.384,29995800
2025-11-11,XLV,147.6,150.82,147.6,150.68,148.2035,12659500
2025-11-11,XLY,119.275,119.885,118.97,119.775,118.7996,12775400
2025-11-11,XLC,113.23,114.265,113.22,114.2,112.8032,3841900
2025-11-11,XLI,154.21,154.69,153.35,154.24,152.4968,8652400
2025-11-11,XLP,76.67,77.54,76.61,77.43,75.3618,19801200
2025-11-11,XLE,45.445,46.085,45.41,45.765,44.4963,38752800
2025-11-11,XLU,44.85,45.03,44.605,44.855,43.6112,14435400
2025-11-11,XLB,43.495,43.855,43.395,43.765,42.9882,11641400
2025-11-11,XLRE,41.32,41.715,41.31,41.7,40.2788,5743700
2025-11-11,SMH,355.25,356.04,349.74,351.05,349.9611,7661200
2025-11-11,IGV,111.03,111.48,110.29,111.03,111.0092,6646700
2025-11-11,XBI,109.88,114.15,109.53,114.01,113.5226,13743200
2025-11-11,GNOM,43.37,44.1,43.29,44.1,43.4967,6600
2025-11-11,ARKG,28.375,28.968,28.23,28.81,28.81,1871100
2025-11-11,KRE,61.39,61.84,60.95,61.45,60.0205,9358200
2025-11-11,XHB,106.07,106.71,105.53,106.15,104.9094,897000
2025-11-11,XME,94.96,95.49,92.9,93.98,93.6795,1801700
2025-11-11,URA,48.11,48.11,46.82,47.44,45.2785,4048900
2025-11-11,ITA,211.35,211.35,209.28,210.51,209.9825,375000
2025-11-11,PAVE,48.15,48.15,47.77,47.92,47.5157,602400
2025-11-12,SPY,684.79,684.96,680.95,683.38,676.086,62312500
2025-11-12,QQQ,624.84,624.86,617.81,621.08,618.1755,47444400
2025-11-12,XLK,147.73,147.73,146.075,146.96,146.2101,13179200
2025-11-12,XLF,53.22,53.89,53.22,53.67,52.8368,46052700
2025-11-12,XLV,150.99,153.16,150.72,152.82,150.3083,17847500
2025-11-12,XLY,120.125,120.255,118.665,118.97,118.0011,9314200
2025-11-12,XLC,114.28,114.29,113.23,113.54,112.1513,4563800
2025-11-12,XLI,154.52,155.54,154.29,154.39,152.6451,9583300
2025-11-12,XLP,77.49,77.73,77.3,77.32,75.2548,10978200
2025-11-12,XLE,45.455,45.665,45.06,45.125,43.8741,29863200
2025-11-12,XLU,44.885,45,44.71,44.96,43.7132,15018400
2025-11-12,XLB,43.9,44.335,43.86,44.075,43.2927,13923800
2025-11-12,XLRE,41.48,41.645,41.365,41.37,39.9601,5801500
2025-11-12,SMH,356.2,357.48,352.94,355.53,354.4272,5870700
2025-11-12,IGV,111.5,111.53,109.25,109.85,109.8294,5185200
2025-11-12,XBI,113.71,114.96,113.38,114.11,113.6222,12302600
2025-11-12,GNOM,44.3,44.53,43.82,44.067,43.4641,6200
2025-11-12,ARKG,28.86,29.12,28.21,28.3,28.3,3042000
2025-11-12,KRE,61.54,62.45,61.5,61.53,60.0987,10978200
2025-11-12,XHB,106.34,107.38,105.92,106,104.7612,1039700
2025-11-12,XME,94.83,97.4,94.68,96.38,96.0718,1863600
2025-11-12,URA,47.82,48.62,46.97,47.64,45.4694,3571300
2025-11-12,ITA,211.18,211.5,208.66,209.64,209.1146,453000
2025-11-12,PAVE,48.02,48.51,47.985,48.18,47.7735,909600
2025-11-13,SPY,680.5,680.86,670.52,672.04,664.867,103457800
2025-11-13,QQQ,617.54,618.12,606.08,608.4,605.5548,71333600
2025-11-13,XLK,146.14,146.34,142.515,143.295,142.5638,22385800
2025-11-13,XLF,53.57,53.76,52.88,52.98,52.1575,50455300
2025-11-13,XLV,152.04,154.52,151.86,152.74,150.2296,21807600
2025-11-13,XLY,118.47,118.855,115.79,116,115.0553,15268400
2025-11-13,XLC,112.77,112.98,111.775,111.93,110.561,6354300
2025-11-13,XLI,154.32,154.83,151.68,152,150.2821,15475400
2025-11-13,XLP,77.33,77.79,77.12,77.32,75.2548,15370800
2025-11-13,XLE,45.27,45.65,45.04,45.24,43.9859,32243800
2025-11-13,XLU,44.845,44.845,44.305,44.34,43.1104,20675400
2025-11-13,XLB,44.085,44.22,43.75,43.785,43.0078,17940400
2025-11-13,XLRE,41.18,41.32,40.775,40.83,39.4385,8032500
2025-11-13,SMH,351.63,352.88,341.25,344.82,343.7504,10654800
2025-11-13,IGV,109.11,109.24,106.52,106.84,106.82,6434000
2025-11-13,XBI,113.23,114.36,111.87,111.91,111.4316,14770400
2025-11-13,GNOM,43.83,43.95,43.02,43.149,42.5587,6200
2025-11-13,ARKG,27.93,27.96,26.97,27.04,27.04,4065600
2025-11-13,KRE,61.28,61.84,60.56,60.79,59.3759,14219900
2025-11-13,XHB,105.59,106.73,103.98,104.12,102.9031,1084000
2025-11-13,XME,95.99,96.17,91.84,92.41,92.1145,2366000
2025-11-13,URA,47.19,47.61,45.02,45.34,43.2742,5815200
2025-11-13,ITA,209.57,210.09,204.55,205.04,204.5262,611900
2025-11-13,PAVE,48.175,48.3,46.98,47.11,46.7125,899200
2025-11-14,SPY,665.38,675.66,663.27,671.93,664.7581,96846700
2025-11-14,QQQ,599.55,613.35,597.17,608.86,606.0126,80087300
2025-11-14,XLK,140.65,145.38,140.145,144.075,143.3398,27429600
2025-11-14,XLF,52.81,52.81,52.27,52.45,51.6358,46154600
2025-11-14,XLV,152.22,152.92,151.19,151.83,149.3346,15468900
2025-11-14,XLY,114.675,116.51,114.295,115.445,114.5048,14662200
2025-11-14,XLC,111.29,111.81,110.82,111.33,109.9683,4859800
2025-11-14,XLI,151.15,152.88,150.79,152.01,150.292,13433100
2025-11-14,XLP,77.35,77.61,76.79,77.26,75.1964,13138200
2025-11-14,XLE,45.48,46.11,44.91,46.01,44.7345,34179400
2025-11-14,XLU,44.215,44.72,44.11,44.38,43.1493,20168200
2025-11-14,XLB,43.475,43.73,43.32,43.385,42.6149,12830000
2025-11-14,XLRE,41.01,41.03,40.71,40.95,39.5544,6434600
2025-11-14,SMH,335.24,348.91,333.75,344.98,343.9099,12271200
2025-11-14,IGV,105.16,108.57,104.75,107.44,107.4199,6437900
2025-11-14,XBI,111.18,115.36,111.11,114.01,113.5226,14433900
2025-11-14,GNOM,42.31,43.61,42.25,43.2,42.609,7100
2025-11-14,ARKG,26.155,27.28,26.04,26.89,26.89,5947800
2025-11-14,KRE,60.38,61.03,60,60.92,59.5028,13284800
2025-11-14,XHB,103.45,104.59,103.07,103.32,102.1125,1228300
2025-11-14,XME,89.09,93.08,89.04,91.84,91.5463,2069500
2025-11-14,URA,43.27,45.67,42.95,44.75,42.7111,6922700
2025-11-14,ITA,203.05,206.82,201.8,205.94,205.4239,475000
2025-11-14,PAVE,46.63,47.365,46.57,46.99,46.5936,1072700
2025-11-17,SPY,669.7,673.71,662.17,665.67,658.5649,90456100
2025-11-17,QQQ,606.3,612.48,599.87,603.66,600.8369,63850400
2025-11-17,XLK,142.725,144.285,140.675,141.82,141.0963,24675400
2025-11-17,XLF,52.47,52.49,51.25,51.45,50.6513,70048500
2025-11-17,XLV,151.34,153.32,151.14,151.7,149.2067,17516500
2025-11-17,XLY,114.845,116.145,113.71,114.36,113.4286,20233600
2025-11-17,XLC,111.995,112.63,110.605,111.18,109.8201,4582300
2025-11-17,XLI,152.01,152.29,149.88,150.52,148.8188,15294100
2025-11-17,XLP,77.28,77.6,76.72,76.77,74.7194,13887100
2025-11-17,XLE,45.955,45.97,44.99,45.17,43.9178,37447400
2025-11-17,XLU,44.465,44.93,44.42,44.78,43.5382,24201400
2025-11-17,XLB,43.28,43.4,42.665,42.725,41.9666,14150800
2025-11-17,XLRE,41.1,41.11,40.56,40.68,39.2936,5861900
2025-11-17,SMH,341.94,348.34,337.05,340.3,339.2444,6921300
2025-11-17,IGV,106.84,107.43,104.71,105.49,105.4702,4256500
2025-11-17,XBI,113.51,116.18,113.06,114.83,114.3391,12401800
2025-11-17,GNOM,43.21,43.65,42.73,43.175,42.5843,16500
2025-11-17,ARKG,26.75,27.29,26.48,26.87,26.87,3703100
2025-11-17,KRE,60.77,60.88,58.44,58.63,57.2661,17610200
2025-11-17,XHB,103.06,103.06,100.34,100.46,99.2859,1444400
2025-11-17,XME,90.6,92.17,89.38,90.12,89.8318,2196400
2025-11-17,URA,44,44.87,43.14,43.72,41.728,4260100
2025-11-17,ITA,205.8,206.73,202.58,203.81,203.2993,371700
2025-11-17,PAVE,46.98,47.1,46.12,46.28,45.8895,761000
2025-11-18,SPY,662.1,665.12,655.86,660.08,653.0346,114467500
2025-11-18,QQQ,599.62,602.31,591.34,596.31,593.5214,83327300
2025-11-18,XLK,140.595,141.32,138.235,139.515,138.803,36747600
2025-11-18,XLF,51.28,51.75,51.15,51.37,50.5725,66043600
2025-11-18,XLV,151.75,153.13,151.15,152.59,150.0821,24494200
2025-11-18,XLY,113.025,113.62,112.075,112.25,111.3358,27057400
2025-11-18,XLC,111.15,112.47,110.17,111.81,110.4424,8726100
2025-11-18,XLI,149.86,150.76,149.1,149.85,148.1564,19820200
2025-11-18,XLP,76.98,77.38,76.64,77.1,75.0406,16840000
2025-11-18,XLE,44.975,45.65,44.85,45.53,44.2678,34839400
2025-11-18,XLU,44.82,45.035,44.595,44.61,43.3729,25158800
2025-11-18,XLB,42.77,43.06,42.53,42.76,42.001,20615000
2025-11-18,XLRE,40.72,40.955,40.54,40.83,39.4385,6634200
2025-11-18,SMH,335.75,337.79,329.12,333.29,332.2562,12933100
2025-11-18,IGV,104.57,105.45,103.47,104.41,104.3904,7837700
2025-11-18,XBI,113.93,115.9,113.25,115.18,114.6876,9910700
2025-11-18,GNOM,42.545,43.15,42.39,43.048,42.4591,6800
2025-11-18,ARKG,26.59,27.14,26.105,26.85,26.85,3938300
2025-11-18,KRE,58.38,59.62,58.2,59.16,57.7838,18214400
2025-11-18,XHB,99.53,100.65,98.66,100.11,98.94,1735100
2025-11-18,XME,89.62,91.7,89.25,90.68,90.39,3438400
2025-11-18,URA,42.88,44.36,42.62,43.73,41.7376,7124100
2025-11-18,ITA,203.21,204.83,201.1,202.76,202.2519,595600
2025-11-18,PAVE,46.13,46.515,45.81,46.16,45.7706,1254700
2025-11-19,SPY,660.78,667.34,658.75,662.63,655.5574,94703000
2025-11-19,QQQ,597.07,606.16,594.59,599.87,597.0646,73111500
2025-11-19,XLK,139.525,142.06,139.165,140.485,139.7681,27668800
2025-11-19,XLF,51.38,51.65,51.19,51.56,50.7596,46003900
2025-11-19,XLV,152.48,152.93,151.57,152.33,149.8264,17352600
2025-11-19,XLY,113.115,113.115,111.665,112.255,111.3408,15912200
2025-11-19,XLC,111.75,112.995,110.995,111.19,109.83,4416800
2025-11-19,XLI,150,150.86,149.6,150.35,148.6507,12575500
2025-11-19,XLP,76.94,77.07,76.23,76.51,74.4664,15122100
2025-11-19,XLE,44.725,45.085,44.41,44.94,43.6942,41062800
2025-11-19,XLU,44.645,44.77,44.14,44.235,43.0083,25095600
2025-11-19,XLB,43.02,43.05,42.6,42.87,42.109,15385800
2025-11-19,XLRE,40.85,40.85,40.38,40.51,39.1294,7201800
2025-11-19,SMH,334.81,343.06,333.46,339.44,338.3871,9842300
2025-11-19,IGV,104.23,105.2,103.24,103.89,103.8705,4603600
2025-11-19,XBI,114.81,115.52,113.47,114.5,114.0105,10309600
2025-11-19,GNOM,42.88,43.18,42.54,42.54,41.958,6100
2025-11-19,ARKG,26.87,27.615,26.7,27.26,27.26,3238400
2025-11-19,KRE,59.3,59.91,59.14,59.79,58.3991,11139400
2025-11-19,XHB,100.61,100.99,99.49,99.82,98.6534,2397800
2025-11-19,XME,91.72,93.2,90.37,91.33,91.038,1429500
2025-11-19,URA,44.4,45.83,43.93,45.14,43.0833,4452100
2025-11-19,ITA,202.64,203.85,201.31,203.13,202.621,443500
2025-11-19,PAVE,46.41,46.7,46.145,46.3,45.9094,829900
2025-11-20,SPY,672.91,675.56,651.89,652.53,645.5652,165293500
2025-11-20,QQQ,611.62,614.03,584.75,585.67,582.9311,117743200
2025-11-20,XLK,143.72,144.255,135.76,136.075,135.3806,56551800
2025-11-20,XLF,52.03,52.39,51.08,51.11,50.3166,70096400
2025-11-20,XLV,152.49,153.34,151.12,151.42,148.9313,25278500
2025-11-20,XLY,113.515,114.75,110.465,110.58,109.6794,24924400
2025-11-20,XLC,112.8,113.035,109.865,109.97,108.6249,7385400
2025-11-20,XLI,152.35,152.72,147.72,147.83,146.1592,27790800
2025-11-20,XLP,76.75,77.38,76.7,77.06,75.0017,21590200
2025-11-20,XLE,45.17,45.785,44.395,44.43,43.1983,41630000
2025-11-20,XLU,44.585,44.86,43.98,44.01,42.7896,25543200
2025-11-20,XLB,43.165,43.355,42.215,42.23,41.4804,22669200
2025-11-20,XLRE,40.83,40.98,40.355,40.37,38.9942,7477000
2025-11-20,SMH,348.86,349.78,323.69,325.1,324.0916,14686700
2025-11-20,IGV,105.46,105.98,100.64,100.8,100.7811,10513400
2025-11-20,XBI,116.15,117.9,113.74,113.83,113.3434,13951600
2025-11-20,GNOM,43.669,43.77,42.02,42.196,41.6187,5500
2025-11-20,ARKG,27.91,29,27.15,27.21,27.21,6881400
2025-11-20,KRE,60.39,61.17,59.42,59.59,58.2038,20521300
2025-11-20,XHB,100.61,101.41,99.22,99.48,98.3174,1478900
2025-11-20,XME,92.73,93.29,87.39,87.44,87.1604,3250400
2025-11-20,URA,46.48,46.61,42.04,42.11,40.1914,4707100
2025-11-20,ITA,206.18,207.26,198.63,198.77,198.2719,733600
2025-11-20,PAVE,46.96,47.2,45.48,45.51,45.126,976500
2025-11-21,SPY,655.05,664.55,650.85,659.03,651.9959,123956200
2025-11-21,QQQ,587.47,596.98,580.74,590.07,587.3105,103344200
2025-11-21,XLK,136.3,138.42,133.74,136.6,135.9029,44959000
2025-11-21,XLF,51.46,51.97,51.14,51.67,50.8679,68942900
2025-11-21,XLV,151.79,155.71,151.71,154.61,152.0689,25526100
2025-11-21,XLY,111.32,113.845,110.98,112.75,111.8318,19013200
2025-11-21,XLC,110.52,112.575,110.52,111.9,110.5313,7535900
2025-11-21,XLI,148.48,150.29,147.14,149.63,147.9389,20982900
2025-11-21,XLP,77.36,78.4,77.21,77.9,75.8193,22216000
2025-11-21,XLE,44.505,44.905,44.035,44.71,43.4706,39317200
2025-11-21,XLU,44.195,44.25,43.76,44.075,42.8528,28589400
2025-11-21,XLB,42.44,43.505,42.355,43.175,42.4086,20989200
2025-11-21,XLRE,40.65,41.08,40.44,40.9,39.5061,7858600
2025-11-21,SMH,325,331.62,315.05,326.13,325.1184,17298700
2025-11-21,IGV,100.81,101.99,98.7,100.92,100.9011,8921400
2025-11-21,XBI,113.82,117.63,113.57,116.65,116.1513,11618700
2025-11-21,GNOM,42.24,43.9,42.24,43.63,43.0331,3600
2025-11-21,ARKG,27.27,29.25,27.105,29.02,29.02,4224100
2025-11-21,KRE,59.83,62.18,59.79,61.61,60.1768,28254700
2025-11-21,XHB,100.24,104.9,100.23,104.14,102.9229,3823500
2025-11-21,XME,87.27,88.99,85.63,88.68,88.3964,2826800
2025-11-21,URA,42.01,42.01,39.95,41.59,39.6951,6643500
2025-11-21,ITA,199.25,199.38,195.71,198.23,197.7332,795300
2025-11-21,PAVE,45.75,46.681,45.44,46.45,46.0581,1116500
2025-11-24,SPY,662.69,670.06,661.59,668.73,661.5923,80437900
2025-11-24,QQQ,595.28,606.68,595.16,605.16,602.3299,60168100
2025-11-24,XLK,137.52,140.35,137.435,139.855,139.1413,20124800
2025-11-24,XLF,51.74,51.97,51.33,51.89,51.0844,43789100
2025-11-24,XLV,155.14,156.16,154.48,155.26,152.7082,17928400
2025-11-24,XLY,113.625,114.935,113.5,114.255,113.3245,11181800
2025-11-24,XLC,112.76,113.34,112.575,113.01,111.6277,5524000
2025-11-24,XLI,149.82,150.61,148.93,150,148.3047,12658900
2025-11-24,XLP,77.8,77.93,76.9,77,74.9433,17869400
2025-11-24,XLE,44.66,44.725,43.895,44.585,43.349,33681800
2025-11-24,XLU,44.14,44.69,43.865,44.575,43.3389,23572800
2025-11-24,XLB,43.145,43.36,42.96,43.26,42.4921,14549600
2025-11-24,XLRE,40.94,41.035,40.63,40.96,39.564,6796900
2025-11-24,SMH,329,340.57,328.83,339.12,338.0681,10650900
2025-11-24,IGV,101.4,102.57,100.8,102.23,102.2108,5769300
2025-11-24,XBI,117.21,119.79,117.11,119.58,119.0688,9908800
2025-11-24,GNOM,43.91,45,43.811,44.933,44.3183,4700
2025-11-24,ARKG,29.23,30.495,29.06,30.39,30.39,3875100
2025-11-24,KRE,61.52,61.95,61.09,61.66,60.2256,14719600
2025-11-24,XHB,103.87,104.51,102.79,103.45,102.241,1569900
2025-11-24,XME,88.98,91.7,88.74,91.42,91.1277,1755800
2025-11-24,URA,41.55,43.43,41.48,43.29,41.3176,4847700
2025-11-24,ITA,198.43,200.89,197.49,200.69,200.1871,384700
2025-11-24,PAVE,46.58,47.14,46.43,46.98,46.5836,685900
2025-11-25,SPY,668.63,676.21,664.48,675.02,667.8152,81077100
2025-11-25,QQQ,603.51,610.26,597.32,608.89,606.0425,57560900
2025-11-25,XLK,138.625,140.59,136.655,140.23,139.5144,21303400
2025-11-25,XLF,52.11,52.66,51.91,52.54,51.7244,50989800
2025-11-25,XLV,155.77,158.89,155.77,158.77,156.1605,17298600
2025-11-25,XLY,114.3,116.89,114.09,116.7,115.7496,10395400
2025-11-25,XLC,114.13,114.6,113.635,114.3,112.902,8890600
2025-11-25,XLI,150.36,152.18,149.31,151.92,150.203,13636100
2025-11-25,XLP,77.2,78.09,77.2,78.06,75.975,18586300
2025-11-25,XLE,44.235,44.48,43.94,44.305,43.0768,29299000
2025-11-25,XLU,44.69,44.76,44.225,44.405,43.1736,22195600
2025-11-25,XLB,43.485,44.005,43.455,43.905,43.1257,12455800
2025-11-25,XLRE,41.07,41.46,41.04,41.29,39.8828,5898100
2025-11-25,SMH,334.73,340.72,327.35,340.01,338.9553,12052700
2025-11-25,IGV,101.53,103.42,100.64,103.19,103.1707,4399900
2025-11-25,XBI,119.84,121.41,119.56,121.37,120.8512,10532400
2025-11-25,GNOM,45,45.8,45,45.8,45.1734,2900
2025-11-25,ARKG,30.41,31.18,30.14,31.14,31.14,2936800
2025-11-25,KRE,61.99,63.8,61.96,63.41,61.9349,20303000
2025-11-25,XHB,104.24,108.18,104.14,107.81,106.55,2624900
2025-11-25,XME,91.43,93.5,90.54,92.89,92.593,1452000
2025-11-25,URA,43.1,44.03,41.91,43.91,41.9094,4350300
2025-11-25,ITA,200.82,202.89,198.32,202.4,201.8928,429800
2025-11-25,PAVE,47.18,48.055,46.985,47.98,47.5752,664000
2025-11-26,SPY,677.63,681.7,676.72,679.68,672.4254,71879600
2025-11-26,QQQ,612.51,616.19,610.39,614.27,611.3973,42393600
2025-11-26,XLK,141.885,142.495,140.79,141.89,141.1659,13358800
2025-11-26,XLF,52.67,53.15,52.6,52.95,52.128,35268500
2025-11-26,XLV,158.42,158.95,158.16,158.42,155.8163,12398900
2025-11-26,XLY,117.11,117.74,116.65,117.5,116.5431,8122200
2025-11-26,XLC,114.275,114.76,114.215,114.46,113.06,6301600
2025-11-26,XLI,152.03,153.57,151.9,152.8,151.073,10206200
2025-11-26,XLP,78.06,79.11,78.06,78.91,76.8023,13275100
2025-11-26,XLE,44.295,44.96,44.255,44.64,43.4025,26611000
2025-11-26,XLU,44.645,45.05,44.56,44.995,43.7473,16759200
2025-11-26,XLB,43.94,44.56,43.92,44.445,43.6561,9895200
2025-11-26,XLRE,41.17,41.685,41.16,41.47,40.0567,6814100
2025-11-26,SMH,344.25,350.3,343.43,347.71,346.6314,5533300
2025-11-26,IGV,103.97,103.97,102.39,102.97,102.9507,4301900
2025-11-26,XBI,121.55,123.47,120.96,122.85,122.3248,8946600
2025-11-26,GNOM,45.82,46.435,45.62,46.298,45.6646,4900
2025-11-26,ARKG,31.115,31.19,30.645,30.86,30.86,1773100
2025-11-26,KRE,63.23,63.71,63.08,63.17,61.7005,12113900
2025-11-26,XHB,107.28,110.01,107.14,109.18,107.904,1294400
2025-11-26,XME,93.47,95.9,93.37,95.34,95.0351,2490100
2025-11-26,URA,44.36,44.97,44.01,44.79,42.7493,2837500
2025-11-26,ITA,202.95,204.94,202.89,203.7,203.1895,264600
2025-11-26,PAVE,48.01,48.615,47.95,48.3,47.8925,1019600
2025-11-28,SPY,680.86,683.67,680.5,683.39,676.0958,49212000
2025-11-28,QQQ,616.11,619.32,615.42,619.25,616.3541,23034400
2025-11-28,XLK,142.19,143.135,141.805,143.11,142.3797,6792200
2025-11-28,XLF,53.1,53.55,53.03,53.33,52.5021,16136100
2025-11-28,XLV,158.2,158.25,157.16,157.65,155.0589,8559700
2025-11-28,XLY,117.77,118.4,117.77,118.23,117.2671,4827200
2025-11-28,XLC,114.795,115.39,114.65,115.39,113.9786,3731600
2025-11-28,XLI,153.06,153.86,152.77,153.69,151.953,3507600
2025-11-28,XLP,78.8,79.39,78.8,79.37,77.25,8914300
2025-11-28,XLE,44.665,45.42,44.6,45.225,43.9713,16666600
2025-11-28,XLU,45.07,45.35,45.025,45.315,44.0584,7882600
2025-11-28,XLB,44.565,44.875,44.455,44.7,43.9066,4786800
2025-11-28,XLRE,41.48,41.785,41.42,41.67,40.2498,3771900
2025-11-28,SMH,349.17,352.57,347.71,352.28,351.1873,3352700
2025-11-28,IGV,103.25,104.17,103.21,104.09,104.0705,2751100
2025-11-28,XBI,123.03,123.28,122.49,123.16,122.6335,4255500
2025-11-28,GNOM,46.42,46.49,46.14,46.382,45.7474,2200
2025-11-28,ARKG,31,31.19,30.65,31.19,31.19,1113500
2025-11-28,KRE,63.2,63.38,62.88,62.99,61.5247,6876100
2025-11-28,XHB,109.28,109.33,108.53,108.88,107.6075,922500
2025-11-28,XME,96.06,97.25,95.48,97.09,96.7796,1767000
2025-11-28,URA,45.07,45.56,44.85,45.28,43.217,2063100
2025-11-28,ITA,204.17,205.18,203.54,205.1,204.586,135800
2025-11-28,PAVE,48.48,48.605,48.31,48.54,48.1305,306200
2025-12-01,SPY,678.81,682.99,678.74,680.27,673.0092,61201200
2025-12-01,QQQ,613.63,619.44,612.52,617.17,614.2838,40957600
2025-12-01,XLK,141.72,143.605,141.285,143.175,142.4444,12846600
2025-12-01,XLF,53.07,53.4,52.84,52.89,52.0689,29296300
2025-12-01,XLV,157.04,157.86,155.18,155.29,152.7377,17321200
2025-12-01,XLY,117.66,118.96,117.615,118.3,117.3366,11579800
2025-12-01,XLC,114.56,115.44,114.5,114.85,113.4452,5173500
2025-12-01,XLI,152.54,153.01,151.37,151.44,149.7284,10704600
2025-12-01,XLP,79.26,79.53,79.04,79.29,77.1721,16939900
2025-12-01,XLE,45.29,45.91,45.255,45.66,44.3942,31150000
2025-12-01,XLU,45.06,45.06,44.23,44.255,43.0278,26339000
2025-12-01,XLB,44.64,44.98,44.565,44.59,43.7985,13367800
2025-12-01,XLRE,41.23,41.39,41.075,41.09,39.6896,6008700
2025-12-01,SMH,348.85,355.01,348.06,352.96,351.8651,3902000
2025-12-01,IGV,103.06,104.56,102.59,104.07,104.0505,3903800
2025-12-01,XBI,121.85,121.97,119.74,119.85,119.3377,10987500
2025-12-01,GNOM,45.75,46.032,45.12,45.241,44.6221,13800
2025-12-01,ARKG,30.55,30.58,29.825,29.85,29.85,2737000
2025-12-01,KRE,62.63,63.99,62.54,63.68,62.1986,12220500
2025-12-01,XHB,107.57,109.87,107.33,108.58,107.311,1724800
2025-12-01,XME,96.56,97.4,95.69,95.81,95.5036,2625500
2025-12-01,URA,44.4,45,43.93,44.2,42.1862,2553400
2025-12-01,ITA,203.29,203.59,199.14,199.24,198.7407,668600
2025-12-01,PAVE,48.13,48.48,47.933,47.96,47.5554,566200
2025-12-02,SPY,681.92,683.82,679.33,681.53,674.2557,62953800
2025-12-02,QQQ,619.46,623.75,617.59,622,619.0912,54541800
2025-12-02,XLK,144.065,145.515,143.645,144.65,143.9118,15719000
2025-12-02,XLF,52.99,53.14,52.64,52.84,52.0197,29771500
2025-12-02,XLV,155.25,155.47,154.14,154.36,151.823,16150300
2025-12-02,XLY,118.585,118.665,117.485,118.22,117.2572,11105800
2025-12-02,XLC,115.3,115.45,114.38,115.23,113.8206,4777400
2025-12-02,XLI,152.24,153.21,151.69,152.76,151.0335,9712300
2025-12-02,XLP,79.05,79.05,78.17,78.77,76.666,20551000
2025-12-02,XLE,45.59,45.59,44.845,45.07,43.8206,33305000
2025-12-02,XLU,44.46,44.46,43.885,43.94,42.7215,17384200
2025-12-02,XLB,44.68,44.68,43.925,44.185,43.4007,12905800
2025-12-02,XLRE,41.24,41.25,40.835,40.99,39.593,5411600
2025-12-02,SMH,355.85,360.79,354.15,359.43,358.3151,6657900
2025-12-02,IGV,104.92,106.02,104.78,105.22,105.2003,4386800
2025-12-02,XBI,119.8,120.26,117.72,118.46,117.9536,22047200
2025-12-02,GNOM,45.33,45.62,45.04,45.133,44.5155,17100
2025-12-02,ARKG,30.07,30.34,29.72,29.74,29.74,2425000
2025-12-02,KRE,63.93,64.11,63.28,63.33,61.8568,10015400
2025-12-02,XHB,108.81,109,107.52,108.25,106.9849,1377300
2025-12-02,XME,96.01,97,95.45,96.6,96.2911,1473500
2025-12-02,URA,44.34,45.79,44.28,45.26,43.1979,3006800
2025-12-02,ITA,200.86,202.03,200.47,201.31,200.8055,880400
2025-12-02,PAVE,48.25,48.26,47.71,47.94,47.5355,644200
2025-12-03,SPY,680.57,684.91,679.69,683.89,676.5905,57238500
2025-12-03,QQQ,619.62,624.22,618.03,623.52,620.6041,47841600
2025-12-03,XLK,143.95,145.095,143.23,144.995,144.2551,11623200
2025-12-03,XLF,52.94,53.6,52.88,53.55,52.7187,32018000
2025-12-03,XLV,154.67,155.78,154.66,155.08,152.5311,12724800
2025-12-03,XLY,118.235,119.81,118.235,119.495,118.5218,9369800
2025-12-03,XLC,115.02,115.49,114.65,115.13,113.7218,4885500
2025-12-03,XLI,152.94,154.25,152.55,154.21,152.4671,9128800
2025-12-03,XLP,78.93,79.55,78.74,78.83,76.7244,16832900
2025-12-03,XLE,45.375,45.995,45.31,45.915,44.6422,30174000
2025-12-03,XLU,43.975,44.1,43.63,43.8,42.5854,21728000
2025-12-03,XLB,44.38,44.625,44.345,44.495,43.7052,11841600
2025-12-03,XLRE,40.94,41.17,40.864,41.07,39.6703,4501400
2025-12-03,SMH,359.7,364.58,356.23,364.37,363.2397,4642700
2025-12-03,IGV,104.57,106.73,104.12,106.68,106.66,3927300
2025-12-03,XBI,118.76,121.96,118.74,121.83,121.3092,10792000
2025-12-03,GNOM,45.11,46.67,45.11,46.542,45.9053,11200
2025-12-03,ARKG,29.84,30.88,29.762,30.83,30.83,2815200
2025-12-03,KRE,63.42,64.76,63.39,64.65,63.1461,13960800
2025-12-03,XHB,108.24,110.3,108.24,109.59,108.3092,1521000
2025-12-03,XME,97.16,100.29,97.03,99.67,99.3513,5143800
2025-12-03,URA,45.42,46.66,44.85,46.62,44.4959,3066600
2025-12-03,ITA,201.35,201.75,199.44,201.62,201.1148,438900
2025-12-03,PAVE,48.04,48.56,47.85,48.52,48.1106,620100
2025-12-04,SPY,685.3,685.37,681.34,684.39,677.0852,61970300
2025-12-04,QQQ,624.93,624.94,619.54,622.94,620.0268,47067800
2025-12-04,XLK,145.19,145.795,144.495,145.535,144.7923,9995200
2025-12-04,XLF,53.59,53.91,53.47,53.66,52.827,33678700
2025-12-04,XLV,155,155.03,153.37,153.9,151.3705,13674600
2025-12-04,XLY,119.67,119.795,118.395,119.07,118.1003,11828800
2025-12-04,XLC,115.985,116.036,114.96,115.79,114.3737,4654300
2025-12-04,XLI,154.29,155.47,154.11,155.01,153.2581,9249400
2025-12-04,XLP,78.69,78.91,78.01,78.45,76.3546,14269500
2025-12-04,XLE,45.89,46.185,45.755,46.11,44.8318,23799600
2025-12-04,XLU,43.775,44.06,43.56,43.71,42.4979,15535200
2025-12-04,XLB,44.38,44.505,44.125,44.235,43.4498,9912600
2025-12-04,XLRE,40.99,41.29,40.94,41,39.6027,7427000
2025-12-04,SMH,363.26,364.37,359.6,361.6,360.4783,3971800
2025-12-04,IGV,107.32,108.05,106.65,107.95,107.9298,4835000
2025-12-04,XBI,121.22,123.61,120.78,123.25,122.7231,10978100
2025-12-04,GNOM,46.52,47.23,46.225,46.971,46.3284,8900
2025-12-04,ARKG,30.75,31.97,30.52,31.9,31.9,3454500
2025-12-04,KRE,64.41,65.17,64.4,64.87,63.361,12334200
2025-12-04,XHB,109.3,109.82,107.47,107.67,106.4116,2021800
2025-12-04,XME,99.02,100.93,98.26,100.8,100.4777,2732500
2025-12-04,URA,46.59,49.55,46.17,49.2,46.9584,6317300
2025-12-04,ITA,202,205.14,201.56,204.67,204.1571,517600
2025-12-04,PAVE,48.46,48.868,48.32,48.74,48.3288,1118000
2025-12-05,SPY,685.47,688.39,684.58,685.69,678.3713,79241000
2025-12-05,QQQ,624.38,628.92,623.71,625.48,622.5549,53614200
2025-12-05,XLK,146.21,147.31,145.69,146.6,145.8519,6628000
2025-12-05,XLF,53.54,53.93,53.45,53.68,52.8467,28532300
2025-12-05,XLV,154.45,154.63,152.96,153.26,150.7411,8868700
2025-12-05,XLY,119.18,120.09,119.18,119.73,118.7549,4556800
2025-12-05,XLC,116.08,117.615,115.94,117.13,115.6973,6049400
2025-12-05,XLI,155.03,155.33,154.11,154.58,152.8329,8228800
2025-12-05,XLP,78.4,78.99,78.23,78.46,76.3643,13343200
2025-12-05,XLE,46.03,46.66,45.91,45.92,44.647,22164400
2025-12-05,XLU,43.72,43.78,43.28,43.3,42.0993,13474700
2025-12-05,XLB,44.34,44.64,44.09,44.09,43.3074,7134000
2025-12-05,XLRE,40.99,41.195,40.885,40.99,39.593,4553300
2025-12-05,SMH,364.46,368.58,363.54,364.42,363.2896,3619200
2025-12-05,IGV,108.39,109.86,108.29,109.46,109.4395,4144200
2025-12-05,XBI,123.77,124.18,122.69,123.41,122.8824,7524500
2025-12-05,GNOM,47.25,47.5,46.76,46.879,46.2376,6300
2025-12-05,ARKG,31.73,31.758,30.79,30.93,30.93,2530000
2025-12-05,KRE,64.65,65.01,64.5,64.72,63.2145,11026700
2025-12-05,XHB,107.78,108.51,107.31,107.41,106.1547,1134500
2025-12-05,XME,101.44,102.16,99.66,99.74,99.4211,2405800
2025-12-05,URA,49.4,49.5,47.65,47.92,45.7367,4778700
2025-12-05,ITA,204.92,204.92,200.8,202.41,201.9028,525900
2025-12-05,PAVE,48.71,48.765,48.425,48.47,48.0611,795200
2025-12-08,SPY,686.59,686.64,681.57,683.63,676.3333,55231500
2025-12-08,QQQ,627.21,628.84,621.69,624.28,621.3605,43462400
2025-12-08,XLK,147.43,148.38,146.92,147.63,146.8766,8272800
2025-12-08,XLF,53.7,53.71,53.28,53.48,52.6498,31164200
2025-12-08,XLV,153.35,153.42,151.2,151.43,148.9411,10996000
2025-12-08,XLY,119.25,119.36,117.75,117.99,117.0291,6400100
2025-12-08,XLC,117.58,117.58,115.8,116.26,114.838,6128900
2025-12-08,XLI,154.77,155.01,154.02,154.39,152.6451,6721600
2025-12-08,XLP,78.31,78.32,77.68,77.81,75.7317,14602000
2025-12-08,XLE,45.66,45.92,45.27,45.42,44.1609,27891900
2025-12-08,XLU,43.38,43.41,42.66,42.72,41.5354,21607900
2025-12-08,XLB,44.08,44.1,43.45,43.48,42.7082,11389100
2025-12-08,XLRE,40.97,41.005,40.71,40.74,39.3515,6046300
2025-12-08,SMH,368.1,370.72,365.74,368.55,367.4068,4334300
2025-12-08,IGV,109.96,110.33,108.93,109.4,109.3795,7700100
2025-12-08,XBI,125.15,125.87,123.41,123.66,123.1314,9670300
2025-12-08,GNOM,47.67,47.82,47.475,47.621,46.9695,6400
2025-12-08,ARKG,31.565,31.72,30.98,31.17,31.17,3009300
2025-12-08,KRE,64.91,65.4,64.59,64.94,63.4293,11987900
2025-12-08,XHB,107.5,107.5,105.54,105.74,104.5042,2295400
2025-12-08,XME,99.98,100,97.77,98.2,97.886,1556200
2025-12-08,URA,48.18,48.38,47.32,47.81,45.6317,2518400
2025-12-08,ITA,202.88,204.53,202.5,204.35,203.8379,539200
2025-12-08,PAVE,48.76,48.94,48.355,48.43,48.0214,630000
2025-12-09,SPY,683.15,685.39,682.59,683.04,675.7496,58310100
2025-12-09,QQQ,623.01,625.87,621,625.05,622.1269,37156000
2025-12-09,XLK,147.34,148.25,146.96,148.02,147.2646,6978200
2025-12-09,XLF,53.5,53.95,53.25,53.28,52.4529,46335400
2025-12-09,XLV,152,152.68,149.85,149.96,147.4953,11543300
2025-12-09,XLY,117.51,118.49,117.33,117.98,117.0192,5153900
2025-12-09,XLC,116.12,116.54,115.605,116.39,114.9664,4842700
2025-12-09,XLI,154,155.02,153.19,153.26,151.5278,7375100
2025-12-09,XLP,77.98,78.22,77.65,77.99,75.9069,14040200
2025-12-09,XLE,45.5,46.08,45.46,45.7,44.4331,20917400
2025-12-09,XLU,42.95,43.17,42.73,42.75,41.5645,24347200
2025-12-09,XLB,43.42,43.82,43.37,43.39,42.6198,8801100
2025-12-09,XLRE,40.84,41.085,40.47,40.5,39.1197,6325000
2025-12-09,SMH,367.04,369.56,365.35,369,367.8554,3173300
2025-12-09,IGV,109,110.37,109,109.95,109.9294,3291300
2025-12-09,XBI,123.08,124,121.13,121.19,120.6719,9640500
2025-12-09,GNOM,47.32,47.4,47.143,47.143,46.498,6400
2025-12-09,ARKG,31,31.235,30.72,30.86,30.86,3027400
2025-12-09,KRE,64.75,65.76,64.75,64.81,63.3024,10742900
2025-12-09,XHB,104.6,106.01,104.44,104.7,103.4764,1743800
2025-12-09,XME,97.38,99.77,97.2,99.47,99.1519,1523600
2025-12-09,URA,47.25,48.58,47.07,48.13,45.9371,2836700
2025-12-09,ITA,204.32,206.25,202.43,202.63,202.1222,401900
2025-12-09,PAVE,48.3,48.595,48.03,48.05,47.6446,545800
2025-12-10,SPY,682.56,688.97,681.31,687.57,680.2313,85671300
2025-12-10,QQQ,623.85,629.21,620.99,627.61,624.6749,55031400
2025-12-10,XLK,147.69,149.22,146.82,148.73,147.971,8961100
2025-12-10,XLF,53.28,54.08,53.21,53.89,53.0534,45437500
2025-12-10,XLV,150.38,152.18,149.87,152.14,149.6395,15534800
2025-12-10,XLY,118.12,120.28,118.11,119.71,118.7351,9440800
2025-12-10,XLC,116.44,117.35,116.32,117.07,115.6381,5882600
2025-12-10,XLI,154.08,156.72,153.84,156.06,154.2962,13463300
2025-12-10,XLP,78.19,78.38,77.93,78.22,76.1307,13945300
2025-12-10,XLE,45.84,46.27,45.63,46.18,44.8998,26255100
2025-12-10,XLU,42.8,42.83,42.42,42.73,41.5451,25940200
2025-12-10,XLB,43.35,44.34,43.35,44.24,43.4547,10919500
2025-12-10,XLRE,40.61,40.878,40.534,40.58,39.197,7956300
2025-12-10,SMH,368.91,375.59,366.93,374.1,372.9396,5653300
2025-12-10,IGV,109.72,110.85,109.2,110.08,110.0594,7544600
2025-12-10,XBI,121.23,122.64,120.66,122.05,121.5283,9219200
2025-12-10,GNOM,46.96,47.603,46.94,47.413,46.7643,4100
2025-12-10,ARKG,30.86,31.66,30.53,31.17,31.17,4952500
2025-12-10,KRE,64.78,67.42,64.77,67.05,65.4903,25015200
2025-12-10,XHB,105.18,108.42,104.99,107.9,106.639,2905600
2025-12-10,XME,99.24,100.79,97.65,100.15,99.8298,1622600
2025-12-10,URA,48.01,48.01,46.18,47.69,45.5172,4162100
2025-12-10,ITA,202.63,205.87,201.86,204.44,203.9277,502400
2025-12-10,PAVE,48.08,49.245,48.051,49.01,48.5965,764100
2025-12-11,SPY,685.14,689.25,682.17,689.17,681.8141,86173700
2025-12-11,QQQ,623.82,625.78,617.72,625.58,622.6545,58272800
2025-12-11,XLK,147.06,148.13,145.11,147.97,147.2149,9769300
2025-12-11,XLF,53.96,54.98,53.93,54.87,54.0182,51786500
2025-12-11,XLV,152.76,154.3,152.26,153.58,151.0558,14703000
2025-12-11,XLY,119.72,120.36,119.51,120.18,119.2013,5863400
2025-12-11,XLC,116.85,117.45,116.6,116.81,115.3813,6495600
2025-12-11,XLI,155.9,157.88,155.76,157.73,155.9473,9999300
2025-12-11,XLP,78.41,79.07,78.4,78.8,76.6952,13753800
2025-12-11,XLE,45.9,46.25,45.84,45.96,44.6859,25827200
2025-12-11,XLU,42.65,43.15,42.65,43.04,41.8465,18703300
2025-12-11,XLB,44.29,45.22,44.29,45.12,44.3191,11009200
2025-12-11,XLRE,40.67,40.925,40.62,40.8,39.4095,10300400
2025-12-11,SMH,369.78,371.22,361.68,370.89,369.7395,7499900
2025-12-11,IGV,108.55,110.33,108.37,109.78,109.7594,8112800
2025-12-11,XBI,122.01,123.75,121.8,123.02,122.4941,7018100
2025-12-11,GNOM,47.44,47.54,47.03,47.173,46.5276,16100
2025-12-11,ARKG,31.06,31.32,30.455,30.85,30.85,2075900
2025-12-11,KRE,66.73,67.98,66.73,67.4,65.8321,18679300
2025-12-11,XHB,108.59,110.14,108.12,109.02,107.7459,1411700
2025-12-11,XME,99.89,105.22,99.76,104.88,104.5446,3536000
2025-12-11,URA,47.43,49.16,47,49,46.7675,3713400
2025-12-11,ITA,204.37,208.89,203.45,208.27,207.7481,507200
2025-12-11,PAVE,48.94,49.82,48.94,49.75,49.3303,1934300
2025-12-12,SPY,688.17,688.88,679.17,681.76,674.4832,113160300
2025-12-12,QQQ,622.08,623.54,611.36,613.62,610.7504,75158700
2025-12-12,XLK,146.94,147.08,143.26,143.69,142.9567,14873200
2025-12-12,XLF,55.16,55.21,54.71,54.95,54.097,64428900
2025-12-12,XLV,153.75,154.56,153.41,154.06,151.5279,13175500
2025-12-12,XLY,120.51,121.36,119.66,120.7,119.717,7865600
2025-12-12,XLC,117.24,117.52,116.226,116.55,115.1245,5955100
2025-12-12,XLI,158.22,158.46,156.26,156.74,154.9685,12062900
2025-12-12,XLP,78.93,79.46,78.8,79.42,77.2987,14506900
2025-12-12,XLE,46.05,46.24,45.39,45.51,44.2484,33161200
2025-12-12,XLU,43.17,43.38,42.77,42.83,41.6423,17179800
2025-12-12,XLB,45.51,45.58,44.97,45.15,44.3486,14078600
2025-12-12,XLRE,40.97,41.12,40.605,40.75,39.3612,7441900
2025-12-12,SMH,366.99,367.56,352.88,354.12,353.0215,12705900
2025-12-12,IGV,109.56,109.68,107.39,107.97,107.9498,6165500
2025-12-12,XBI,123.01,123.61,121.9,123.13,122.6036,7792700
2025-12-12,GNOM,47.35,47.35,46.62,46.818,46.1775,133300
2025-12-12,ARKG,30.94,30.95,30.01,30.2,30.2,3559700
2025-12-12,KRE,67.61,67.68,66.67,67.08,65.5196,16895100
2025-12-12,XHB,109.32,109.87,107.38,107.88,106.6192,1611100
2025-12-12,XME,105.62,105.77,101.05,102.14,101.8134,2566700
2025-12-12,URA,49.12,49.12,45.55,46.05,43.9519,7071500
2025-12-12,ITA,209.01,211.4,208.13,209.41,208.8852,752100
2025-12-12,PAVE,49.89,49.938,48.841,49.07,48.656,838900
2025-12-15,SPY,685.74,685.76,679.25,680.73,673.4642,90811000
2025-12-15,QQQ,618.37,618.42,609.32,610.54,607.6848,49538200
2025-12-15,XLK,144.42,144.63,142.02,142.3,141.5738,10790300
2025-12-15,XLF,55.18,55.31,54.82,54.99,54.1363,35356800
2025-12-15,XLV,154.47,156.31,154.44,156.1,153.5344,14681800
2025-12-15,XLY,121.72,122.4,121.22,121.73,120.7386,12137500
2025-12-15,XLC,116.83,116.888,115.98,116.57,115.1442,5070100
2025-12-15,XLI,157.58,157.74,156.61,156.99,155.2157,10889500
2025-12-15,XLP,79.63,79.91,79.32,79.64,77.5128,14499400
2025-12-15,XLE,45.61,45.61,44.82,45.19,43.9373,27521600
2025-12-15,XLU,43.11,43.29,42.83,43.22,42.0215,19176400
2025-12-15,XLB,45.42,45.44,44.85,45.12,44.3191,9228800
2025-12-15,XLRE,40.98,40.985,40.615,40.91,39.5157,7820400
2025-12-15,SMH,358.13,359.2,352.19,352.9,351.8053,5605800
2025-12-15,IGV,107.65,107.83,105.35,105.39,105.3702,5911800
2025-12-15,XBI,123.41,124.53,122.22,122.84,122.3149,7533000
2025-12-15,GNOM,47.05,47.38,46.65,46.781,46.141,9400
2025-12-15,ARKG,30.52,30.55,29.585,29.86,29.86,2468000
2025-12-15,KRE,67.58,67.88,66.96,67.26,65.6954,10912100
2025-12-15,XHB,108.52,109,106.99,107.59,106.3326,1264300
2025-12-15,XME,103.37,103.64,100.1,100.85,100.5275,1838900
2025-12-15,URA,46.45,47.02,44.61,44.63,42.5966,4716300
2025-12-15,ITA,210.48,211.47,209.19,209.64,209.1146,359100
2025-12-15,PAVE,49.43,49.43,48.84,49.03,48.6163,846500
2025-12-16,SPY,679.23,681.08,674.98,678.87,671.6241,122030600
2025-12-16,QQQ,608.26,613.51,606.91,611.75,608.8891,55152800
2025-12-16,XLK,141.91,142.97,141.3,142.56,141.8325,10790900
2025-12-16,XLF,55.04,55.16,54.48,54.64,53.7918,37342300
2025-12-16,XLV,156.04,156.12,153.09,154.07,151.5378,12491300
2025-12-16,XLY,121.66,122.22,121.06,121.93,120.937,12052000
2025-12-16,XLC,116.23,117.02,115.98,116.65,115.2232,6178500
2025-12-16,XLI,156.85,157.29,155.41,156.06,154.2962,10277500
2025-12-16,XLP,79.79,79.97,79.1,79.28,77.1624,13055300
2025-12-16,XLE,44.83,44.85,43.77,43.81,42.5955,49312400
2025-12-16,XLU,43.2,43.31,42.78,43.04,41.8465,19067900
2025-12-16,XLB,45.18,45.21,44.72,45,44.2012,9742300
2025-12-16,XLRE,40.95,41.02,40.501,40.55,39.168,7722200
2025-12-16,SMH,351.57,354.39,348.31,351.94,350.8483,5849200
2025-12-16,IGV,104.96,106.5,104.94,106.31,106.2901,5923600
2025-12-16,XBI,122.2,122.82,120.98,122.01,121.4884,7972000
2025-12-16,GNOM,46.698,46.698,45.84,46.233,45.6005,8700
2025-12-16,ARKG,29.615,30.16,29.239,29.58,29.58,2220200
2025-12-16,KRE,67.32,67.5,66.69,67,65.4414,11295800
2025-12-16,XHB,107.99,108.08,105.98,106.66,105.4135,1197300
2025-12-16,XME,100.29,102.02,100.03,100.91,100.5873,1896700
2025-12-16,URA,44.17,44.89,43.66,44.27,42.253,3511200
2025-12-16,ITA,208.67,209.67,206.9,207.95,207.4289,537200
2025-12-16,PAVE,49.03,49.205,48.493,48.76,48.3486,2060200
2025-12-17,SPY,679.89,680.44,671.2,671.4,664.2339,110625200
2025-12-17,QQQ,613.06,613.65,600.28,600.41,597.6021,70654300
2025-12-17,XLK,142.72,142.84,139.32,139.39,138.6787,18178700
2025-12-17,XLF,54.8,55.07,54.58,54.63,53.7819,41112400
2025-12-17,XLV,154.23,154.78,153.67,153.79,151.2623,9093300
2025-12-17,XLY,122.03,122.65,120.52,120.52,119.5385,10597600
2025-12-17,XLC,116.63,116.79,115.725,115.81,114.3935,6181900
2025-12-17,XLI,155.77,156.45,153.37,153.53,151.7948,11612500
2025-12-17,XLP,79.39,79.88,79.35,79.65,77.5225,14268400
2025-12-17,XLE,44.13,44.88,44.06,44.78,43.5386,43375300
2025-12-17,XLU,43.06,43.14,42.54,42.76,41.5742,19444600
2025-12-17,XLB,45.01,45.37,44.94,45.19,44.3879,10935000
2025-12-17,XLRE,40.555,40.87,40.54,40.73,39.3419,8811800
2025-12-17,SMH,352.89,352.89,338.06,339.24,338.1877,10780400
2025-12-17,IGV,106.34,107.11,104.67,104.7,104.6804,3623000
2025-12-17,XBI,122.19,122.99,120.81,120.94,120.423,7928000
2025-12-17,GNOM,46.31,46.575,45.6,45.625,45.0008,3200
2025-12-17,ARKG,29.78,30.304,29.05,29.08,29.08,2444200
2025-12-17,KRE,66.99,68,66.99,67.29,65.7247,12835300
2025-12-17,XHB,105.62,107.19,105.08,105.61,104.3757,2124100
2025-12-17,XME,101.5,102.58,100.37,101.03,100.707,1531700
2025-12-17,URA,44.38,44.71,42.63,42.71,40.7641,3870100
2025-12-17,ITA,207.32,209.18,204.59,204.8,204.2868,593800
2025-12-17,PAVE,48.75,48.95,47.82,47.88,47.476,796500
2025-12-18,SPY,677.6,680.74,674.9,676.47,669.2496,108650100
2025-12-18,QQQ,609.8,612.93,606.92,609.11,606.2614,78875800
2025-12-18,XLK,141.86,142.42,140.79,141.54,140.8177,12319500
2025-12-18,XLF,54.77,55.02,54.36,54.54,53.6933,35021600
2025-12-18,XLV,153.75,155.18,153.68,153.91,151.3804,8876400
2025-12-18,XLY,122.22,123.63,122.08,122.34,121.3437,11598200
2025-12-18,XLC,116.43,117.18,116.265,116.47,115.0454,4791400
2025-12-18,XLI,154.89,155.78,154.06,154.53,152.7835,10021200
2025-12-18,XLP,79.33,79.82,79.14,79.19,77.0748,12117100
2025-12-18,XLE,44.65,44.71,43.98,44.13,42.9067,29920200
2025-12-18,XLU,43.03,43.42,42.97,43.18,41.9826,21935800
2025-12-18,XLB,45.27,45.63,45.13,45.17,44.3682,8978100
2025-12-18,XLRE,40.88,40.99,40.43,40.48,39.1004,9482100
2025-12-18,SMH,350.84,352.09,345.83,347.25,346.1729,8260200
2025-12-18,IGV,105.86,106.87,105.64,106.18,106.1601,3676400
2025-12-18,XBI,121.11,122.03,119.59,120.01,119.497,7083800
2025-12-18,GNOM,45.96,46.21,45.7,45.764,45.1379,2700
2025-12-18,ARKG,29.57,30.12,28.89,28.99,28.99,2725500
2025-12-18,KRE,67.79,68.09,67.18,67.48,65.9102,12901100
2025-12-18,XHB,107.48,108.23,106.08,106.34,105.0972,2311300
2025-12-18,XME,101.49,103.32,101.35,102.33,102.0028,1346600
2025-12-18,URA,43.41,44.24,43.27,43.96,41.9571,4395900
2025-12-18,ITA,206.49,209.49,206.49,208.25,207.7281,403400
2025-12-18,PAVE,48.39,48.77,48.19,48.3,47.8925,800300
2025-12-19,SPY,676.59,681.09,676.47,680.59,675.3154,103599500
2025-12-19,QQQ,611.95,617.62,611.87,617.05,614.1643,60369800
2025-12-19,XLK,142.59,144.62,142.57,144.6,143.8621,14265900
2025-12-19,XLF,54.56,55.02,54.56,54.84,53.9887,46595300
2025-12-19,XLV,153.92,155.77,153.92,154.94,152.3934,8571500
2025-12-19,XLY,122.37,122.42,121.74,121.85,120.8577,9728700
2025-12-19,XLC,116.55,117.18,116.36,116.52,115.0948,6174800
2025-12-19,XLI,154.69,156.12,154.59,155.86,154.0985,6957800
2025-12-19,XLP,79.12,79.16,78.76,78.78,76.6758,13142000
2025-12-19,XLE,44.25,44.53,44.03,44.13,42.9067,31959600
2025-12-19,XLU,43.12,43.37,42.6,42.63,41.4478,22612000
2025-12-19,XLB,45.2,45.54,45.09,45.37,44.5647,10358000
2025-12-19,XLRE,40.37,40.616,40.315,40.33,38.9555,8338000
2025-12-19,SMH,350.31,358.53,350.31,356.23,355.125,8838700
2025-12-19,IGV,106.95,108.04,106.75,107.76,107.7398,3551100
2025-12-19,XBI,120.74,124.03,120.74,123.43,122.9024,13016100
2025-12-19,GNOM,46.14,47.21,46.14,47.1,46.4556,11000
2025-12-19,ARKG,29.17,29.87,29.158,29.61,29.61,2365000
2025-12-19,KRE,67.31,67.86,66.9,67.24,65.6758,16429700
2025-12-19,XHB,105.44,105.61,104.31,105.07,103.842,1695900
2025-12-19,XME,102.05,106.26,102.05,105.17,104.8337,3413900
2025-12-19,URA,44.15,46.39,44.15,45.89,43.7992,6182000
2025-12-19,ITA,209.2,214.66,209.09,213.91,213.3739,686300
2025-12-19,PAVE,48.32,48.676,48.32,48.56,48.1503,1045200
2025-12-22,SPY,683.94,685.36,680.59,684.83,679.5225,69556700
2025-12-22,QQQ,621.35,621.65,617.77,619.21,617.1083,43703100
2025-12-22,XLK,146.01,146.01,144.65,145.16,144.6383,8864500
2025-12-22,XLF,54.75,55.44,54.74,55.32,54.6515,37987800
2025-12-22,XLV,154.15,155.37,153.8,155.3,153.398,7063700
2025-12-22,XLY,122.36,122.82,122.09,122.34,121.5841,8073400
2025-12-22,XLC,116.68,117.09,116.44,116.66,115.6062,4704400
2025-12-22,XLI,156.07,157.18,155.71,157.05,155.8068,5369000
2025-12-22,XLP,77.97,78.2,77.73,77.88,76.4079,10983600
2025-12-22,XLE,44.14,44.49,44.09,44.21,43.3508,23707400
2025-12-22,XLU,42.29,42.53,42.03,42.47,41.6016,17894900
2025-12-22,XLB,45.39,45.71,45.33,45.67,45.0909,9862300
2025-12-22,XLRE,39.85,40.24,39.725,40.19,39.2445,6797800
2025-12-22,SMH,362.41,362.48,357.77,359.7,359.7,4799500
2025-12-22,IGV,108.35,109.19,108.19,108.95,108.9296,2801800
2025-12-22,XBI,123.32,126.5,122.92,125.91,125.7865,10518300
2025-12-22,GNOM,47.02,48.09,47.02,47.98,47.3236,14300
2025-12-22,ARKG,29.94,31.015,29.738,30.62,30.62,2646000
2025-12-22,KRE,66.99,67.57,66.85,67.15,65.9982,9710200
2025-12-22,XHB,105.06,105.13,104.3,104.56,103.5153,1356100
2025-12-22,XME,106.84,108.61,106.65,107.16,106.9485,1618800
2025-12-22,URA,46.64,47.3,46.13,46.18,44.076,3972200
2025-12-22,ITA,215.5,219.75,214.9,219.36,218.8103,763400
2025-12-22,PAVE,48.78,49.115,48.64,49.045,48.6312,795400
2025-12-23,SPY,683.92,688.2,683.87,687.96,682.6282,64840000
2025-12-23,QQQ,618.2,622.41,617.78,622.11,619.9985,41120400
2025-12-23,XLK,144.74,145.98,144.36,145.95,145.4254,7546100
2025-12-23,XLF,55.31,55.56,55.31,55.43,54.7602,24732900
2025-12-23,XLV,154.69,155.66,154.64,154.99,153.0918,7465800
2025-12-23,XLY,122.27,122.65,121.89,122.17,121.4152,9766400
2025-12-23,XLC,116.61,117.46,116.57,117.39,116.3296,3685000
2025-12-23,XLI,157.02,157.37,156.68,156.99,155.7473,5044600
2025-12-23,XLP,77.81,77.82,77.38,77.51,76.0449,7638500
2025-12-23,XLE,44.37,44.55,44.22,44.5,43.6352,19137500
2025-12-23,XLU,42.4,42.75,42.38,42.62,41.7486,15097300
2025-12-23,XLB,45.78,45.8,45.54,45.75,45.1699,8424800
2025-12-23,XLRE,40.23,40.23,39.995,40.18,39.2348,8384200
2025-12-23,SMH,358.6,363.3,358.06,363.16,363.16,3542100
2025-12-23,IGV,108.48,108.78,107.33,108.07,108.0497,2428800
2025-12-23,XBI,125.46,126.36,124.68,124.89,124.7675,6775100
2025-12-23,GNOM,47.86,47.86,47.385,47.475,46.8255,5800
2025-12-23,ARKG,30.47,30.47,29.945,30.14,30.14,1596100
2025-12-23,KRE,67.01,67.35,66.64,66.67,65.5264,8856100
2025-12-23,XHB,104.35,104.58,103.52,104.11,103.0698,1603400
2025-12-23,XME,107.44,108.54,107,108.01,107.7969,2675900
2025-12-23,URA,46.12,47.3,45.9,46.56,44.4386,3752000
2025-12-23,ITA,219,220.91,218.93,219.69,219.1395,702400
2025-12-23,PAVE,49.02,49.239,48.955,49.15,48.7353,3086700
2025-12-24,SPY,687.95,690.83,687.8,690.38,685.0295,39445600
2025-12-24,QQQ,621.99,624.28,621.72,623.93,621.8123,18468700
2025-12-24,XLK,145.79,146.5,145.68,146.3,145.7742,3676300
2025-12-24,XLF,55.51,55.89,55.41,55.73,55.0566,15685800
2025-12-24,XLV,155.17,155.94,155.15,155.8,153.8919,3085700
2025-12-24,XLY,122.28,122.63,121.93,122.59,121.8326,2250000
2025-12-24,XLC,117.31,118.11,117.25,118.09,117.0232,2044400
2025-12-24,XLI,156.99,157.69,156.8,157.5,156.2533,2238500
2025-12-24,XLP,77.55,78.19,77.55,78.12,76.6434,4697100
2025-12-24,XLE,44.42,44.56,44.31,44.37,43.5077,11293900
2025-12-24,XLU,42.61,42.86,42.55,42.81,41.9347,5761000
2025-12-24,XLB,45.73,45.89,45.61,45.84,45.2588,2767600
2025-12-24,XLRE,40.2,40.51,40.2,40.44,39.4887,3242600
2025-12-24,SMH,362.7,364.54,362.15,364.17,364.17,1640500
2025-12-24,IGV,107.93,108.32,107.66,108.23,108.2097,766700
2025-12-24,XBI,125.44,126.43,125.08,126.3,126.1761,3303100
2025-12-24,GNOM,47.51,47.65,47.32,47.646,46.9942,5600
2025-12-24,ARKG,30.14,30.22,29.79,30.18,30.18,1048000
2025-12-24,KRE,66.69,66.91,66.37,66.73,65.5854,3480600
2025-12-24,XHB,104.11,104.98,103.92,104.79,103.743,738700
2025-12-24,XME,107.67,108.15,106.54,107.87,107.6571,742600
2025-12-24,URA,46.56,46.68,45.93,46.56,44.4386,1392900
2025-12-24,ITA,220.08,220.68,219.49,220.2,219.6482,190000
2025-12-24,PAVE,49.2,49.305,49.07,49.23,48.8147,387000
2025-12-26,SPY,690.64,691.66,689.27,690.31,684.96,41613300
2025-12-26,QQQ,624.66,625.52,623.14,623.89,621.7725,28959800
2025-12-26,XLK,146.61,146.98,146.24,146.53,146.0034,5052900
2025-12-26,XLF,55.71,55.8,55.44,55.62,54.9479,20410100
2025-12-26,XLV,155.69,156.12,155.35,156.05,154.1388,4439100
2025-12-26,XLY,122.43,122.78,121.88,122.05,121.2959,4197000
2025-12-26,XLC,117.87,118.02,117.695,117.97,116.9043,2849500
2025-12-26,XLI,157.36,157.42,156.79,157.21,155.9656,4155300
2025-12-26,XLP,78.04,78.41,77.97,78.23,76.7513,8761300
2025-12-26,XLE,44.32,44.44,43.99,44.2,43.341,17884500
2025-12-26,XLU,42.79,42.87,42.63,42.78,41.9053,8436700
2025-12-26,XLB,45.95,46.14,45.86,46.11,45.5253,5035800
2025-12-26,XLRE,40.35,40.54,40.309,40.52,39.5668,5973000
2025-12-26,SMH,366.07,367.35,364.49,365.86,365.86,2921300
2025-12-26,IGV,108.1,108.47,107.73,108.1,108.0797,1213000
2025-12-26,XBI,125.89,126,124.18,124.98,124.8574,5653900
2025-12-26,GNOM,47.43,47.43,47.13,47.204,46.5582,3600
2025-12-26,ARKG,30.05,30.09,29.445,29.67,29.67,1073900
2025-12-26,KRE,66.71,66.89,66.23,66.52,65.379,5779700
2025-12-26,XHB,104.68,105.01,104.21,104.99,103.941,645200
2025-12-26,XME,108.74,108.92,106.8,107.84,107.6272,1282200
2025-12-26,URA,46.3,46.55,45.48,45.88,43.7896,2218400
2025-12-26,ITA,220.37,220.38,217.77,218.07,217.5235,318600
2025-12-26,PAVE,49.3,49.3,49.09,49.26,48.8444,345700
2025-12-29,SPY,687.54,689.2,686.07,687.85,682.519,62559500
2025-12-29,QQQ,620.1,622.78,618.73,620.87,618.7626,32458300
2025-12-29,XLK,145.35,146.38,145.04,145.87,145.3457,9822300
2025-12-29,XLF,55.59,55.68,55.26,55.32,54.6515,34223800
2025-12-29,XLV,156.07,156.49,155.68,155.81,153.9017,6357300
2025-12-29,XLY,121.56,121.56,120.71,120.85,120.1033,6535400
2025-12-29,XLC,117.55,118.13,117.52,117.89,116.825,4699300
2025-12-29,XLI,156.91,157.57,156.53,156.87,155.6282,4455400
2025-12-29,XLP,78.17,78.48,78.17,78.28,76.8004,9242300
2025-12-29,XLE,44.51,44.74,44.29,44.62,43.7529,31352100
2025-12-29,XLU,42.81,43.11,42.77,42.86,41.9837,12838700
2025-12-29,XLB,45.74,45.86,45.54,45.74,45.16,6370400
2025-12-29,XLRE,40.69,40.74,40.52,40.63,39.6742,9519300
2025-12-29,SMH,362.66,365.82,360.82,364.21,364.21,4874400
2025-12-29,IGV,107.31,108.17,107.05,107.39,107.3699,1665200
2025-12-29,XBI,124.03,124.42,123.09,123.39,123.269,7372200
2025-12-29,GNOM,46.81,46.93,46.58,46.67,46.0315,6100
2025-12-29,ARKG,29.34,29.78,29.085,29.22,29.22,2255600
2025-12-29,KRE,66.52,66.83,65.82,65.94,64.809,8210200
2025-12-29,XHB,105.05,105.15,103.98,104.55,103.5054,1191100
2025-12-29,XME,105.08,106.89,104.75,105.51,105.3018,2035500
2025-12-29,URA,45.42,46.95,45.32,45.74,43.656,2761900
2025-12-29,ITA,217.5,218.1,216.84,217,216.4562,268200
2025-12-29,PAVE,49.1,49.31,48.866,48.97,48.5569,669000
2025-12-30,SPY,687.45,688.56,686.58,687.01,681.6855,47160700
2025-12-30,QQQ,619.84,622.18,619.22,619.43,617.3276,31226800
2025-12-30,XLK,145.85,146.26,145.38,145.41,144.8874,6387400
2025-12-30,XLF,55.4,55.4,55.14,55.18,54.5132,16160900
2025-12-30,XLV,155.66,155.98,155.2,155.68,153.7733,4355000
2025-12-30,XLY,120.61,120.78,120.27,120.36,119.6164,4180500
2025-12-30,XLC,117.68,118.67,117.6,118.29,117.2214,4396200
2025-12-30,XLI,156.89,157.07,156.39,156.42,155.1818,3810500
2025-12-30,XLP,78.1,78.33,78.04,78.15,76.6728,5610900
2025-12-30,XLE,44.8,45.09,44.8,44.96,44.0863,18654700
2025-12-30,XLU,42.88,43.04,42.81,42.96,42.0816,9255300
2025-12-30,XLB,45.81,45.85,45.63,45.73,45.1502,4432100
2025-12-30,XLRE,40.63,40.74,40.56,40.72,39.7621,7967100
2025-12-30,SMH,365.16,366.24,363.07,363.31,363.31,2927000
2025-12-30,IGV,107.22,107.71,106.92,106.99,106.9699,1573200
2025-12-30,XBI,123.14,123.37,121.34,121.67,121.5507,7879400
2025-12-30,GNOM,46.13,46.13,45.51,45.61,45.563,8600
2025-12-30,ARKG,29.285,29.285,28.95,29,29,1215400
2025-12-30,KRE,66.03,66.03,65.39,65.44,64.3175,9126100
2025-12-30,XHB,104.41,104.64,103.78,104.05,103.0104,807500
2025-12-30,XME,106.75,106.92,104.54,104.73,104.5233,2618600
2025-12-30,URA,43.7,43.8,42.75,42.81,42.81,4670600
2025-12-30,ITA,218.05,218.05,216.22,216.34,215.7979,430600
2025-12-30,PAVE,48.66,48.66,48.314,48.32,48.2354,620700
2025-12-31,SPY,687.14,687.36,681.71,681.92,676.635,74144800
2025-12-31,QQQ,619.65,619.96,614.05,614.31,612.2249,40746500
2025-12-31,XLK,145.71,145.8,143.9,143.97,143.4526,9528400
2025-12-31,XLF,55.22,55.26,54.75,54.77,54.1082,22996200
2025-12-31,XLV,155.6,155.84,154.77,154.8,152.9041,4199500
2025-12-31,XLY,120.44,120.46,119.36,119.41,118.6722,4356100
2025-12-31,XLC,118.01,118.275,117.69,117.72,116.6566,3003400
2025-12-31,XLI,156.49,156.56,155.06,155.12,153.8921,3691800
2025-12-31,XLP,77.99,78.12,77.67,77.68,76.2117,5872000
2025-12-31,XLE,44.93,45.02,44.57,44.71,43.8411,16965900
2025-12-31,XLU,42.97,43.01,42.68,42.69,41.8171,10129000
2025-12-31,XLB,45.61,45.67,45.33,45.35,44.775,5704300
2025-12-31,XLRE,40.68,40.69,40.34,40.35,39.4008,6082600
2025-12-31,SMH,364.83,365.57,360.07,360.13,360.13,2687300
2025-12-31,IGV,107.08,107.08,105.66,105.69,105.6702,1921500
2025-12-31,XBI,121.51,122.8,120.95,121.93,121.8104,7327700
2025-12-31,GNOM,45.505,45.71,45.415,45.456,45.4091,5800
2025-12-31,ARKG,29.06,29.09,28.85,28.97,28.97,1104500
2025-12-31,KRE,65.56,65.71,64.79,64.81,63.6983,9961200
2025-12-31,XHB,103.93,104.15,102.92,102.96,101.9313,1075500
2025-12-31,XME,104.18,104.57,103.03,103.61,103.4055,4460600
2025-12-31,URA,42.85,43.23,42.54,42.73,42.73,2986600
2025-12-31,ITA,217.11,217.15,214.23,214.69,214.152,407200
2025-12-31,PAVE,48.41,48.466,47.77,47.79,47.7063,413200
2026-01-02,SPY,685.71,686.87,679.82,683.17,677.8753,89377200
2026-01-02,QQQ,620.06,622.85,610.15,613.12,611.0389,61859200
2026-01-02,XLK,145.63,146.52,143.41,144.3,143.7814,15299500
2026-01-02,XLF,54.83,55,54.34,54.93,54.2663,36087100
2026-01-02,XLV,154.87,155.57,153.58,155.51,153.6054,10998000
2026-01-02,XLY,120.08,120.12,117.71,118.35,117.6188,16200700
2026-01-02,XLC,118.16,118.315,116.58,116.9,115.844,6417600
2026-01-02,XLI,155.62,158.01,154.98,157.98,156.7295,10122900
2026-01-02,XLP,77.71,77.97,77.3,77.69,76.2215,15968600
2026-01-02,XLE,44.72,45.78,44.49,45.65,44.7629,31935500
2026-01-02,XLU,42.89,43.39,42.66,43.18,42.2971,20495400
2026-01-02,XLB,45.52,46.18,45.27,46.12,45.5352,18031000
2026-01-02,XLRE,40.34,40.505,40.05,40.38,39.4301,9211900
2026-01-02,SMH,368.95,376.34,368.84,373.3,373.3,8972400
2026-01-02,IGV,106.49,106.49,101.93,102.62,102.6008,6019800
2026-01-02,XBI,122.27,122.55,120.24,121.52,121.4008,8840800
2026-01-02,GNOM,45.77,45.79,45.26,45.666,45.6189,15100
2026-01-02,ARKG,29.23,29.405,28.74,29.18,29.18,2047600
2026-01-02,KRE,64.91,65.59,64.06,65.24,64.121,14549300
2026-01-02,XHB,103.47,104.89,102.76,104.55,103.5054,1071600
2026-01-02,XME,105.24,107.6,104.76,107.53,107.3178,1900500
2026-01-02,URA,43.47,46.21,43.43,46.06,46.06,6890600
2026-01-02,ITA,215.52,222.01,213.61,222.01,221.4536,829700
2026-01-02,PAVE,48.08,48.89,47.93,48.85,48.7645,1188300
2026-01-05,SPY,686.54,689.43,686.38,687.72,682.3901,71927200
2026-01-05,QQQ,619.32,620.81,616.72,617.99,615.8924,46828400
2026-01-05,XLK,146.01,146.39,144.25,144.62,144.1002,17476300
2026-01-05,XLF,54.82,56.51,54.82,56.13,55.4518,58044100
2026-01-05,XLV,154.59,155.39,152.97,155.04,153.1412,17756200
2026-01-05,XLY,118.95,121.15,118.59,120.3,119.5567,17653800
2026-01-05,XLC,117.005,118.31,116.94,117.75,116.6863,5984600
2026-01-05,XLI,158.3,160.57,158.3,159.85,158.5847,16194200
2026-01-05,XLP,77.56,77.57,76.76,77.35,75.8879,23429400
2026-01-05,XLE,47.16,47.32,45.75,46.89,45.9788,94961000
2026-01-05,XLU,43.19,43.29,42.06,42.7,41.8269,27884400
2026-01-05,XLB,46.02,46.73,46,46.58,45.9894,22033700
2026-01-05,XLRE,40.245,40.6,40.05,40.43,39.4789,12232000
2026-01-05,SMH,381.72,383.99,376.94,377.59,377.59,9071300
2026-01-05,IGV,103.47,104.59,102.99,103.63,103.6106,4848500
2026-01-05,XBI,121.33,121.74,118.28,120.15,120.0322,11833100
2026-01-05,GNOM,45.69,45.98,45.12,45.899,45.8517,8800
2026-01-05,ARKG,29.37,30.091,29.275,29.98,29.98,3250400
2026-01-05,KRE,65.24,67.23,65.02,66.56,65.4183,20130900
2026-01-05,XHB,104.42,106.71,104.13,105.23,104.1786,1421500
2026-01-05,XME,109.5,111.76,109.33,111.06,110.8408,2806700
2026-01-05,URA,47.45,48.77,46.66,48.63,48.63,9591800
2026-01-05,ITA,223.36,227.02,222.83,226.48,225.9124,1219400
2026-01-05,PAVE,48.96,49.78,48.96,49.44,49.3535,4986200
2026-01-06,SPY,687.93,692.32,687.78,691.81,686.4484,69273800
2026-01-06,QQQ,619.23,624.02,618.54,623.42,621.304,43137500
2026-01-06,XLK,145.21,146.77,144.63,146.65,146.1229,14985700
2026-01-06,XLF,56.04,56.52,55.99,56.4,55.7185,38950800
2026-01-06,XLV,155.14,158.33,155.14,158.09,156.1538,17783800
2026-01-06,XLY,119.53,121.26,119.44,121.07,120.322,17759400
2026-01-06,XLC,117.64,117.88,116.545,117.33,116.2701,5698200
2026-01-06,XLI,159.44,162.16,159.18,162.02,160.7375,12757200
2026-01-06,XLP,77.34,77.69,77.14,77.47,76.0057,17108100
2026-01-06,XLE,47,47.06,45.53,45.64,44.7531,69568200
2026-01-06,XLU,42.75,42.96,42.52,42.91,42.0326,21861800
2026-01-06,XLB,46.73,47.63,46.69,47.5,46.8977,18351400
2026-01-06,XLRE,40.26,40.83,40.24,40.7,39.7426,9052600
2026-01-06,SMH,382.4,389.37,382.14,387.62,387.62,10201200
2026-01-06,IGV,103.55,104.96,103.34,104.92,104.9003,3910200
2026-01-06,XBI,119.99,122.19,119.76,122.09,121.9703,8364800
2026-01-06,GNOM,46.49,48,46.41,47.83,47.7807,10600
2026-01-06,ARKG,30.07,31.64,29.952,31.5,31.5,3455700
2026-01-06,KRE,66.34,67.36,66.04,67.23,66.0768,11816200
2026-01-06,XHB,104.16,106.04,102.71,105.87,104.8122,1338500
2026-01-06,XME,112.3,115.24,112.28,115.02,114.793,4210600
2026-01-06,URA,48.99,49.6,48.16,49.37,49.37,6424400
2026-01-06,ITA,226.86,230.87,226.37,230.21,229.6331,1366400
2026-01-06,PAVE,49.3,50.055,48.75,49.97,49.8825,1936000
2026-01-07,SPY,692.19,693.96,689.32,689.58,684.2357,75588300
2026-01-07,QQQ,623.04,627.94,622.56,624.02,621.902,44880300
2026-01-07,XLK,146.53,147.38,146.04,146.53,146.0034,13957100
2026-01-07,XLF,56.23,56.34,55.54,55.61,54.938,44720900
2026-01-07,XLV,158.54,160.59,158.54,159.66,157.7046,14505700
2026-01-07,XLY,121.26,122.13,120.9,120.9,120.153,11327700
2026-01-07,XLC,117.2,117.7,116.68,117.09,116.0323,5050900
2026-01-07,XLI,162.49,162.6,158.87,158.97,157.7116,12333000
2026-01-07,XLP,77.56,77.69,76.6,76.62,75.1717,18977200
2026-01-07,XLE,45.82,45.82,45.08,45.13,44.253,42739200
2026-01-07,XLU,42.95,42.97,41.74,41.87,41.0139,27613300
2026-01-07,XLB,47.34,47.56,46.63,46.68,46.0881,16963400
2026-01-07,XLRE,40.88,40.99,40.13,40.14,39.1957,12482300
2026-01-07,SMH,385.2,387.81,383.59,385.02,385.02,6058900
2026-01-07,IGV,105,107.3,105,106.24,106.2201,3216300
2026-01-07,XBI,122.95,129.12,122.75,126.43,126.306,19350100
2026-01-07,GNOM,47.72,48.92,47.72,48.68,48.6298,10600
2026-01-07,ARKG,31.64,32.66,31.63,32.09,32.09,3796500
2026-01-07,KRE,67.14,67.49,66.21,66.75,65.6051,12751600
2026-01-07,XHB,106.56,107.37,103.58,103.76,102.7233,3911600
2026-01-07,XME,113.22,114.33,111.91,114.17,113.9447,2974500
2026-01-07,URA,48.96,49.9,48.65,49.83,49.83,5041200
2026-01-07,ITA,231.27,232.54,226.22,226.41,225.8426,1985100
2026-01-07,PAVE,49.98,50.15,48.9,48.97,48.8843,1272600
2026-01-08,SPY,688.82,690.62,687.49,689.51,684.1662,64019200
2026-01-08,QQQ,623.03,623.42,617.8,620.47,618.364,50435900
2026-01-08,XLK,145.93,145.93,143.5,144.24,143.7216,16870100
2026-01-08,XLF,55.45,56.25,55.41,55.9,55.2245,35358300
2026-01-08,XLV,159.15,160.5,157.61,158.12,156.1834,17611000
2026-01-08,XLY,120.58,123.14,120.4,122.92,122.1606,12565400
2026-01-08,XLC,117.33,117.665,116.54,117.48,116.4188,5089300
2026-01-08,XLI,160.02,161.36,159.76,160.17,158.9021,11555400
2026-01-08,XLP,76.61,78.73,76.51,78.44,76.9573,26260100
2026-01-08,XLE,45.32,46.85,45.22,46.55,45.6454,51451000
2026-01-08,XLU,41.82,42.29,41.81,41.99,41.1315,22853300
2026-01-08,XLB,46.41,47.63,46.27,47.5,46.8977,14918900
2026-01-08,XLRE,39.99,40.635,39.9,40.44,39.4887,8785000
2026-01-08,SMH,384.56,384.74,375.86,378.98,378.98,5724000
2026-01-08,IGV,105.63,105.7,104.25,104.44,104.4204,3038000
2026-01-08,XBI,124.87,125.48,122.36,123.71,123.5887,14907800
2026-01-08,GNOM,45.57,48.276,45.57,47.5,47.451,9700
2026-01-08,ARKG,31.87,31.87,30.81,30.91,30.91,2645900
2026-01-08,KRE,66.5,68.63,66.4,68.08,66.9123,23176800
2026-01-08,XHB,103.24,108.31,102.84,107.63,106.5547,2665700
2026-01-08,XME,112,114.09,111.64,114.03,113.805,2509700
2026-01-08,URA,49.44,49.73,48.76,49.51,49.51,3394600
2026-01-08,ITA,232.36,235.94,225.11,227.43,226.8601,2620200
2026-01-08,PAVE,48.88,49.395,48.745,49.37,49.2836,793700
2026-01-09,SPY,690.63,695.31,689.18,694.07,688.6909,80125500
2026-01-09,QQQ,621.41,627.89,619.06,626.65,624.5231,49688700
2026-01-09,XLK,144.57,146.58,144.03,146.15,145.6247,15652600
2026-01-09,XLF,55.98,56.16,55.72,55.73,55.0566,29544900
2026-01-09,XLV,158.33,158.93,157.26,157.31,155.3834,12352000
2026-01-09,XLY,122.92,124.56,122.18,124.41,123.6413,13817800
2026-01-09,XLC,117.52,118.23,117.19,117.91,116.8449,4187000
2026-01-09,XLI,160.63,162.22,160.63,161.93,160.6482,9439600
2026-01-09,XLP,78.43,79.34,78.37,79.25,77.752,18234000
2026-01-09,XLE,46.75,46.88,46.51,46.67,45.763,38839900
2026-01-09,XLU,42.52,42.89,42.49,42.51,41.6408,21518300
2026-01-09,XLB,47.59,48.29,47.56,48.26,47.6481,11769700
2026-01-09,XLRE,40.41,40.755,40.41,40.5,39.5473,7050200
2026-01-09,SMH,382.28,390.88,380.08,389.22,389.22,6490800
2026-01-09,IGV,104.46,105.28,103.53,105,104.9803,3407400
2026-01-09,XBI,125.2,126.01,124.15,124.5,124.3779,9956800
2026-01-09,GNOM,47.9,48.3,47.355,47.364,47.3152,2800
2026-01-09,ARKG,31.24,31.415,30.425,30.55,30.55,2466100
2026-01-09,KRE,68.27,68.67,67.4,67.48,66.3225,14238000
2026-01-09,XHB,109.27,113.46,109.27,113.2,112.069,7088300
2026-01-09,XME,115.04,117.85,114.86,116.9,116.6693,2608500
2026-01-09,URA,51.81,52.79,49.89,50.31,50.31,8560500
2026-01-09,ITA,228.75,233.23,228.67,232.97,232.3862,1200000
2026-01-09,PAVE,49.65,50.24,49.65,50.13,50.0422,1346500
2026-01-12,SPY,690.68,696.09,690.63,695.16,689.7724,63976000
2026-01-12,QQQ,622.31,628.85,622.26,627.17,625.0413,37388700
2026-01-12,XLK,145.19,147.29,145.05,146.79,146.2624,12867200
2026-01-12,XLF,55.03,55.36,54.84,55.29,54.6219,42021600
2026-01-12,XLV,157.33,157.5,156.01,157.38,155.4525,12250100
2026-01-12,XLY,123.87,125.01,123.34,124.52,123.7507,8773100
2026-01-12,XLC,117.45,117.85,117.36,117.55,116.4881,5668000
2026-01-12,XLI,161.63,163.25,161.37,163.17,161.8784,7420500
2026-01-12,XLP,79.53,80.27,79.26,80.18,78.6645,26411200
2026-01-12,XLE,46.75,46.81,46.1,46.34,45.4395,28264400
2026-01-12,XLU,42.38,42.71,42.3,42.58,41.7094,16810600
2026-01-12,XLB,48.37,48.61,48.2,48.52,47.9048,12672800
2026-01-12,XLRE,40.55,40.82,40.455,40.62,39.6644,8398900
2026-01-12,SMH,385.67,391.98,385.67,390.66,390.66,5532000
2026-01-12,IGV,104.41,105.61,104.2,105.35,105.3303,3232700
2026-01-12,XBI,123.98,124.17,121.56,123.93,123.8085,10175000
2026-01-12,GNOM,47.42,47.55,46.67,47.37,47.3212,5900
2026-01-12,ARKG,31.34,32.07,30.96,31.8,31.8,3846500
2026-01-12,KRE,66.89,67.22,66.33,66.68,65.5363,16710600
2026-01-12,XHB,112.57,114.34,112.04,113.63,112.4947,3770500
2026-01-12,XME,118.91,121.14,118.27,120.5,120.2622,3586000
2026-01-12,URA,51.13,52.05,50.42,51.76,51.76,4596100
2026-01-12,ITA,233.76,236.57,233.56,236.55,235.9572,1089100
2026-01-12,PAVE,50,50.529,49.915,50.48,50.3916,1089500
2026-01-13,SPY,695.49,696.09,691.35,693.77,688.3932,78309700
2026-01-13,QQQ,627.27,629.47,623.7,626.24,624.1145,44481400
2026-01-13,XLK,146.85,147.52,145.85,146.48,145.9535,16552200
2026-01-13,XLF,55.15,55.23,54.15,54.23,53.5747,77045100
2026-01-13,XLV,157.65,157.67,155.74,156.74,154.8204,11756500
2026-01-13,XLY,124.53,124.7,123.42,124.21,123.4426,9033300
2026-01-13,XLC,117.6,117.92,116.456,116.89,115.8341,7757800
2026-01-13,XLI,163.88,164.54,163.42,164.01,162.7117,9580400
2026-01-13,XLP,80.21,81.19,80.21,81.11,79.5769,26284200
2026-01-13,XLE,46.73,47.39,46.68,47,46.0866,50469200
2026-01-13,XLU,42.62,42.96,42.42,42.85,41.9739,22207400
2026-01-13,XLB,48.6,48.76,48.39,48.73,48.1121,10797500
2026-01-13,XLRE,40.61,40.975,40.25,40.93,39.9671,8778300
2026-01-13,SMH,392.27,396.1,390.38,391.53,391.53,5281600
2026-01-13,IGV,104.97,105.46,102.94,103.35,103.3306,7434700
2026-01-13,XBI,123.36,124.29,121.87,123.85,123.7285,8421700
2026-01-13,GNOM,47.38,47.93,47.32,47.803,47.7537,36000
2026-01-13,ARKG,32.03,32.28,31.27,31.96,31.96,1861000
2026-01-13,KRE,66.87,67.19,66.14,66.24,65.1038,13611800
2026-01-13,XHB,113.95,115.01,113.65,114.88,113.7322,2716600
2026-01-13,XME,121.62,122.21,119.36,119.76,119.5237,2020200
2026-01-13,URA,52.2,52.25,50.62,50.77,50.77,4358500
2026-01-13,ITA,239.51,239.58,236.73,237.54,236.9447,1169300
2026-01-13,PAVE,50.59,50.815,50.45,50.74,50.6512,945200
2026-01-14,SPY,691,691.72,686.04,690.36,685.0095,94676700
2026-01-14,QQQ,622.24,623.45,614.56,619.55,617.4471,72598700
2026-01-14,XLK,145.5,145.93,143.32,144.7,144.1799,22104200
2026-01-14,XLF,54.05,54.18,53.69,54.15,53.4957,59754600
2026-01-14,XLV,156.61,157.99,156.48,157.86,155.9266,13516800
2026-01-14,XLY,123.39,123.41,121.64,122.25,121.4947,10758100
2026-01-14,XLC,116.67,116.83,116.09,116.64,115.5863,5646400
2026-01-14,XLI,163.78,164.3,162.81,164.27,162.9697,10727100
2026-01-14,XLP,81.08,82.35,81.05,82.23,80.6757,32494200
2026-01-14,XLE,47.25,48.65,47.18,48.06,47.126,80750200
2026-01-14,XLU,42.81,43.32,42.77,43.17,42.2873,21403100
2026-01-14,XLB,48.75,49.14,48.63,48.75,48.1319,16029700
2026-01-14,XLRE,40.9,41.395,40.9,41.39,40.4163,9738100
2026-01-14,SMH,388.96,389.34,383.81,388.35,388.35,6696500
2026-01-14,IGV,102.92,103.1,100.09,101.07,101.0511,7742400
2026-01-14,XBI,123.78,126.89,123.46,126.82,126.6956,10927700
2026-01-14,GNOM,48.08,48.375,47.81,48.373,48.3231,4300
2026-01-14,ARKG,31.83,32.56,31.729,32.53,32.53,2861900
2026-01-14,KRE,66.19,67.21,65.84,66.98,65.8311,13337400
2026-01-14,XHB,114.43,115.28,112.66,113.89,112.7521,4208500
2026-01-14,XME,120.65,123.87,119.31,122.96,122.7174,2347100
2026-01-14,URA,51.15,52.98,50.24,52.59,52.59,6224000
2026-01-14,ITA,237.14,239.16,234.98,239.16,238.5607,1066700
2026-01-14,PAVE,50.7,50.9,50.265,50.69,50.6013,992400
2026-01-15,SPY,694.57,695.45,691.25,692.24,686.875,77862000
2026-01-15,QQQ,626.6,630,620.75,621.78,619.6696,53934900
2026-01-15,XLK,146.93,147.57,145.31,145.46,144.9372,17370900
2026-01-15,XLF,54.22,54.7,54.21,54.37,53.713,48490800
2026-01-15,XLV,157.31,157.45,155.37,156.96,155.0377,15303400
2026-01-15,XLY,122.87,123.25,122.4,122.7,121.9419,7447900
2026-01-15,XLC,116.99,116.99,115.93,116.21,115.1602,12267200
2026-01-15,XLI,165.07,166.05,164.99,165.78,164.4677,9197400
2026-01-15,XLP,82.1,82.51,81.85,82.37,80.8131,29123700
2026-01-15,XLE,47.63,48.07,47.27,47.61,46.6848,49328800
2026-01-15,XLU,43.32,43.82,43.32,43.61,42.7183,21762700
2026-01-15,XLB,48.77,49.11,48.61,48.96,48.3392,17883600
2026-01-15,XLRE,41.54,41.85,41.445,41.7,40.719,23308300
2026-01-15,SMH,401.07,403.62,396.12,396.41,396.41,9948100
2026-01-15,IGV,101.5,101.66,99.47,99.78,99.7613,9024200
2026-01-15,XBI,126.5,127.22,124.18,124.35,124.2281,10400500
2026-01-15,GNOM,48.18,48.32,47.77,47.848,47.7987,4000
2026-01-15,ARKG,32.67,32.77,31.988,32.06,32.06,2510900
2026-01-15,KRE,67.15,68.66,67.08,68.24,67.0695,15840700
2026-01-15,XHB,114.3,115.67,114.09,115.45,114.2965,2813200
2026-01-15,XME,122.47,124.77,121.81,123.71,123.4659,6000800
2026-01-15,URA,52.65,53.93,52.11,52.78,52.78,7282000
2026-01-15,ITA,239.76,241.68,238.31,241.21,240.6055,1105700
2026-01-15,PAVE,50.92,51.615,50.92,51.41,51.32,1991400
2026-01-16,SPY,693.66,694.25,690.1,691.66,686.2996,79289200
2026-01-16,QQQ,625.5,626.08,618.88,621.26,619.1514,61058100
2026-01-16,XLK,146.72,146.95,145.02,145.62,145.0966,14156700
2026-01-16,XLF,54.37,54.76,54.29,54.44,53.7822,44363200
2026-01-16,XLV,156.64,156.97,155.71,155.74,153.8326,11950300
2026-01-16,XLY,122.76,123.04,121.88,122.3,121.5444,7058700
2026-01-16,XLC,116.4,116.4,115.13,115.17,114.1296,5545100
2026-01-16,XLI,166.4,167.2,166.12,166.9,165.5789,13483100
2026-01-16,XLP,82.15,82.28,81.72,82.11,80.558,23754200
2026-01-16,XLE,47.56,47.81,47.49,47.69,46.7632,30796300
2026-01-16,XLU,43.17,43.52,42.94,43.39,42.5028,27803600
2026-01-16,XLB,48.57,48.72,48.36,48.68,48.0627,10769100
2026-01-16,XLRE,41.61,42.34,41.54,42.21,41.217,9540900
2026-01-16,SMH,402.85,405.31,398.42,400.39,400.39,5485900
2026-01-16,IGV,100,100.09,98.09,98.31,98.2916,7824500
2026-01-16,XBI,124.6,125.68,123.64,124.18,124.0582,9758200
2026-01-16,GNOM,47.98,48.225,47.71,47.81,47.7607,5900
2026-01-16,ARKG,32.11,32.44,31.48,31.82,31.82,2039200
2026-01-16,KRE,68.11,68.47,67.76,67.85,66.6862,14681500
2026-01-16,XHB,115.34,116.21,114.03,114.56,113.4154,5103800
2026-01-16,XME,123.05,124.48,121.38,124.14,123.895,2576600
2026-01-16,URA,53.34,54.91,53,54.4,54.4,6690100
2026-01-16,ITA,242.2,244.76,241.62,243.77,243.1591,1030700
2026-01-16,PAVE,51.57,51.78,51.364,51.57,51.4797,994300
2026-01-20,SPY,681.49,684.77,676.57,677.58,672.3287,111623300
2026-01-20,QQQ,610.53,615.06,607.05,608.06,605.9962,81988900
2026-01-20,XLK,143.09,144.1,141.61,141.84,141.3302,20029200
2026-01-20,XLF,53.61,54.11,53.1,53.2,52.5572,57030800
2026-01-20,XLV,154,155.92,153.23,155.4,153.4968,12775200
2026-01-20,XLY,120.28,120.57,118.9,119.12,118.384,9720000
2026-01-20,XLC,113.79,114.7,113.375,113.47,112.445,9177400
2026-01-20,XLI,164.76,165.71,163.18,163.53,162.2355,14435200
2026-01-20,XLP,81.95,82.56,81.45,82.36,80.8032,19889000
2026-01-20,XLE,48.09,48.31,47.5,47.6,46.675,50178700
2026-01-20,XLU,43.12,43.36,42.83,42.96,42.0816,25300900
2026-01-20,XLB,48.35,48.52,48.02,48.19,47.579,17363800
2026-01-20,XLRE,41.93,42,41.36,41.4,40.4261,9263900
2026-01-20,SMH,393.16,397.16,389.43,390.39,390.39,7158500
2026-01-20,IGV,96.3,97.27,95.8,95.93,95.912,10577900
2026-01-20,XBI,122.42,125.41,121.27,125.29,125.1671,10780000
2026-01-20,GNOM,46.69,48.4,46.49,48.4,48.3501,16200
2026-01-20,ARKG,30.87,31.96,30.62,31.61,31.61,2202800
2026-01-20,KRE,66.9,67.81,66.74,66.96,65.8115,18387500
2026-01-20,XHB,112.35,113.81,111.82,111.89,110.7721,2931600
2026-01-20,XME,124.28,126.27,123.86,125.79,125.5418,3136400
2026-01-20,URA,54.51,55.87,53.56,54.12,54.12,11129400
2026-01-20,ITA,241.57,244.16,237.38,237.9,237.3038,1460700
2026-01-20,PAVE,50.8,51.04,50.36,50.52,50.4316,2044000
2026-01-21,SPY,679.65,688.74,678.13,685.4,680.0881,127844500
2026-01-21,QQQ,609.47,620.42,607.86,616.28,614.1884,79837900
2026-01-21,XLK,142.78,145.04,141.96,143.81,143.2931,27892800
2026-01-21,XLF,53.37,53.83,53.24,53.46,52.814,49360300
2026-01-21,XLV,155.2,158.51,155.15,158.26,156.3217,16393900
2026-01-21,XLY,119.41,121.9,119.41,121.4,120.6499,11017600
2026-01-21,XLC,113.25,115,113.18,114.63,113.5945,7862800
2026-01-21,XLI,164.38,167.01,164.17,166.36,165.0431,14068600
2026-01-21,XLP,82.17,82.57,81.66,82.44,80.8817,23029100
2026-01-21,XLE,48.29,49.05,48.29,48.75,47.8026,58996000
2026-01-21,XLU,43.31,43.31,42.69,43.02,42.1404,33736500
2026-01-21,XLB,48.82,49.38,48.67,49.24,48.6157,16940400
2026-01-21,XLRE,41.65,41.76,41.215,41.55,40.5726,9950200
2026-01-21,SMH,394.75,405.88,393.37,401.93,401.93,8754600
2026-01-21,IGV,96.09,96.4,94.23,95.4,95.3821,9514000
2026-01-21,XBI,125.22,128.29,124.89,128.18,128.0543,8406000
2026-01-21,GNOM,48.59,49.845,48.59,49.76,49.7087,11600
2026-01-21,ARKG,31.74,32.585,31.36,32.4,32.4,3376300
2026-01-21,KRE,67.62,70.37,67.52,70.08,68.8779,29438400
2026-01-21,XHB,112.73,116.01,112.12,114.84,113.6926,3303000
2026-01-21,XME,128.3,129.41,125.32,127.81,127.5578,3037400
2026-01-21,URA,56.29,56.79,54.29,56.15,56.15,8429000
2026-01-21,ITA,239.54,240.61,236.08,240.27,239.6679,1236100
2026-01-21,PAVE,50.91,51.945,50.8,51.65,51.5596,1409600
2026-01-22,SPY,689.85,691.13,686.92,688.98,683.6403,77112200
2026-01-22,QQQ,622.35,622.46,617.78,620.76,618.653,42254800
2026-01-22,XLK,145.61,145.7,144.16,144.88,144.3593,12971600
2026-01-22,XLF,53.65,54.05,53.64,53.81,53.1598,46919300
2026-01-22,XLV,157.65,159.23,157.5,158.29,156.3514,10881400
2026-01-22,XLY,122.13,123.08,121.72,122.62,121.8624,6594200
2026-01-22,XLC,115.73,116.47,115.445,116.25,115.1999,5517000
2026-01-22,XLI,166.56,167.01,165.19,165.5,164.1899,9937200
2026-01-22,XLP,82.34,82.57,82.05,82.27,80.7149,15777300
2026-01-22,XLE,48.62,49,48.42,48.91,47.9595,50869500
2026-01-22,XLU,43.2,43.27,42.6,42.71,41.8367,26170700
2026-01-22,XLB,49.37,49.83,49.35,49.52,48.8921,14648300
2026-01-22,XLRE,41.56,41.685,41.12,41.14,40.1722,9731900
2026-01-22,SMH,408.18,408.73,401.57,402.82,402.82,5462600
2026-01-22,IGV,96.42,96.96,95.81,96.94,96.9218,7214700
2026-01-22,XBI,128.28,132.09,128.19,131.57,131.441,9726200
2026-01-22,GNOM,50,51.42,50,50.588,50.5359,14200
2026-01-22,ARKG,32.64,34.39,32.49,34.24,34.24,4870900
2026-01-22,KRE,70.17,71.27,69.81,69.93,68.7305,19220800
2026-01-22,XHB,115.3,116.37,112.94,113.6,112.465,4050800
2026-01-22,XME,128.91,132.81,128.91,130.69,130.4321,2925500
2026-01-22,URA,56.71,57.2,55.8,56.56,56.56,5864100
2026-01-22,ITA,238.97,239.58,235.26,235.82,235.229,1020400
2026-01-22,PAVE,52.05,52.215,51.47,51.67,51.5795,1146700
2026-01-23,SPY,688.15,690.96,687.16,689.23,683.8883,63059600
2026-01-23,QQQ,619.73,625.4,618.65,622.72,620.6064,43645800
2026-01-23,XLK,144.53,145.83,143.75,145.09,144.5685,14654500
2026-01-23,XLF,53.49,53.51,52.88,53.07,52.4287,47057500
2026-01-23,XLV,157.8,158.38,156.66,157.48,155.5513,10191300
2026-01-23,XLY,122.48,123.39,122.23,123.13,122.3693,6470900
2026-01-23,XLC,116.07,117.215,116.07,116.96,115.9034,6086200
2026-01-23,XLI,165.5,165.82,163.71,164.22,162.9201,11673600
2026-01-23,XLP,82.38,82.94,82.31,82.91,81.3428,20185600
2026-01-23,XLE,49.52,49.89,49.09,49.19,48.2341,51431200
2026-01-23,XLU,42.71,42.75,42.3,42.56,41.6898,26527200
2026-01-23,XLB,49.46,49.99,49.36,49.97,49.3364,19550700
2026-01-23,XLRE,41.13,41.33,40.93,41.25,40.2796,7587100
2026-01-23,SMH,400.5,403.09,397.53,400.09,400.09,5869500
2026-01-23,IGV,96.89,98.56,96.78,97.71,97.6917,9745900
2026-01-23,XBI,130.93,131.67,127.86,128.04,127.9144,11376600
2026-01-23,GNOM,50.26,50.27,49.34,49.501,49.45,6200
2026-01-23,ARKG,34.14,34.185,32.515,32.63,32.63,2996100
2026-01-23,KRE,69.64,69.75,67.45,67.61,66.4503,27784000
2026-01-23,XHB,113.2,113.53,111.16,111.69,110.5741,3085700
2026-01-23,XME,131.26,131.86,129.59,131.44,131.1806,2872200
2026-01-23,URA,57.25,57.44,56.15,57,57,4069100
2026-01-23,ITA,236.55,237.59,234,235.07,234.4809,844100
2026-01-23,PAVE,51.62,51.62,50.945,51.1,51.0105,1544500
2026-01-26,SPY,690.49,694.13,689.92,692.73,687.3612,60473800
2026-01-26,QQQ,623.21,627.61,622.12,625.46,623.3372,35983000
2026-01-26,XLK,145.27,146.71,144.89,146.08,145.555,10195600
2026-01-26,XLF,53.1,53.55,53.09,53.41,52.7646,31072700
2026-01-26,XLV,157.37,158.33,156.9,158.1,156.1637,6810400
2026-01-26,XLY,123.06,123.4,122.3,122.32,121.5643,4812700
2026-01-26,XLC,117.26,118.01,117.085,117.77,116.7061,4763900
2026-01-26,XLI,164.22,164.67,163.85,164.38,163.0788,8231500
2026-01-26,XLP,83.05,83.33,82.64,82.78,81.2153,13188000
2026-01-26,XLE,49.87,49.89,48.95,49.22,48.2635,40122600
2026-01-26,XLU,42.7,43.18,42.66,42.87,41.9935,19254000
2026-01-26,XLB,50.42,50.48,50.02,50.03,49.3956,13900900
2026-01-26,XLRE,41.41,41.515,41.19,41.22,40.2503,6462100
2026-01-26,SMH,398.4,400.74,396.22,398.82,398.82,4326900
2026-01-26,IGV,98,99.34,97.82,98.81,98.7915,8478800
2026-01-26,XBI,126.81,128.49,125.91,127.86,127.7346,6799300
2026-01-26,GNOM,49.47,49.56,48.9,49.309,49.2582,4600
2026-01-26,ARKG,32.485,32.99,32.02,32.48,32.48,2222400
2026-01-26,KRE,67.66,68.27,67.19,67.93,66.7648,16350300
2026-01-26,XHB,112.01,112.4,110.92,111.4,110.287,2339600
2026-01-26,XME,135.59,135.68,125.94,126.17,125.921,4558400
2026-01-26,URA,58.14,58.95,54.65,54.93,54.93,10895600
2026-01-26,ITA,234.58,235.2,232.6,233.38,232.7952,894500
2026-01-26,PAVE,51.25,51.415,51.01,51.12,51.0305,2704700
2026-01-27,SPY,694.18,696.53,693.57,695.49,690.0999,55506100
2026-01-27,QQQ,628.91,632.04,627.34,631.13,628.9879,38997200
2026-01-27,XLK,147.42,148.62,147.03,148.05,147.5179,12436200
2026-01-27,XLF,53.32,53.43,52.84,53,52.3596,38633700
2026-01-27,XLV,155.8,157.09,155.14,155.45,153.5461,12697500
2026-01-27,XLY,122.74,122.92,121.82,122.69,121.932,4269700
2026-01-27,XLC,117.89,117.89,116.54,116.9,115.844,3934000
2026-01-27,XLI,164.66,165.38,163.71,165.06,163.7534,9439300
2026-01-27,XLP,82.76,83.24,82.45,83.16,81.5881,13532200
2026-01-27,XLE,49.39,49.82,49.16,49.67,48.7047,39840300
2026-01-27,XLU,42.82,43.55,42.6,43.43,42.542,31070500
2026-01-27,XLB,49.87,50.18,49.68,49.98,49.3463,10123800
2026-01-27,XLRE,41.29,41.35,41.07,41.25,40.2796,6453200
2026-01-27,SMH,403.9,409.39,402.21,407.25,407.25,6145600
2026-01-27,IGV,99.08,99.28,97.42,97.76,97.7417,9684400
2026-01-27,XBI,127.87,129.93,127.53,128.53,128.4039,6965800
2026-01-27,GNOM,49.5,49.98,49.04,49.176,49.1253,7000
2026-01-27,ARKG,32.76,33.15,32.205,32.42,32.42,1932800
2026-01-27,KRE,68.12,68.52,67.72,68.26,67.0892,11458200
2026-01-27,XHB,111.27,111.29,109.78,110.08,108.9802,1523100
2026-01-27,XME,125.61,128.76,125,128.34,128.0867,3286400
2026-01-27,URA,55.62,57.99,54.88,57.85,57.85,7437000
2026-01-27,ITA,234.31,237.31,233.14,237.02,236.426,798700
2026-01-27,PAVE,51.2,51.37,50.792,51.17,51.0804,1134500
2026-01-28,SPY,697.05,697.84,693.94,695.42,690.0304,61172200
2026-01-28,QQQ,635.46,636.6,631.81,633.22,631.0707,50691700
2026-01-28,XLK,149,149.9,148.61,149.23,148.6936,19497400
2026-01-28,XLF,52.93,53.21,52.76,52.99,52.3497,45450800
2026-01-28,XLV,154.3,155.15,153.47,154.31,152.4201,11426600
2026-01-28,XLY,123.09,123.69,121.59,121.77,121.0177,8732200
2026-01-28,XLC,117.33,117.825,116.64,116.75,115.6953,8319500
2026-01-28,XLI,164.42,165.28,163.52,164.14,162.8407,10144900
2026-01-28,XLP,83,83.4,81.95,82.32,80.764,16303200
2026-01-28,XLE,49.97,50.14,49.56,50.05,49.0774,41890400
2026-01-28,XLU,43.5,43.67,43.13,43.33,42.4441,25183600
2026-01-28,XLB,50.12,50.21,49.54,49.95,49.3166,13517200
2026-01-28,XLRE,41.235,41.37,40.745,40.85,39.889,8519200
2026-01-28,SMH,415.34,418.49,413.13,416.63,416.63,7641900
2026-01-28,IGV,98.1,98.95,96.94,97.06,97.0418,9073800
2026-01-28,XBI,128.61,128.71,125.8,125.94,125.8165,8477500
2026-01-28,GNOM,48.82,48.86,48.12,48.12,48.0704,6300
2026-01-28,ARKG,32.54,32.55,31.478,31.48,31.48,3122300
2026-01-28,KRE,68.21,68.66,67.65,67.78,66.6174,14059500
2026-01-28,XHB,109.75,111.54,109.18,109.64,108.5446,1766600
2026-01-28,XME,129.79,130,125.6,128.72,128.466,3459500
2026-01-28,URA,59.18,61.82,58.47,61.81,61.81,12582900
2026-01-28,ITA,236.49,236.49,232.53,233.69,233.1044,975900
2026-01-28,PAVE,51.15,51.29,50.65,50.9,50.8109,1391500
2026-01-29,SPY,696.39,697.06,684.83,694.04,688.6611,97486200
2026-01-29,QQQ,632.65,633.67,618.27,629.43,627.2936,79944000
2026-01-29,XLK,147.84,147.93,143.27,146.87,146.3421,25581000
2026-01-29,XLF,53.32,53.63,52.99,53.55,52.9029,51975400
2026-01-29,XLV,154.25,154.67,153.5,153.82,151.9361,12167300
2026-01-29,XLY,122.47,122.6,120.41,121.19,120.4412,12410400
2026-01-29,XLC,119.28,119.955,117.875,119.79,118.7079,9730200
2026-01-29,XLI,165.25,166.91,164.05,165.86,164.5471,16332500
2026-01-29,XLP,82.36,82.85,82.01,82.13,80.5776,18799300
2026-01-29,XLE,51.15,51.73,50.48,50.51,49.5284,77520700
2026-01-29,XLU,43.51,43.77,43.08,43.33,42.4441,27417900
2026-01-29,XLB,50.45,50.62,49.29,50,49.366,20503700
2026-01-29,XLRE,41.05,41.45,40.84,41.37,40.3968,8650900
2026-01-29,SMH,417.44,420.6,403.17,417.52,417.52,9352500
2026-01-29,IGV,94.49,94.49,90.65,92.27,92.2527,23323000
2026-01-29,XBI,125.93,127.35,125.41,126.74,126.6157,6083400
2026-01-29,GNOM,48.12,48.436,47.92,48.436,48.3861,5200
2026-01-29,ARKG,31.34,31.505,30.825,31.35,31.35,4250100
2026-01-29,KRE,68.18,69.05,67.82,69.03,67.846,15623600
2026-01-29,XHB,110.19,111.41,108.99,110.41,109.3069,2234900
2026-01-29,XME,130.61,131,122.64,126.77,126.5198,5720400
2026-01-29,URA,62.13,62.28,56.36,59.33,59.33,14166800
2026-01-29,ITA,234.95,236.86,231.14,232.78,232.1967,1089700
2026-01-29,PAVE,51.32,51.54,50.56,51.2,51.1104,1889500
2026-01-30,SPY,691.79,694.21,687.12,691.97,686.6071,101835100
2026-01-30,QQQ,625.71,628.26,619.3,621.87,619.7592,65650700
2026-01-30,XLK,146.04,146.75,142.99,143.88,143.3629,18342600
2026-01-30,XLF,53.38,53.66,53.02,53.44,52.7943,42767000
2026-01-30,XLV,154.12,154.93,153.29,154.74,152.8448,11863900
2026-01-30,XLY,121.26,122,120.54,121.17,120.4214,11706400
2026-01-30,XLC,119.77,120.26,119.14,120.08,118.9953,11651200
2026-01-30,XLI,164.66,166.31,163.73,165.44,164.1304,11612500
2026-01-30,XLP,82.18,83.51,82.03,83.51,81.9315,18174800
2026-01-30,XLE,50.36,51.09,49.88,51.05,50.0579,74039400
2026-01-30,XLU,43.23,43.38,42.77,43.25,42.3657,27998400
2026-01-30,XLB,49.22,49.65,48.81,49.27,48.6453,28082600
2026-01-30,XLRE,41.31,41.44,40.888,41.43,40.4554,10617900
2026-01-30,SMH,411.28,416.64,400.58,403.46,403.46,9029000
2026-01-30,IGV,91.94,92.15,89.73,90.31,90.2931,14835600
2026-01-30,XBI,126.17,127.14,123.79,124.75,124.6277,10206300
2026-01-30,GNOM,48.02,48.31,47.4,47.688,47.6388,13800
2026-01-30,ARKG,30.94,31.37,30.26,30.43,30.43,4100000
2026-01-30,KRE,68.75,69.29,68.15,68.81,67.6297,14836100
2026-01-30,XHB,109.01,109.27,107.3,108.4,107.317,2626400
2026-01-30,XME,121.28,124.68,117.14,118.72,118.4857,6684200
2026-01-30,URA,57.4,58.71,53.7,54.99,54.99,10691200
2026-01-30,ITA,231.04,234.26,229.96,232.38,231.7977,544700
2026-01-30,PAVE,50.78,51.23,50.32,50.75,50.6612,1325400
2026-02-02,SPY,689.58,696.93,689.42,695.41,690.0204,79286500
2026-02-02,QQQ,618.7,628.49,618.66,626.14,624.0148,49020300
2026-02-02,XLK,143.53,146.15,143.39,145.26,144.7379,16337600
2026-02-02,XLF,53.45,54.09,53.2,54.03,53.3771,48031500
2026-02-02,XLV,154.58,156.01,154.4,155.69,153.7832,11005300
2026-02-02,XLY,120.74,122.41,120.12,121.97,121.2164,8483000
2026-02-02,XLC,119.58,120.405,119.53,119.67,118.589,7651800
2026-02-02,XLI,165.22,167.62,165.06,167.53,166.2039,11466600
2026-02-02,XLP,83.76,84.66,83.29,84.5,82.9028,26041700
2026-02-02,XLE,50.1,50.51,49.77,50.05,49.0774,61479900
2026-02-02,XLU,43.3,43.48,42.55,42.62,41.7486,32847600
2026-02-02,XLB,49.25,49.81,49.2,49.65,49.0205,25155300
2026-02-02,XLRE,41.5,41.585,40.95,40.96,39.9964,9386900
2026-02-02,SMH,398.86,412.04,398.43,407.97,407.97,5946300
2026-02-02,IGV,91.14,91.36,89.29,89.52,89.5032,9660700
2026-02-02,XBI,124.05,127.55,124.03,127.35,127.2251,5748400
2026-02-02,GNOM,47.49,48.01,47.21,47.927,47.8776,5300
2026-02-02,ARKG,30.28,30.95,30.17,30.62,30.62,2465300
2026-02-02,KRE,68.82,70.45,68.6,70.04,68.8386,18364700
2026-02-02,XHB,108.19,109.75,107.43,109.11,108.0199,1387900
2026-02-02,XME,118.68,120.86,117.15,118.62,118.3859,4757600
2026-02-02,URA,54.6,55.63,52.65,53.27,53.27,7607500
2026-02-02,ITA,231,231.88,228.8,231.16,230.5807,869000
2026-02-02,PAVE,50.6,51.53,50.6,51.44,51.35,2486400
2026-02-03,SPY,696.21,696.96,684.03,689.53,684.186,107904600
2026-02-03,QQQ,628.3,629.98,610.96,616.52,614.4274,81234000
2026-02-03,XLK,145.88,145.97,140.17,142.08,141.5694,30464500
2026-02-03,XLF,53.72,54.17,53.16,53.53,52.8832,66887100
2026-02-03,XLV,154.78,157.12,153.85,154.1,152.2127,21141900
2026-02-03,XLY,122.08,122.76,119.82,120.99,120.2425,12467800
2026-02-03,XLC,119.395,119.595,117.25,117.74,116.6764,8132200
2026-02-03,XLI,167.53,169.8,166.92,168.94,167.6027,16444000
2026-02-03,XLP,84.12,86.34,84.06,85.87,84.2469,33052500
2026-02-03,XLE,50.24,51.78,50.02,51.67,50.6659,83754100
2026-02-03,XLU,42.66,43.42,42.66,43.24,42.3559,35525500
2026-02-03,XLB,50.18,51.22,50.06,50.7,50.0571,34077400
2026-02-03,XLRE,40.87,41.08,40.53,40.81,39.85,8709700
2026-02-03,SMH,411.03,412.58,390.52,397.68,397.68,12188600
2026-02-03,IGV,89.37,89.37,84.3,85.39,85.374,26636300
2026-02-03,XBI,127.29,129.7,125.98,127.65,127.5248,8920200
2026-02-03,GNOM,47.97,48.31,47.17,47.509,47.46,3700
2026-02-03,ARKG,30.78,31.37,29.69,30.32,30.32,4121800
2026-02-03,KRE,70.03,71.61,69.88,71.24,70.018,33101600
2026-02-03,XHB,108.9,114.32,108.88,111.57,110.4553,5126500
2026-02-03,XME,122.98,125.35,121.29,124.58,124.3342,3971000
2026-02-03,URA,55.55,56.92,54.55,56.28,56.28,7165200
2026-02-03,ITA,233.18,234.6,230.16,234.49,233.9024,942800
2026-02-03,PAVE,51.57,52.78,51.57,52.39,52.2983,2364400
2026-02-04,SPY,690.35,691.45,681.76,686.19,680.8719,105204600
2026-02-04,QQQ,615.02,615.1,600.47,605.75,603.694,81850700
2026-02-04,XLK,140.83,141.01,136.11,138.12,137.6236,45649500
2026-02-04,XLF,53.51,54.18,53.4,53.96,53.308,59506400
2026-02-04,XLV,154.81,156.78,154.23,156.03,154.119,22951600
2026-02-04,XLY,121.1,121.54,119.35,120.1,119.358,13915400
2026-02-04,XLC,118.25,118.25,116.44,116.8,115.7449,11640200
2026-02-04,XLI,169.98,170.77,167.85,169.39,168.0491,21338400
2026-02-04,XLP,86.32,87.35,86.22,86.99,85.3457,33748100
2026-02-04,XLE,51.82,52.96,51.82,52.83,51.8033,78149900
2026-02-04,XLU,43.47,43.65,42.99,43.08,42.1992,30994300
2026-02-04,XLB,51.01,52.02,51.01,51.89,51.232,35878600
2026-02-04,XLRE,41.05,41.645,40.9,41.46,40.4847,9573700
2026-02-04,SMH,394.67,396.71,374.24,382.02,382.02,16908500
2026-02-04,IGV,84.05,84.78,81.53,83.84,83.8243,45280300
2026-02-04,XBI,127.87,128.32,123.41,125.29,125.1671,12029000
2026-02-04,GNOM,47.44,47.44,46.14,46.791,46.7428,8000
2026-02-04,ARKG,30.36,30.36,28.455,29.18,29.18,3972100
2026-02-04,KRE,71.72,73.24,71.71,72.35,71.109,29006100
2026-02-04,XHB,113.38,116.15,112.78,115.35,114.1975,5293900
2026-02-04,XME,126.45,126.45,117.91,121.64,121.4,3412300
2026-02-04,URA,56.54,56.86,50.28,52.39,52.39,9087600
2026-02-04,ITA,235.38,235.38,224.19,228,227.4286,1784900
2026-02-04,PAVE,52.7,53.269,52.295,53.02,52.9272,2617900
2026-02-05,SPY,680.94,683.69,675.79,677.62,672.3683,113610800
2026-02-05,QQQ,600.21,604.81,594.76,597.03,595.0036,89354500
2026-02-05,XLK,137.22,138.48,135.08,135.63,135.1425,42950900
2026-02-05,XLF,53.94,54.06,53.18,53.29,52.6461,64475000
2026-02-05,XLV,155.46,156.97,154.68,154.84,152.9436,21421600
2026-02-05,XLY,118.55,118.83,117.07,117.51,116.784,13290000
2026-02-05,XLC,115.2,116.67,114.54,116.21,115.1602,15513700
2026-02-05,XLI,168.25,169.32,167.45,168.37,167.0372,18699300
2026-02-05,XLP,87.58,87.64,86.47,86.92,85.277,38772900
2026-02-05,XLE,52.26,52.49,51.44,52.21,51.1954,54235600
2026-02-05,XLU,43.22,43.37,42.87,43.1,42.2188,31475400
2026-02-05,XLB,51.38,51.52,50.36,50.5,49.8597,25667300
2026-02-05,XLRE,41.34,41.505,40.995,41.23,40.2601,9894800
2026-02-05,SMH,379.14,388.08,375.56,381.07,381.07,12007800
2026-02-05,IGV,83.04,83.93,79.27,79.67,79.6551,44959000
2026-02-05,XBI,124.23,126.62,120.28,120.72,120.6016,14456700
2026-02-05,GNOM,47,47,45.08,45.103,45.0565,17900
2026-02-05,ARKG,28.75,29.305,27.36,27.49,27.49,7275700
2026-02-05,KRE,72,72.97,71.56,72.3,71.0599,31300000
2026-02-05,XHB,114.97,115.92,114.39,115.31,114.1579,2134900
2026-02-05,XME,117.97,120.4,115.26,115.66,115.4318,3187700
2026-02-05,URA,50,51.6,49.11,49.11,49.11,6526600
2026-02-05,ITA,225.48,229.85,225,226.18,225.6132,1125300
2026-02-05,PAVE,52.52,53.05,52.24,52.84,52.7475,1755400
2026-02-06,SPY,681.46,692.31,680.85,690.62,685.2676,89127600
2026-02-06,QQQ,600.19,611.41,598.77,609.65,607.5808,78019300
2026-02-06,XLK,138.01,141.47,137.42,141.13,140.6228,37131900
2026-02-06,XLF,53.83,54.35,53.83,54.26,53.6044,53073800
2026-02-06,XLV,156.04,157.8,155.91,157.71,155.7785,13616200
2026-02-06,XLY,115.69,118.16,115.4,117.99,117.261,20971100
2026-02-06,XLC,116.13,116.51,114.52,115.76,114.7143,9441200
2026-02-06,XLI,169.89,173.39,169.81,173.18,171.8091,11992100
2026-02-06,XLP,86.85,88.09,86.7,87.94,86.2778,29568600
2026-02-06,XLE,52.5,53.42,52.36,53.25,52.2152,41669600
2026-02-06,XLU,43.49,43.86,42.98,43.35,42.4636,30530100
2026-02-06,XLB,50.86,51.62,50.86,51.51,50.8569,14367300
2026-02-06,XLRE,41.58,42.045,41.47,41.99,41.0022,8181400
2026-02-06,SMH,389.2,403.08,387.19,401.65,401.65,13460300
2026-02-06,IGV,81.57,82.53,80.21,82.46,82.4445,38552200
2026-02-06,XBI,122.85,125.87,122.79,125.51,125.3869,9603100
2026-02-06,GNOM,45.85,46.2,45.25,46.13,46.0825,7600
2026-02-06,ARKG,28.09,28.91,27.64,28.79,28.79,3493500
2026-02-06,KRE,72.94,74,72.79,73.63,72.3671,17275900
2026-02-06,XHB,116.05,118.17,115.65,117.27,116.0983,5957700
2026-02-06,XME,118.61,122.64,118.37,122.5,122.2583,3538600
2026-02-06,URA,50.65,52.25,50.12,52.16,52.16,5906700
2026-02-06,ITA,228.4,234.61,228.4,233.93,233.3438,834600
2026-02-06,PAVE,53.44,54.8,53.35,54.69,54.5943,1279300
2026-02-09,SPY,689.42,695.87,688.34,693.95,688.5718,73885200
2026-02-09,QQQ,607.54,616.46,605.07,614.32,612.2349,56797600
2026-02-09,XLK,140.6,144.03,139.91,143.35,142.8348,24629500
2026-02-09,XLF,54.08,54.39,53.9,53.94,53.2882,31699900
2026-02-09,XLV,157.57,158.15,156.03,156.32,154.4055,11823000
2026-02-09,XLY,117.43,118.21,116.4,117.55,116.8237,10975700
2026-02-09,XLC,115.64,117.235,115.105,116.88,115.8242,9210200
2026-02-09,XLI,172.81,174.13,172.64,173.7,172.325,9472200
2026-02-09,XLP,87.91,88.22,86.88,87.43,85.7774,21853900
2026-02-09,XLE,53.21,53.72,52.98,53.64,52.5976,38798500
2026-02-09,XLU,43.37,43.55,43.06,43.48,42.591,21173900
2026-02-09,XLB,51.47,52.31,51.27,52.18,51.5184,12325200
2026-02-09,XLRE,41.92,42.28,41.69,42.25,41.2561,5638900
2026-02-09,SMH,398.91,409.69,397,406.65,406.65,5915200
2026-02-09,IGV,82.6,85.44,81.78,85.06,85.0441,29011400
2026-02-09,XBI,125.2,126.34,123.83,126.11,125.9863,5285300
2026-02-09,GNOM,46.28,46.28,45.95,46.195,46.1474,14200
2026-02-09,ARKG,28.78,29.165,28.19,29.08,29.08,3025200
2026-02-09,KRE,73.27,74.08,73.13,73.42,72.1607,16732200
2026-02-09,XHB,117.21,117.89,116.36,117.05,115.8805,1645800
2026-02-09,XME,122.18,125.71,121.28,125.47,125.2224,2427500
2026-02-09,URA,51.95,54.94,51.76,54.9,54.9,7144400
2026-02-09,ITA,233.92,236.43,233.92,234.84,234.2515,977300
2026-02-09,PAVE,54.63,55.147,54.47,54.89,54.7939,2073100
2026-02-10,SPY,694.95,696.54,691.66,692.12,686.756,65185700
2026-02-10,QQQ,615.31,617.02,611.01,611.47,609.3946,53938900
2026-02-10,XLK,143.82,144.15,142.39,142.55,142.0377,22564300
2026-02-10,XLF,53.7,54.26,53.12,53.55,52.9029,57920800
2026-02-10,XLV,156.66,157.16,155.24,155.33,153.4276,11103400
2026-02-10,XLY,117.76,119.22,117.7,118.33,117.5989,9920700
2026-02-10,XLC,117.13,117.905,116.89,117.58,116.5178,5830200
2026-02-10,XLI,173.71,174.85,173.43,173.91,172.5334,8820200
2026-02-10,XLP,87.33,87.83,86.82,87.15,85.5027,20908100
2026-02-10,XLE,53.77,53.79,53.24,53.58,52.5388,32146000
2026-02-10,XLU,43.75,44.53,43.56,44.2,43.2963,34683600
2026-02-10,XLB,52.15,52.99,52.12,52.91,52.2391,18381400
2026-02-10,XLRE,42.275,42.945,42.22,42.84,41.8322,10547700
2026-02-10,SMH,408.18,408.8,401.83,404.76,404.76,5645300
2026-02-10,IGV,85.71,87.08,85.28,85.41,85.394,26404800
2026-02-10,XBI,125.8,127.05,125.18,125.34,125.2171,5884200
2026-02-10,GNOM,46.22,46.9,46.22,46.339,46.2912,9600
2026-02-10,ARKG,29.28,29.71,28.96,29.13,29.13,1506800
2026-02-10,KRE,73.25,73.7,71.97,72.64,71.394,21532400
2026-02-10,XHB,118.06,120.73,118.06,120.35,119.1476,2916200
2026-02-10,XME,124.81,125.15,122.87,123.1,122.8571,2054500
2026-02-10,URA,54.84,55.05,53.35,53.5,53.5,3805000
2026-02-10,ITA,235.21,235.31,232.76,233.21,232.6256,687500
2026-02-10,PAVE,54.99,55.59,54.78,55.26,55.1633,3554600
2026-02-11,SPY,696.39,697.14,689.18,691.96,686.5972,76353900
2026-02-11,QQQ,616.38,617.52,607.69,613.11,611.029,58575100
2026-02-11,XLK,144.51,144.76,141.32,142.97,142.4561,18905700
2026-02-11,XLF,53.67,53.93,52.69,52.74,52.1027,60339900
2026-02-11,XLV,155.18,156.38,154.38,156.25,154.3363,11738400
2026-02-11,XLY,118.45,118.88,117.29,117.76,117.0324,10214100
2026-02-11,XLC,117.37,117.65,116.33,116.74,115.6854,6988000
2026-02-11,XLI,175.42,176.75,174.08,174.84,173.456,12551900
2026-02-11,XLP,86.99,88.71,86.73,88.4,86.7291,25588300
2026-02-11,XLE,54.28,55.11,54.25,54.98,53.9115,57349700
2026-02-11,XLU,44.36,44.63,44.14,44.59,43.6783,25614800
2026-02-11,XLB,53.11,53.67,53.11,53.62,52.9401,24891300
2026-02-11,XLRE,42.94,43.07,42.72,42.8,41.7932,13760200
2026-02-11,SMH,413.84,418.08,406.36,414.78,414.78,6211200
2026-02-11,IGV,85.34,85.54,81.93,83.23,83.2144,34726300
2026-02-11,XBI,125.28,125.57,121.69,124.65,124.5278,7805400
2026-02-11,GNOM,46.2,46.33,45.3,46.159,46.1114,7900
2026-02-11,ARKG,29.17,29.29,28.015,28.74,28.74,2575000
2026-02-11,KRE,73.18,73.88,71.38,71.81,70.5783,20794900
2026-02-11,XHB,119.64,120.93,118.95,120.6,119.3951,2936700
2026-02-11,XME,125.43,126.45,120.49,123.74,123.4958,2003800
2026-02-11,URA,54.6,55.06,51.91,53.71,53.71,3242500
2026-02-11,ITA,234.53,235.1,229.99,230.95,230.3712,555900
2026-02-11,PAVE,55.72,56.26,55.34,55.64,55.5426,1997400
2026-02-12,SPY,694.24,695.35,680.37,681.27,675.9901,118829000
2026-02-12,QQQ,614.71,615.81,599.57,600.64,598.6014,81378900
2026-02-12,XLK,143.31,143.77,138.92,139.21,138.7097,32154700
2026-02-12,XLF,52.9,53.11,51.43,51.69,51.0654,94645100
2026-02-12,XLV,156.21,157.42,155.48,156,154.0894,19409100
2026-02-12,XLY,118.41,119.2,115.83,116.13,115.4125,16374300
2026-02-12,XLC,116.81,117.2,114.495,114.64,113.6044,8124600
2026-02-12,XLI,175.78,177.76,172.45,172.75,171.3825,18157000
2026-02-12,XLP,88.49,90.06,88.49,89.21,87.5238,35282800
2026-02-12,XLE,54.94,55.24,53.76,53.98,52.931,67427800
2026-02-12,XLU,44.79,45.74,44.74,45.25,44.3248,45623300
2026-02-12,XLB,53.67,54.14,52.74,52.83,52.1601,30108100
2026-02-12,XLRE,43.33,43.75,42.86,42.87,41.8615,17848900
2026-02-12,SMH,418.33,420.04,405.28,406.11,406.11,7379100
2026-02-12,IGV,82.91,83.17,79.71,80.96,80.9448,30633500
2026-02-12,XBI,125.16,125.61,122.23,123.18,123.0592,6850000
2026-02-12,GNOM,46.2,46.2,45.031,45.411,45.3642,5900
2026-02-12,ARKG,28.93,28.97,27.445,27.85,27.85,2590200
2026-02-12,KRE,72.31,72.78,69.68,70.7,69.4873,29964600
2026-02-12,XHB,121.48,123.13,119.07,119.11,117.92,2386100
2026-02-12,XME,123.45,123.86,116.14,116.68,116.4498,4015200
2026-02-12,URA,54.24,54.24,51.33,51.75,51.75,5248400
2026-02-12,ITA,233.19,237.15,231.98,232.53,231.9473,870600
2026-02-12,PAVE,55.965,56.74,54.57,54.63,54.5344,2575800
2026-02-13,SPY,681.69,686.28,677.52,681.75,676.4664,96267500
2026-02-13,QQQ,600.43,606.48,596.42,601.92,599.877,69237500
2026-02-13,XLK,139.56,140.91,137.93,139.56,139.0584,26637100
2026-02-13,XLF,51.55,51.93,51.25,51.65,51.0259,56449300
2026-02-13,XLV,156.52,158.8,156.52,157.67,155.739,16647900
2026-02-13,XLY,116,117.15,115.53,116.18,115.4622,10836200
2026-02-13,XLC,114.37,115.13,113.78,114.58,113.5449,7423000
2026-02-13,XLI,173.1,175.31,172.64,174.17,172.7913,13617900
2026-02-13,XLP,89.05,90,88.62,89.51,87.8181,25649700
2026-02-13,XLE,53.94,54.58,53.81,54.35,53.2938,48392100
2026-02-13,XLU,45.2,46.6,45.2,46.5,45.5492,42451800
2026-02-13,XLB,52.54,53.64,52.44,53.31,52.634,19918900
2026-02-13,XLRE,43.035,43.66,42.87,43.5,42.4767,10767600
2026-02-13,SMH,408.15,412.07,402.49,407.72,407.72,6481600
2026-02-13,IGV,81.52,83.4,80.94,82.77,82.7545,27101100
2026-02-13,XBI,123.6,126.1,122.5,122.86,122.7395,8805000
2026-02-13,GNOM,45.54,46.64,45.54,45.811,45.7638,2600
2026-02-13,ARKG,28.22,29.15,28.08,28.36,28.36,2939100
2026-02-13,KRE,70.65,71.59,69.79,71.28,70.0574,18907500
2026-02-13,XHB,120.18,122.36,120.04,121.36,120.1475,2432800
2026-02-13,XME,115.23,118.5,113.41,117.83,117.5975,2688600
2026-02-13,URA,51.65,52.64,50.38,51.91,51.91,4035500
2026-02-13,ITA,233.36,238.24,233.36,234.87,234.2814,765200
2026-02-13,PAVE,54.63,55.48,54.17,55.12,55.0235,1900200
2026-02-17,SPY,680.14,684.94,675.78,682.85,677.5578,81354700
2026-02-17,QQQ,598.38,603.95,593.34,601.3,599.2591,69013800
2026-02-17,XLK,138.64,140.45,137.02,139.48,138.9787,25743800
2026-02-17,XLF,51.82,52.41,51.82,52.2,51.5692,54064700
2026-02-17,XLV,158.03,158.91,157.13,157.37,155.4426,14881100
2026-02-17,XLY,115.98,116.32,114.43,116.04,115.3231,9623000
2026-02-17,XLC,114.37,115.05,113.3,114.4,113.3666,6451700
2026-02-17,XLI,173.92,175.97,173.4,175.08,173.6941,13810800
2026-02-17,XLP,89.63,90.14,87.65,88.2,86.5329,29819300
2026-02-17,XLE,54.56,54.91,53.18,53.75,52.7054,50499600
2026-02-17,XLU,46.8,47.08,46.24,46.38,45.4317,32424000
2026-02-17,XLB,52.7,52.97,52.08,52.7,52.0318,20404700
2026-02-17,XLRE,43.65,43.965,43.41,43.94,42.9063,9757700
2026-02-17,SMH,402.71,410.87,397.77,407.51,407.51,7312700
2026-02-17,IGV,82.11,82.49,79.91,80.96,80.9448,21446600
2026-02-17,XBI,122.7,125.46,122.1,124.63,124.5078,7777600
2026-02-17,GNOM,45.88,46.33,45.7,46.317,46.2693,6800
2026-02-17,ARKG,28.45,29.325,28.24,28.93,28.93,2543800
2026-02-17,KRE,71.37,72.35,71.01,71.53,70.3031,12937900
2026-02-17,XHB,120.78,121.64,118.07,120.14,118.9397,1852400
2026-02-17,XME,115.65,115.83,111.7,115.11,114.8828,2577000
2026-02-17,URA,51,51.77,49.59,51.32,51.32,5207600
2026-02-17,ITA,234.67,239.9,234,238.17,237.5732,746100
2026-02-17,PAVE,54.61,55.105,54.25,54.78,54.6841,1538900
2026-02-18,SPY,684.02,689.15,682.83,686.29,680.9711,73570300
2026-02-18,QQQ,602.11,609.77,600.72,605.79,603.7338,64250700
2026-02-18,XLK,140.06,142.12,139.27,140.91,140.4036,13705800
2026-02-18,XLF,52.35,52.78,52.28,52.59,51.9545,45224000
2026-02-18,XLV,157.2,157.8,156.48,157.67,155.739,11886300
2026-02-18,XLY,116.11,117.76,115.94,117.02,116.297,9719500
2026-02-18,XLC,114.25,114.97,113.93,114.59,113.5549,5277700
2026-02-18,XLI,175.38,176,174.38,175.04,173.6544,10623800
2026-02-18,XLP,87.93,88.52,87.62,88.04,86.3759,20422200
2026-02-18,XLE,54.53,54.86,54.22,54.78,53.7154,59196100
2026-02-18,XLU,46.61,46.61,45.51,45.61,44.6774,32841500
2026-02-18,XLB,53,53.34,52.74,53.02,52.3477,11992700
2026-02-18,XLRE,43.82,43.925,43.245,43.35,42.3302,10995700
2026-02-18,SMH,411.44,417.04,408.72,412.55,412.55,5839900
2026-02-18,IGV,80.97,82.7,80.11,82,81.9846,19962600
2026-02-18,XBI,124.11,126.37,123.91,125.6,125.4768,6237900
2026-02-18,GNOM,46.59,47.09,46.59,46.949,46.9006,4800
2026-02-18,ARKG,28.88,30.05,28.792,29.66,29.66,2978000
2026-02-18,KRE,71.48,72.72,71.12,71.38,70.1556,16352100
2026-02-18,XHB,119.85,121.43,119.17,119.59,118.3952,2051300
2026-02-18,XME,116.82,119.14,115.93,117.09,116.8589,2015900
2026-02-18,URA,51.66,53.65,51.6,52.99,52.99,3093100
2026-02-18,ITA,239.44,241.32,238.89,240.32,239.7178,873600
2026-02-18,PAVE,54.97,55.395,54.55,54.79,54.6941,971300
2026-02-19,SPY,683.84,686.18,681.55,684.48,679.1751,58649400
2026-02-19,QQQ,602.81,605.82,600.75,603.47,601.4217,60960800
2026-02-19,XLK,140.09,140.71,139.28,140.21,139.7061,13484000
2026-02-19,XLF,52.14,52.38,51.74,52.15,51.5199,47344400
2026-02-19,XLV,157.2,157.72,156.19,157.26,155.334,11226900
2026-02-19,XLY,116.33,116.55,115.58,116.24,115.5218,9482400
2026-02-19,XLC,114.56,115.46,114.44,115.14,114.0999,5747600
2026-02-19,XLI,175.06,176.94,174.75,176.34,174.9441,13431100
2026-02-19,XLP,88,88.7,87.37,87.67,86.0129,18447200
2026-02-19,XLE,55.46,55.88,54.93,55.18,54.1077,62513500
2026-02-19,XLU,45.78,46.18,45.68,46.11,45.1672,24172500
2026-02-19,XLB,52.65,53.17,52.43,52.83,52.1601,18340200
2026-02-19,XLRE,43.29,43.545,43.01,43.2,42.1837,6655300
2026-02-19,SMH,408.71,411,405.56,410.2,410.2,4056400
2026-02-19,IGV,81.83,82.23,80.99,81.78,81.7647,12386300
2026-02-19,XBI,124.75,126.79,123.43,126.74,126.6157,9191400
2026-02-19,GNOM,46.65,47.37,46.019,47.255,47.2063,5100
2026-02-19,ARKG,29.52,29.91,29.14,29.87,29.87,1712900
2026-02-19,KRE,71,71.2,70.33,70.99,69.7723,11901900
2026-02-19,XHB,118.44,119.43,117.4,117.85,116.6725,2074200
2026-02-19,XME,115.06,117.41,114.35,117.24,117.0086,1692200
2026-02-19,URA,52.26,54.17,51.82,53.92,53.92,4572800
2026-02-19,ITA,240.24,244.5,239.15,243.49,242.8798,925700
2026-02-19,PAVE,54.71,55.33,54.67,55.29,55.1932,1538600
2026-02-20,SPY,682.32,690.06,681.73,689.43,684.0868,100034000
2026-02-20,QQQ,600.12,610.35,599.23,608.81,606.7436,74127300
2026-02-20,XLK,139.2,141.75,138.97,140.88,140.3737,14942400
2026-02-20,XLF,52.04,52.5,51.72,52.49,51.8557,52934100
2026-02-20,XLV,157,157.25,155.87,156.82,154.8994,13368500
2026-02-20,XLY,115.93,117.65,115.61,117.45,116.7243,16652900
2026-02-20,XLC,114.9,117.005,114.8,116.8,115.7449,8195700
2026-02-20,XLI,176.13,178.22,175.61,177.23,175.8271,13104100
2026-02-20,XLP,87.67,87.95,87.18,87.89,86.2287,17909400
2026-02-20,XLE,55,55.29,54.51,54.88,53.8135,50833500
2026-02-20,XLU,46.3,46.49,45.88,46.33,45.3827,22623200
2026-02-20,XLB,52.62,53.25,52.32,52.96,52.2885,17810500
2026-02-20,XLRE,43.25,43.56,43.155,43.56,42.5353,7468400
2026-02-20,SMH,407.66,416.83,407.18,415.03,415.03,5715800
2026-02-20,IGV,81.18,83.01,80.4,80.78,80.7649,21967400
2026-02-20,XBI,124.82,125.6,122.94,124.78,124.6576,13356300
2026-02-20,GNOM,46.94,47.185,46.505,46.883,46.8347,4600
2026-02-20,ARKG,29.59,29.8,28.545,28.81,28.81,4011100
2026-02-20,KRE,70.73,71.93,70.22,71.9,70.6667,19218700
2026-02-20,XHB,118.24,120.52,117.74,118.91,117.722,1720400
2026-02-20,XME,116.31,118.82,114.61,117.46,117.2282,3200600
2026-02-20,URA,53.99,55.37,53.09,54.36,54.36,3340200
2026-02-20,ITA,244.29,246.22,242.37,243.65,243.0394,891200
2026-02-20,PAVE,55.14,55.95,55.05,55.64,55.5426,1213900
2026-02-23,SPY,687.83,690,680.37,682.39,677.1014,90558100
2026-02-23,QQQ,606.61,608.01,599.05,601.41,599.3687,63859100
2026-02-23,XLK,140.18,140.65,137.89,138.52,138.0221,22021900
2026-02-23,XLF,52.19,52.47,50.64,50.73,50.117,94600400
2026-02-23,XLV,157.13,158.68,157.13,158.54,156.5983,17053500
2026-02-23,XLY,116.64,116.77,113.86,114.99,114.2795,14604800
2026-02-23,XLC,116.96,117.17,115.165,115.36,114.3179,8839300
2026-02-23,XLI,176.41,176.92,174.35,174.83,173.4461,10566600
2026-02-23,XLP,87.68,89.17,87.68,88.97,87.2883,22070900
2026-02-23,XLE,55.04,55.93,54.87,55.15,54.0782,44013500
2026-02-23,XLU,46.47,46.96,46.37,46.68,45.7256,33130900
2026-02-23,XLB,52.49,53.1,52.36,52.96,52.2885,17353800
2026-02-23,XLRE,43.51,43.95,43.44,43.61,42.5841,8647500
2026-02-23,SMH,413.57,417.7,409.28,412.88,412.88,5842800
2026-02-23,IGV,79.49,79.49,76.43,76.94,76.9256,44121400
2026-02-23,XBI,125.44,128.29,125.14,126.97,126.8455,10952000
2026-02-23,GNOM,46.88,46.98,46.43,46.825,46.7767,4500
2026-02-23,ARKG,28.53,29.015,28.14,28.73,28.73,2648200
2026-02-23,KRE,71.72,72.12,68.21,68.74,67.5609,37199400
2026-02-23,XHB,118.46,118.95,115.55,116.47,115.3063,2911000
2026-02-23,XME,117.31,118.75,115.89,117.71,117.4777,2720500
2026-02-23,URA,53.55,54.23,52.7,53.44,53.44,5950300
2026-02-23,ITA,242.64,243.28,240.61,241.26,240.6554,802600
2026-02-23,PAVE,55.45,55.58,54.5,54.86,54.764,3473900
2026-02-24,SPY,681.9,688.35,680,687.35,682.0229,73798700
2026-02-24,QQQ,602.4,608.99,599.73,607.87,605.8068,55023700
2026-02-24,XLK,139.24,140.94,138.19,140.32,139.8157,13030600
2026-02-24,XLF,50.45,51.18,50.24,50.98,50.364,64114100
2026-02-24,XLV,158.01,158.5,157.31,157.87,155.9365,12887100
2026-02-24,XLY,115.4,117.06,115.32,116.74,116.0187,11320500
2026-02-24,XLC,115.17,116.27,114.89,116.16,115.1107,6109200
2026-02-24,XLI,174.58,177.22,174.37,176.98,175.5791,9756500
2026-02-24,XLP,88.96,89.78,88.76,89.74,88.0437,20364000
2026-02-24,XLE,55.11,55.22,54.4,55.1,54.0292,42921700
2026-02-24,XLU,46.64,47.23,46.29,47.2,46.2349,29503300
2026-02-24,XLB,52.96,53.5,52.91,53.36,52.6834,13452200
2026-02-24,XLRE,43.52,43.795,43.44,43.73,42.7013,10590000
2026-02-24,SMH,417.22,421.67,411.67,419.16,419.16,7828900
2026-02-24,IGV,76.9,79.14,76.26,78.41,78.3953,50584600
2026-02-24,XBI,127.36,129.64,127.11,129.16,129.0333,9478000
2026-02-24,GNOM,46.93,47.74,46.93,47.506,47.457,9700
2026-02-24,ARKG,28.74,29.66,28.74,29.51,29.51,1933500
2026-02-24,KRE,68.66,69.07,68.02,68.67,67.4921,25074300
2026-02-24,XHB,116.63,118.37,116.41,117.22,116.0489,2301900
2026-02-24,XME,116.39,119.9,116.05,119.37,119.1344,1948500
2026-02-24,URA,53.1,54.99,51.97,54.95,54.95,7859500
2026-02-24,ITA,241,243.54,236.73,243.11,242.5008,687700
2026-02-24,PAVE,54.89,55.74,54.79,55.65,55.5526,1030500
2026-02-25,SPY,690.18,693.68,690.1,693.15,687.778,56369500
2026-02-25,QQQ,611.07,616.83,611,616.68,614.5869,55710700
2026-02-25,XLK,141.36,143.34,141.21,143.01,142.496,13296000
2026-02-25,XLF,51.24,51.89,51.17,51.87,51.2432,47652800
2026-02-25,XLV,157.87,159.23,157.62,157.83,155.897,11011500
2026-02-25,XLY,116.98,117.59,116.51,117.09,116.3666,8776100
2026-02-25,XLC,116.33,116.74,116.1,116.5,115.4476,6197700
2026-02-25,XLI,177.56,177.76,174.44,175.6,174.21,11757700
2026-02-25,XLP,89.34,89.46,88.32,89.01,87.3275,15215600
2026-02-25,XLE,55.3,55.37,54.19,54.87,53.8037,36207500
2026-02-25,XLU,47.21,47.43,46.6,47.36,46.3917,22356600
2026-02-25,XLB,53.73,53.75,52.67,53.06,52.3872,12379300
2026-02-25,XLRE,43.69,43.8,43.33,43.44,42.4181,8744800
2026-02-25,SMH,424.35,427.94,423.68,426.16,426.16,7714500
2026-02-25,IGV,78.66,80.87,78.26,80.85,80.8348,36737000
2026-02-25,XBI,129.25,131.18,128.09,128.28,128.1542,9733900
2026-02-25,GNOM,47.89,48.08,47.436,47.436,47.3871,8300
2026-02-25,ARKG,29.74,30.01,29.235,29.24,29.24,2096500
2026-02-25,KRE,69.37,70.05,68.84,69.87,68.6716,17003200
2026-02-25,XHB,117.13,117.23,112.81,114.11,112.9699,3924500
2026-02-25,XME,120.94,121.27,119.05,119.48,119.2442,2362400
2026-02-25,URA,56,56.4,55.02,55.19,55.19,4281400
2026-02-25,ITA,244.9,244.99,238.24,241.22,240.6155,683900
2026-02-25,PAVE,55.97,56,54.75,55.07,54.9736,1221100
2026-02-26,SPY,693.28,693.3,684.35,689.3,683.9578,71671000
2026-02-26,QQQ,615.59,615.59,603.98,609.24,607.1722,96178900
2026-02-26,XLK,142.94,143.01,139.26,141.01,140.5032,19364900
2026-02-26,XLF,52.07,52.66,51.98,52.5,51.8656,60884300
2026-02-26,XLV,158.07,158.17,156.09,157.42,155.492,15344400
2026-02-26,XLY,117.23,117.66,116.14,117.05,116.3268,9560900
2026-02-26,XLC,116.22,117.045,115.935,116.72,115.6656,6649500
2026-02-26,XLI,176.14,176.97,173.91,176.7,175.3013,13764500
2026-02-26,XLP,89.26,89.64,88.59,88.86,87.1804,15925900
2026-02-26,XLE,54.37,55.67,54.12,55.05,53.9802,47033500
2026-02-26,XLU,47.27,47.39,46.91,47.18,46.2153,30578600
2026-02-26,XLB,52.89,53.12,52.35,53,52.328,15645100
2026-02-26,XLRE,43.66,43.72,43.415,43.63,42.6036,8774100
2026-02-26,SMH,423.72,423.72,405.56,412.01,412.01,14811300
2026-02-26,IGV,81.44,83.06,81.13,82.6,82.5845,44117900
2026-02-26,XBI,127.5,127.83,125,127.67,127.5448,9223800
2026-02-26,GNOM,47.2,47.807,46.941,47.807,47.7577,4500
2026-02-26,ARKG,29.5,30.59,29,30.56,30.56,2642100
2026-02-26,KRE,69.99,71.19,69.42,70.39,69.1826,17720800
2026-02-26,XHB,114.76,115.59,113.66,115.31,114.1579,2102000
2026-02-26,XME,118.78,120.33,116.39,120.03,119.7931,1848900
2026-02-26,URA,54.77,54.94,52.95,54.87,54.87,3703800
2026-02-26,ITA,240.97,242.82,238.07,242.82,242.2115,694900
2026-02-26,PAVE,55.17,55.39,54.315,55.33,55.2331,1617700
2026-02-27,SPY,683.09,686.86,681.64,685.99,680.6735,83308900
2026-02-27,QQQ,602.98,608.32,602.19,607.29,605.2288,68125200
2026-02-27,XLK,138.31,139.77,137.94,138.76,138.2613,15328600
2026-02-27,XLF,51.88,52.06,51.01,51.43,50.8086,81998700
2026-02-27,XLV,156.74,160.24,156.71,160.2,158.238,14250100
2026-02-27,XLY,116.01,116.94,115.65,116.86,116.138,9636200
2026-02-27,XLC,116.285,118.16,116.14,118.05,116.9836,7131100
2026-02-27,XLI,175.37,177.23,175.03,177.14,175.7378,9692600
2026-02-27,XLP,88.98,90.06,88.96,90.01,88.3086,17314200
2026-02-27,XLE,55.64,56.15,54.93,55.92,54.8333,59071500
2026-02-27,XLU,47.2,47.8,47.13,47.73,46.7541,39759600
2026-02-27,XLB,52.86,53.49,52.67,53.41,52.7328,12122700
2026-02-27,XLRE,43.55,44.025,43.515,43.84,42.8087,10826300
2026-02-27,SMH,403.26,409.24,401.88,406.37,406.37,9049100
2026-02-27,IGV,80.3,81.63,80,81.57,81.5547,25153400
2026-02-27,XBI,126.07,127.5,125.76,127.37,127.2451,5937500
2026-02-27,GNOM,47.32,47.7,47.26,47.665,47.6159,10600
2026-02-27,ARKG,29.88,30.28,29.55,29.98,29.98,2126500
2026-02-27,KRE,68.9,69.28,66.16,66.77,65.6247,44564800
2026-02-27,XHB,114.5,115.82,113.7,115.34,114.1876,2529500
2026-02-27,XME,119.1,119.48,117.41,119.35,119.1145,1921400
2026-02-27,URA,54.35,54.78,53.51,54.34,54.34,2398200
2026-02-27,ITA,240.64,243.99,240.56,243.72,243.1093,850800
2026-02-27,PAVE,54.75,55.11,54.37,55.09,54.9936,855700
2026-03-02,SPY,678.7,688.62,678.02,686.38,681.0605,87477200
2026-03-02,QQQ,598.86,609.92,597.99,608.09,606.0261,75264600
2026-03-02,XLK,137.03,139.96,136.56,139.54,139.0385,20156700
2026-03-02,XLF,50.61,51.63,50.46,51.3,50.6801,70107200
2026-03-02,XLV,159.19,159.84,157.99,158.53,156.5884,18641400
2026-03-02,XLY,114.03,115.73,113.72,115.42,114.7069,18205600
2026-03-02,XLC,116.45,118.14,116.33,117.87,116.8052,10466500
2026-03-02,XLI,176.5,179.31,175.66,178.9,177.4839,21918000
2026-03-02,XLP,89.44,89.79,88.69,88.71,87.0332,27606700
2026-03-02,XLE,57.77,57.88,56.27,57.04,55.9315,135633300
2026-03-02,XLU,47.41,47.74,47.36,47.37,46.4015,33087300
2026-03-02,XLB,53.07,53.39,52.51,53.25,52.5748,19444500
2026-03-02,XLRE,43.56,44.07,43.37,43.92,42.8868,13308300
2026-03-02,SMH,397.25,407.36,396.92,406.39,406.39,11490200
2026-03-02,IGV,80.72,83.29,80.51,82.77,82.7545,33334800
2026-03-02,XBI,124.63,127.31,124.15,126.55,126.4259,9334600
2026-03-02,GNOM,47,47.33,46.61,47.122,47.0734,24600
2026-03-02,ARKG,29.02,30.01,28.841,29.91,29.91,2921300
2026-03-02,KRE,65.7,68.19,65.12,67.76,66.5977,27421900
2026-03-02,XHB,113.06,113.71,111.91,113.15,112.0195,2314600
2026-03-02,XME,118.34,122.2,117.78,122.06,121.8191,2211000
2026-03-02,URA,53.55,56.67,53.4,56.45,56.45,5646500
2026-03-02,ITA,247.83,250.65,245.88,250.58,249.9521,2692100
2026-03-02,PAVE,54.43,55.55,54.23,55.37,55.2731,1488500
2026-03-03,SPY,675.06,682.61,669.66,680.33,675.0574,105003100
2026-03-03,QQQ,596.33,603.96,591.87,601.58,599.5381,97015500
2026-03-03,XLK,136.36,138.33,134.99,137.5,137.0058,34153000
2026-03-03,XLF,50.29,51.55,50.08,51.21,50.5912,94738700
2026-03-03,XLV,156.66,157.39,155,156.74,154.8204,21432600
2026-03-03,XLY,113.1,114.77,111.81,114.36,113.6534,20773100
2026-03-03,XLC,116.23,118.43,115.87,117.96,116.8944,13693000
2026-03-03,XLI,176.02,176.19,172.67,175.44,174.0513,20481300
2026-03-03,XLP,88.35,88.51,87.16,87.74,86.0815,36852400
2026-03-03,XLE,57.39,57.72,56.05,56.52,55.4216,154770800
2026-03-03,XLU,46.7,47.45,45.96,47.07,46.1076,60946600
2026-03-03,XLB,51.67,52.09,50.69,51.94,51.2814,27307900
2026-03-03,XLRE,43.31,43.85,42.92,43.7,42.672,12288100
2026-03-03,SMH,391.36,394.54,385.93,391.06,391.06,13768900
2026-03-03,IGV,81.09,84.67,80.89,84.12,84.1042,44914800
2026-03-03,XBI,123.56,125.3,121.98,123.5,123.3789,13501200
2026-03-03,GNOM,45.6,46.34,45.08,45.909,45.8617,29000
2026-03-03,ARKG,28.75,29.585,28.03,29.07,29.07,3853400
2026-03-03,KRE,66.08,67.78,65.47,67.3,66.1456,29243300
2026-03-03,XHB,110.35,112.21,108.94,111.45,110.3365,3156400
2026-03-03,XME,116.94,118.25,112.13,117.28,117.0486,3387400
2026-03-03,URA,52.64,52.75,49.73,52,52,7467500
2026-03-03,ITA,248.73,248.97,241.07,244.98,244.3661,2110700
2026-03-03,PAVE,54.11,54.48,53.04,54.26,54.165,1738600
2026-03-04,SPY,681.63,687.09,679.62,685.13,679.8202,79182200
2026-03-04,QQQ,604.16,612.88,603.43,610.75,608.677,70943900
2026-03-04,XLK,138.53,140.63,138.04,139.84,139.3374,15201400
2026-03-04,XLF,51.33,51.65,51.08,51.5,50.8777,51472400
2026-03-04,XLV,156.74,157.58,155.67,157.05,155.1266,12745700
2026-03-04,XLY,115.09,116.63,114.88,116.39,115.6709,11496700
2026-03-04,XLC,117.77,119.085,117.61,118.79,117.7169,8139800
2026-03-04,XLI,176.33,176.93,174.69,175.97,174.5771,13604000
2026-03-04,XLP,87.81,87.96,86.93,87.16,85.5125,22736400
2026-03-04,XLE,56.06,56.43,55.33,56.19,55.098,70732700
2026-03-04,XLU,47.09,47.42,46.76,47.27,46.3035,24020800
2026-03-04,XLB,52.32,52.38,51.68,51.92,51.2617,17141500
2026-03-04,XLRE,43.55,43.805,43.265,43.76,42.7306,7850700
2026-03-04,SMH,396.25,401.23,393.1,399.1,399.1,8767200
2026-03-04,IGV,84.17,86.21,84.08,85.65,85.6339,32063200
2026-03-04,XBI,124.45,127.09,123.29,126.42,126.296,8470000
2026-03-04,GNOM,46.6,47.4,46.07,47.067,47.0185,7300
2026-03-04,ARKG,29.41,29.91,28.995,29.51,29.51,1590500
2026-03-04,KRE,67.65,67.9,67.09,67.5,66.3422,16123900
2026-03-04,XHB,112.32,112.4,110.31,111.27,110.1583,1387400
2026-03-04,XME,119.16,119.87,116.44,117.65,117.4178,1884400
2026-03-04,URA,52.02,53.23,50.93,52.77,52.77,4194800
2026-03-04,ITA,245.79,247.22,242.58,246.97,246.3511,1691000
2026-03-04,PAVE,54.62,54.77,53.91,54.28,54.185,1602300
2026-03-05,SPY,682.08,685.53,675.61,681.31,676.0297,106606500
2026-03-05,QQQ,607.4,612.76,602.26,608.91,606.8432,89602400
2026-03-05,XLK,139.16,141.26,138.09,140.18,139.6762,19422500
2026-03-05,XLF,51.24,51.82,50.91,51.23,50.611,58430700
2026-03-05,XLV,155.13,155.7,152.72,153.91,152.025,20476400
2026-03-05,XLY,115.92,117.08,115.52,116.55,115.8299,14880400
2026-03-05,XLC,118.63,119.16,117.775,118.44,117.3701,8776300
2026-03-05,XLI,174.81,175.24,170.21,172.06,170.698,21308200
2026-03-05,XLP,86.34,86.44,85.06,85.41,83.7956,33738500
2026-03-05,XLE,56.53,57.06,56.08,56.48,55.3824,85177800
2026-03-05,XLU,46.95,47.02,46.47,46.9,45.9411,29794500
2026-03-05,XLB,51.6,51.78,50.51,50.83,50.1855,19897300
2026-03-05,XLRE,43.28,43.4,42.95,43.34,42.3204,9182400
2026-03-05,SMH,396.06,401.11,386.75,395.35,395.35,11793700
2026-03-05,IGV,85.65,88.35,85.59,87.62,87.6036,42023300
2026-03-05,XBI,124.77,125.58,122.72,123.9,123.7785,10130700
2026-03-05,GNOM,46.64,46.69,45.615,45.77,45.7228,8600
2026-03-05,ARKG,29.07,29.505,28.44,28.78,28.78,2196500
2026-03-05,KRE,66.74,67.22,65.87,66.6,65.4576,16385100
2026-03-05,XHB,110.14,111.03,107.35,108.28,107.1982,2684100
2026-03-05,XME,115.97,116.06,110.89,112.87,112.6473,3215500
2026-03-05,URA,51.89,52.04,48.88,50.06,50.06,6025300
2026-03-05,ITA,245.37,246.63,236.14,240.04,239.4385,1879600
2026-03-05,PAVE,53.905,54.05,52.52,53.025,52.9322,1805500
2026-03-06,SPY,673.41,676.11,669.76,672.38,667.169,100687000
2026-03-06,QQQ,600.31,606,598.33,599.75,597.7144,86302300
2026-03-06,XLK,137.82,139.83,136.79,137.29,136.7966,19677200
2026-03-06,XLF,50.44,50.62,49.75,50.57,49.9589,75632700
2026-03-06,XLV,152.78,152.99,150.95,152.7,150.8298,18174000
2026-03-06,XLY,114.78,114.99,113.64,114.44,113.7329,16348500
2026-03-06,XLC,117.225,117.63,116.4,117.46,116.3989,10809500
2026-03-06,XLI,169.76,170.66,168.26,169.94,168.5948,22680300
2026-03-06,XLP,84.92,85.85,84.62,85.78,84.1586,25859700
2026-03-06,XLE,57.15,57.34,56.17,56.57,55.4706,68219000
2026-03-06,XLU,46.63,46.96,46.34,46.74,45.7843,25001700
2026-03-06,XLB,50.31,50.36,49.44,49.86,49.2278,23170700
2026-03-06,XLRE,42.95,43,42.67,42.89,41.881,11703200
2026-03-06,SMH,384.97,392.67,378.53,380.56,380.56,12423200
2026-03-06,IGV,86.93,88.58,86.47,87.97,87.9535,29347000
2026-03-06,XBI,121.77,124.15,120.85,124,123.8784,11373300
2026-03-06,GNOM,45,45.3,44.49,45.203,45.1564,26900
2026-03-06,ARKG,28.08,28.49,27.86,28.12,28.12,2583200
2026-03-06,KRE,64.61,65.11,63.48,64.91,63.7966,28394400
2026-03-06,XHB,106.41,106.57,104.6,105.55,104.4954,2616200
2026-03-06,XME,110.5,112.77,109.08,110.14,109.9227,2988700
2026-03-06,URA,48.79,50.58,48.34,48.78,48.78,3862000
2026-03-06,ITA,238.31,242.96,237.01,242.2,241.593,2101400
2026-03-06,PAVE,52.08,52.08,51.25,51.58,51.4897,2346400
2026-03-09,SPY,666.39,679.92,662.39,678.27,673.0133,102667700
2026-03-09,QQQ,594.23,609.27,591.33,607.76,605.6972,93068200
2026-03-09,XLK,135.97,140.21,135.46,139.76,139.2577,22760900
2026-03-09,XLF,49.92,50.52,49.18,50.33,49.7218,78178700
2026-03-09,XLV,151.78,154.55,151.13,154.26,152.3707,18675700
2026-03-09,XLY,112.94,114.93,110.99,114.59,113.882,16278500
2026-03-09,XLC,116.5,117.79,115.5,117.56,116.498,10548900
2026-03-09,XLI,168.14,171.4,166.17,170.94,169.5869,19492500
2026-03-09,XLP,85.27,86.16,84.8,85.97,84.345,20729100
2026-03-09,XLE,56.84,57.15,55.94,56.32,55.2255,88747400
2026-03-09,XLU,46.56,46.95,46.04,46.85,45.8921,27759000
2026-03-09,XLB,49.26,50.19,48.6,49.99,49.3561,22461900
2026-03-09,XLRE,42.42,43.125,41.98,42.98,41.9689,10771000
2026-03-09,SMH,375.76,395.36,374.16,394.37,394.37,16338100
2026-03-09,IGV,87.05,88.13,86.34,87.71,87.6936,31948900
2026-03-09,XBI,124.2,127.52,123.6,127.12,126.9953,12194300
2026-03-09,GNOM,44.97,46.206,44.97,46.206,46.1584,6800
2026-03-09,ARKG,27.65,28.94,27.47,28.81,28.81,3048000
2026-03-09,KRE,64.12,65.23,62.44,64.75,63.6394,30237200
2026-03-09,XHB,103.56,105.56,101.22,105.2,104.1489,3261100
2026-03-09,XME,107.57,112.85,105.57,112.05,111.8289,3821700
2026-03-09,URA,47.67,51.11,47.45,51.07,51.07,4359100
2026-03-09,ITA,240.96,242.36,236.82,241.99,241.3836,1292100
2026-03-09,PAVE,50.88,52.35,50.24,52.2,52.1086,2377600
2026-03-10,SPY,677.72,683.36,674.76,677.18,671.9317,81505300
2026-03-10,QQQ,607.78,613.29,605.42,607.77,605.7072,64078900
2026-03-10,XLK,139.84,141.39,139.02,139.76,139.2577,24338500
2026-03-10,XLF,50.33,50.69,49.75,50.06,49.4551,70834200
2026-03-10,XLV,154.41,154.54,153.01,153.15,151.2743,17247500
2026-03-10,XLY,114.61,115.73,113.95,114.44,113.7329,11784400
2026-03-10,XLC,117.64,118.115,116.95,117.38,116.3196,12013500
2026-03-10,XLI,170.67,172.38,169.82,170.02,168.6741,16791100
2026-03-10,XLP,85.69,86.49,85.16,85.72,84.0997,18864900
2026-03-10,XLE,56.06,56.46,55.37,55.6,54.5195,88817900
2026-03-10,XLU,46.64,47.04,46.47,46.56,45.608,24935900
2026-03-10,XLB,49.99,50.42,49.63,49.88,49.2475,19215000
2026-03-10,XLRE,42.85,43.295,42.655,42.92,41.9103,10506900
2026-03-10,SMH,394,403.88,394,397.33,397.33,13687700
2026-03-10,IGV,87.79,88,84.92,85.65,85.6339,35674100
2026-03-10,XBI,126.69,129.11,126.69,127.43,127.305,10042000
2026-03-10,GNOM,45.51,46.04,45.28,45.334,45.2873,6800
2026-03-10,ARKG,28.44,28.74,27.825,27.93,27.93,1988500
2026-03-10,KRE,64.77,66.16,63.93,64.72,63.6099,28615600
2026-03-10,XHB,104.79,106.43,103.69,104.34,103.2975,2759300
2026-03-10,XME,112.47,116.41,112.43,114.12,113.8948,4732800
2026-03-10,URA,51.26,53.7,51.26,52.31,52.31,4419900
2026-03-10,ITA,240.84,242.87,239.4,239.72,239.1193,907400
2026-03-10,PAVE,52.2,52.9,51.97,52.07,51.9789,4488800
2026-03-11,SPY,677.58,680.08,673.34,676.33,671.0884,68441700
2026-03-11,QQQ,608.95,612.43,605.03,607.69,605.6274,60114800
2026-03-11,XLK,140.58,141.59,139.52,140.43,139.9253,14009200
2026-03-11,XLF,49.98,50.12,49.22,49.64,49.0402,56301200
2026-03-11,XLV,152.84,153.16,151.94,152.85,150.978,12503800
2026-03-11,XLY,114.83,115.7,113.57,114.14,113.4348,10959300
2026-03-11,XLC,117.46,117.79,116.48,117,115.9431,6213400
2026-03-11,XLI,169.73,170.32,168.37,169.49,168.1484,14287600
2026-03-11,XLP,85.55,85.61,84.21,84.59,82.9911,18432200
2026-03-11,XLE,55.63,57.04,55.54,56.98,55.8727,48743700
2026-03-11,XLU,46.5,46.56,46,46.17,45.226,20026100
2026-03-11,XLB,49.73,49.89,49.28,49.84,49.208,12570900
2026-03-11,XLRE,42.75,42.78,42.29,42.41,41.4123,7164700
2026-03-11,SMH,400.01,404.39,398.69,401.03,401.03,6024900
2026-03-11,IGV,86.57,87.72,84.79,85.74,85.7239,26081700
2026-03-11,XBI,126.67,127.66,125.42,126.38,126.2561,7379400
2026-03-11,GNOM,45.33,45.54,44.92,45,44.9536,5500
2026-03-11,ARKG,27.87,28.068,27.325,27.67,27.67,1935200
2026-03-11,KRE,64.24,64.62,63.37,63.98,62.8826,27143000
2026-03-11,XHB,104.06,104.1,102.71,103.05,102.0204,1603200
2026-03-11,XME,113.04,115.19,111.77,114.9,114.6733,1890000
2026-03-11,URA,51.99,52.57,50.79,51.36,51.36,2796400
2026-03-11,ITA,238.49,240.16,236.59,238.68,238.0819,780200
2026-03-11,PAVE,51.94,52.23,51.4,51.98,51.889,1453200
2026-03-12,SPY,671.16,671.65,665.87,666.06,660.8979,108882200
2026-03-12,QQQ,602.76,604.14,597.05,597.26,595.2328,71836600
2026-03-12,XLK,139.27,139.75,137.65,137.84,137.3446,32372800
2026-03-12,XLF,48.98,49.22,48.79,48.83,48.24,67871700
2026-03-12,XLV,151.95,152.49,150.03,150.16,148.321,15670500
2026-03-12,XLY,113.12,113.43,111.47,111.52,110.831,12088200
2026-03-12,XLC,116.3,116.74,115.2,115.27,114.2287,7816900
2026-03-12,XLI,167.98,168.12,165.16,165.24,163.932,15925600
2026-03-12,XLP,83.92,84.97,83.69,84.25,82.6575,17861800
2026-03-12,XLE,57.13,58.22,57.06,57.51,56.3924,69358700
2026-03-12,XLU,46,47.04,45.96,46.5,45.5492,27419900
2026-03-12,XLB,49.79,50.23,49.63,49.68,49.0501,19572900
2026-03-12,XLRE,42.07,42.43,41.98,42.14,41.1487,6487100
2026-03-12,SMH,395.46,396.06,386.74,388.13,388.13,9845200
2026-03-12,IGV,85.59,86.94,84.97,84.99,84.9741,32457600
2026-03-12,XBI,124.75,124.85,121.81,122.62,122.4998,11524800
2026-03-12,GNOM,44.69,44.69,43.61,43.61,43.565,5300
2026-03-12,ARKG,27.27,27.27,26.09,26.17,26.17,3428900
2026-03-12,KRE,62.69,63.88,62.39,63.46,62.3715,23233700
2026-03-12,XHB,101.71,102.03,99.92,100.08,99.0801,2205800
2026-03-12,XME,114.23,114.32,111.69,112.81,112.5874,1759600
2026-03-12,URA,51.04,51.41,49.65,50.77,50.77,2712800
2026-03-12,ITA,236.67,236.79,230.67,231.49,230.9099,10125700
2026-03-12,PAVE,51.41,51.5,50.46,50.5,50.4116,1373800
2026-03-13,SPY,669.27,672.34,661.36,662.29,657.1572,97200200
2026-03-13,QQQ,599.73,603.6,592.57,593.72,591.7048,63145500
2026-03-13,XLK,138.45,139.71,136.52,136.8,136.3083,15701800
2026-03-13,XLF,49.11,49.46,48.85,48.89,48.2992,47595200
2026-03-13,XLV,151.04,152.3,149.67,149.79,147.9555,15129300
2026-03-13,XLY,112.17,112.49,110.72,110.86,110.1751,11708600
2026-03-13,XLC,115.48,115.9,113.92,114.45,113.4161,11622700
2026-03-13,XLI,166.29,166.82,163.73,164.65,163.3467,15836200
2026-03-13,XLP,84.71,85.11,84.56,84.74,83.1382,13103600
2026-03-13,XLE,57.5,57.93,57.1,57.7,56.5787,43374600
2026-03-13,XLU,46.97,47.32,46.86,46.96,45.9998,31521000
2026-03-13,XLB,50.03,50.13,49.01,49.19,48.5663,17240300
2026-03-13,XLRE,42.61,42.71,42.2,42.25,41.2561,7916200
2026-03-13,SMH,392.32,396.33,386.07,387.33,387.33,7636100
2026-03-13,IGV,84.95,85.87,83.62,84.19,84.1742,19114100
2026-03-13,XBI,123.43,124.91,120.97,121.83,121.7105,10405300
2026-03-13,GNOM,43.88,44.08,43.08,43.244,43.1994,5100
2026-03-13,ARKG,26.42,26.9,26.12,26.36,26.36,2924800
2026-03-13,KRE,63.92,64.24,62.96,63.11,62.0275,20830900
2026-03-13,XHB,101.12,101.68,99.89,100.53,99.5256,2685300
2026-03-13,XME,113.21,113.9,108.56,109.03,108.8148,2231800
2026-03-13,URA,51.6,52.18,49.23,49.29,49.29,4582500
2026-03-13,ITA,232.69,234.14,227.53,229.34,228.7653,1750300
2026-03-13,PAVE,50.85,51,49.92,50.17,50.0822,1045100
2026-03-16,SPY,668.38,672.07,667.12,669.03,663.8449,82023100
2026-03-16,QQQ,600.04,603.86,599.11,600.38,598.3422,49077200
2026-03-16,XLK,138.72,140.08,138.52,138.78,138.2812,16626400
2026-03-16,XLF,49.25,49.75,49.11,49.3,48.7043,45720100
2026-03-16,XLV,150.75,151.73,150.38,151.01,149.1605,10896600
2026-03-16,XLY,111.79,112.87,111.62,112.2,111.5068,9307600
2026-03-16,XLC,115.43,115.74,114.72,115.33,114.2882,7299700
2026-03-16,XLI,166.17,167.14,165.34,166.06,164.7455,11091300
2026-03-16,XLP,85.21,85.46,84.82,84.98,83.3737,12882500
2026-03-16,XLE,57.76,58.1,57.27,57.9,56.7748,39474300
2026-03-16,XLU,47.45,47.5,46.95,47.26,46.2937,19775400
2026-03-16,XLB,49.46,49.77,49.09,49.4,48.7736,15641100
2026-03-16,XLRE,42.56,42.859,42.49,42.58,41.5783,9002800
2026-03-16,SMH,395.14,399.48,392.64,393.92,393.92,10317600
2026-03-16,IGV,84.94,85.38,84.53,84.95,84.9341,13689700
2026-03-16,XBI,123.3,124.53,123.1,123.91,123.7885,7354200
2026-03-16,GNOM,43.55,43.965,43.435,43.673,43.628,8400
2026-03-16,ARKG,26.73,27.1,26.29,26.55,26.55,2511200
2026-03-16,KRE,63.81,64.3,63.46,63.46,62.3715,14125600
2026-03-16,XHB,101.45,102.16,100.91,101.67,100.6542,1396700
2026-03-16,XME,110.12,111.63,108.53,110.48,110.262,1695100
2026-03-16,URA,49.86,50.32,48.84,49.95,49.95,3393300
2026-03-16,ITA,231.12,233.91,231.1,232.81,232.2266,1613800
2026-03-16,PAVE,50.95,51.115,50.44,50.68,50.5913,1540200
2026-03-17,SPY,672.39,674.44,669.7,670.79,665.5912,87128000
2026-03-17,QQQ,603.14,605.9,601.87,603.31,601.2623,47106600
2026-03-17,XLK,139.39,140.27,138.93,139.54,139.0385,12034600
2026-03-17,XLF,49.7,50.19,49.51,49.56,48.9612,46974000
2026-03-17,XLV,151.22,151.85,149.54,149.64,147.8073,11938600
2026-03-17,XLY,112.78,113.65,112.72,113.18,112.4807,6767000
2026-03-17,XLC,115.65,116.499,115.36,115.37,114.3278,8391100
2026-03-17,XLI,167.22,167.56,165.05,166.5,165.182,12772600
2026-03-17,XLP,85.4,85.68,84.64,84.7,83.099,12224900
2026-03-17,XLE,58.23,59.05,57.98,58.51,57.3729,40137700
2026-03-17,XLU,47.52,47.64,47.08,47.13,46.1664,18502300
2026-03-17,XLB,49.68,49.98,49.48,49.52,48.8921,12770300
2026-03-17,XLRE,42.94,43.06,42.68,42.72,41.715,5654600
2026-03-17,SMH,397.16,397.61,393.22,396.88,396.88,6646300
2026-03-17,IGV,84.99,87.09,84.86,85.53,85.514,13394400
2026-03-17,XBI,123.82,125.19,123.67,124.19,124.0682,5898900
2026-03-17,GNOM,43.7,44.265,43.7,43.969,43.9237,5500
2026-03-17,ARKG,26.69,27.32,26.66,27.2,27.2,1905000
2026-03-17,KRE,64.05,64.44,63.14,63.45,62.3617,16119300
2026-03-17,XHB,102.37,102.86,101.41,102.08,101.0601,1451500
2026-03-17,XME,110.87,112.29,109.97,110.77,110.5514,1365700
2026-03-17,URA,50.31,51.28,49.75,50.52,50.52,2299900
2026-03-17,ITA,233.4,234,230.13,232.9,232.4671,816100
2026-03-17,PAVE,51,51.188,50.48,50.87,50.7809,1962900
2026-03-18,SPY,668.36,669.72,661.19,661.43,656.3038,82062600
2026-03-18,QQQ,601.49,603.16,594.56,594.9,592.8809,56128000
2026-03-18,XLK,139.31,140.07,137.93,137.96,137.4642,12634500
2026-03-18,XLF,49.37,49.71,48.92,48.97,48.3783,49239100
2026-03-18,XLV,148.72,149.05,147.01,147.14,145.3379,15565400
2026-03-18,XLY,112.5,112.99,110.44,110.57,109.8869,10979200
2026-03-18,XLC,114.66,115.16,113.61,113.66,112.6333,7022000
2026-03-18,XLI,166.17,167.17,165.06,165.18,163.8725,11872400
2026-03-18,XLP,84.01,84.03,82.6,82.64,81.0779,19412700
2026-03-18,XLE,58.74,58.97,58.43,58.43,57.2945,42908000
2026-03-18,XLU,46.95,47.15,46.73,46.73,45.7745,31063500
2026-03-18,XLB,49.18,49.28,48.48,48.48,47.8653,16432400
2026-03-18,XLRE,42.55,42.585,41.99,42.02,41.0315,6351100
2026-03-18,SMH,396.96,399.69,393.47,393.67,393.67,8372400
2026-03-18,IGV,84.74,85.93,84.33,84.34,84.3242,11633700
2026-03-18,XBI,123.2,123.35,121.06,121.11,120.9912,9336100
2026-03-18,GNOM,43.82,43.82,42.98,42.98,42.9357,4700
2026-03-18,ARKG,26.91,27.05,26.33,26.34,26.34,3029500
2026-03-18,KRE,63.2,63.48,62.46,62.62,61.5459,19568200
2026-03-18,XHB,101.22,102.01,99.47,99.59,98.595,1692900
2026-03-18,XME,108.88,109.48,107.75,107.91,107.6971,2106200
2026-03-18,URA,50.04,50.33,49.04,49.07,49.07,2963700
2026-03-18,ITA,232.08,234,231.2,231.43,230.9999,694400
2026-03-18,PAVE,50.86,51.05,50.27,50.31,50.2219,1423600
2026-03-19,SPY,656.97,662.98,655.17,659.8,654.6865,111272500
2026-03-19,QQQ,589.51,595.8,587.08,593.02,591.0071,75597600
2026-03-19,XLK,136,139.17,135.44,138.43,137.9324,18087900
2026-03-19,XLF,48.77,49.18,48.52,48.99,48.398,58374000
2026-03-19,XLV,147.14,148.09,146.3,146.61,144.8144,16913000
2026-03-19,XLY,109.63,110.34,108.87,109.7,109.0222,12496400
2026-03-19,XLC,113.315,114.04,112.36,113.14,112.118,10146300
2026-03-19,XLI,163.46,164.99,162.25,164.06,162.7613,17989900
2026-03-19,XLP,82.62,83,81.83,81.97,80.4206,18581300
2026-03-19,XLE,58.87,59.72,58.52,59.36,58.2064,69231400
2026-03-19,XLU,46.65,46.9,46.04,46.54,45.5884,29544000
2026-03-19,XLB,47.64,48,47.22,47.74,47.1347,23546600
2026-03-19,XLRE,41.91,42.09,41.655,41.92,40.9339,9645500
2026-03-19,SMH,384,397.53,381.44,394.92,394.92,12674800
2026-03-19,IGV,83.89,85.4,83.61,84.46,84.4442,20521900
2026-03-19,XBI,120.29,123.36,119.69,122.33,122.21,11717300
2026-03-19,GNOM,42.65,43.41,42.45,43.37,43.3253,62900
2026-03-19,ARKG,25.92,27.165,25.75,26.7,26.7,2629000
2026-03-19,KRE,62.26,63.63,61.8,63.19,62.1061,25860100
2026-03-19,XHB,98.72,99.23,97.22,98.72,97.7337,2369000
2026-03-19,XME,103.35,106.88,101.43,105.17,104.9625,3480400
2026-03-19,URA,47.66,48.72,46.31,48.27,48.27,5075000
2026-03-19,ITA,229.22,229.22,223.59,227.32,226.8975,1319900
2026-03-19,PAVE,49.65,50.33,49.26,49.99,49.9025,1413700
2026-03-20,SPY,656.51,656.69,644.72,648.57,645.301,163617500
2026-03-20,QQQ,591.06,591.17,578.54,582.06,580.0844,91964700
2026-03-20,XLK,137.98,137.98,134.32,135.29,134.8038,27251800
2026-03-20,XLF,48.96,49.34,48.79,49.08,48.4869,82914000
2026-03-20,XLV,146.48,147.02,144.66,145.33,143.5501,16582200
2026-03-20,XLY,109.43,109.43,107.15,107.74,107.0743,12297000
2026-03-20,XLC,112.83,113.03,111.62,112.23,111.2162,10086700
2026-03-20,XLI,164.02,164.65,160.31,161.67,160.3902,19199200
2026-03-20,XLP,82.11,82.31,81.06,81.29,79.7535,20895800
2026-03-20,XLE,59.56,60.32,59.28,59.31,58.1574,73003400
2026-03-20,XLU,46.46,46.66,44.43,44.65,43.7371,47128300
2026-03-20,XLB,47.85,47.96,46.73,46.98,46.3843,19735100
2026-03-20,XLRE,41.85,41.94,40.41,40.59,39.6351,15901300
2026-03-20,SMH,394.11,395.73,380.87,384.74,384.74,12846800
2026-03-20,IGV,83.84,83.84,82.31,82.99,82.9744,18578300
2026-03-20,XBI,121.7,123.52,119.53,120.31,120.192,12186700
2026-03-20,GNOM,42.94,43.2,42.19,42.496,42.4522,9100
2026-03-20,ARKG,26.52,26.83,25.801,26.05,26.05,4625500
2026-03-20,KRE,63.11,63.41,62.48,63.04,61.9587,22342800
2026-03-20,XHB,98.49,98.5,95.46,96.27,95.3081,3361800
2026-03-20,XME,104.97,105.63,100.72,101.73,101.5293,4359900
2026-03-20,URA,48.52,48.88,45.77,46.44,46.44,5130100
2026-03-20,ITA,227,227.95,220.32,222.56,222.1464,1194000
2026-03-20,PAVE,49.86,50.12,48.62,49.02,48.9342,1383100
2026-03-23,SPY,658.07,662.62,653.94,655.38,652.0767,134802700
2026-03-23,QQQ,590.52,595.08,585.96,588,586.7432,89936100
2026-03-23,XLK,137.5,139.2,136.22,136.95,136.6274,21818500
2026-03-23,XLF,49.7,49.86,49.22,49.27,48.9249,81044800
2026-03-23,XLV,146.56,146.77,144.6,144.77,143.5848,21815400
2026-03-23,XLY,109.78,111.43,109.59,110.12,109.6595,14779100
2026-03-23,XLC,112.87,113.45,112.21,112.71,112.0483,8557700
2026-03-23,XLI,164.1,166.18,163.02,163.05,162.2139,18508400
2026-03-23,XLP,81.78,81.83,80.98,81.18,80.0938,21027400
2026-03-23,XLE,57.89,59.84,57.66,59.63,58.8532,71027200
2026-03-23,XLU,44.93,45.19,44.57,44.78,44.1711,31574300
2026-03-23,XLB,47.4,48.15,47.36,47.55,47.1559,19208000
2026-03-23,XLRE,40.92,41.11,40.59,40.62,39.931,15314800
2026-03-23,SMH,393.36,399.28,389.44,391.36,391.36,12742300
2026-03-23,IGV,83.85,85.32,83.55,84.44,84.4242,18036600
2026-03-23,XBI,121.85,123.28,120.95,121.7,121.5807,8366700
2026-03-23,GNOM,42.94,43.27,42.67,42.778,42.7339,7500
2026-03-23,ARKG,26.58,27.155,26.37,26.63,26.63,4651500
2026-03-23,KRE,64.09,65.23,63.76,63.81,63.0797,28541300
2026-03-23,XHB,98.87,100.94,98.15,99.4,98.6302,3427800
2026-03-23,XME,102.72,106.26,102.72,103.61,103.4696,4354200
2026-03-23,URA,47.28,48.83,46.94,48.15,48.15,5262900
2026-03-23,ITA,226.24,228.26,223.23,223.35,222.9349,1126200
2026-03-23,PAVE,50.08,51.12,49.96,50.2,50.1121,1256500
2026-03-24,SPY,651.32,657.03,649.88,653.18,649.8878,96457500
2026-03-24,QQQ,584.81,587.93,581.93,583.98,582.7317,57750900
2026-03-24,XLK,136.05,136.92,134.87,136.15,135.8293,16843900
2026-03-24,XLF,48.8,49.59,48.78,49.28,48.9348,43296400
2026-03-24,XLV,143.95,145.3,143.38,144.79,143.6046,24230900
2026-03-24,XLY,109.04,110.32,108.95,109.68,109.2213,9032200
2026-03-24,XLC,112.15,112.49,111.06,111.13,110.4775,8634400
2026-03-24,XLI,161.37,164.56,161.14,164,163.159,14110200
2026-03-24,XLP,80.8,82.03,80.63,81.11,80.0248,14830000
2026-03-24,XLE,59.8,61.47,59.77,60.84,60.0475,51207500
2026-03-24,XLU,44.56,45.54,44.49,45.09,44.4769,24183800
2026-03-24,XLB,47.28,48.79,47.24,48.45,48.0484,15814600
2026-03-24,XLRE,40.42,40.73,40.22,40.29,39.6066,9942800
2026-03-24,SMH,388.03,396.88,387.62,394.59,394.59,6177200
2026-03-24,IGV,83.88,83.95,80.67,80.82,80.8048,26148100
2026-03-24,XBI,120.26,120.63,118.19,119.54,119.4228,10280000
2026-03-24,GNOM,42.14,42.73,42.14,42.533,42.4892,6400
2026-03-24,ARKG,26.35,26.805,26,26.635,26.635,2558800
2026-03-24,KRE,63.18,64.96,63.05,64.34,63.6037,16607600
2026-03-24,XHB,98.01,100.52,97.76,99.69,98.918,1712300
2026-03-24,XME,102.66,107.43,102.66,106.82,106.6753,1957200
2026-03-24,URA,46.83,48.31,46.6,48.19,48.19,2331600
2026-03-24,ITA,221.16,223.61,219.71,222.64,222.2262,1408100
2026-03-24,PAVE,49.74,51.24,49.73,50.97,50.8808,1052400
2026-03-25,SPY,658.67,660.89,654.24,656.82,653.5095,90653800
2026-03-25,QQQ,589.14,591.37,585.69,587.82,586.5635,60475500
2026-03-25,XLK,137.29,138,136.28,136.76,136.4379,13872400
2026-03-25,XLF,49.59,49.95,48.99,49.34,48.9944,40438800
2026-03-25,XLV,145.69,146.69,145.35,146.24,145.0428,17743300
2026-03-25,XLY,111.16,111.91,110.1,110.73,110.2669,9412900
2026-03-25,XLC,111.88,112.53,110.84,111.44,110.7857,6097800
2026-03-25,XLI,165.86,166.32,164.32,165.1,164.2534,12205600
2026-03-25,XLP,81.43,81.63,80.51,81.51,80.4194,17648200
2026-03-25,XLE,60.32,61,60.26,60.57,59.781,42680700
2026-03-25,XLU,45.52,45.65,45.21,45.25,44.6347,22297400
2026-03-25,XLB,49,49.45,48.67,49.41,49.0004,15047100
2026-03-25,XLRE,40.46,40.58,40.09,40.27,39.587,9903600
2026-03-25,SMH,398.36,402.5,395.74,399.02,399.02,7388700
2026-03-25,IGV,82.08,82.55,79.94,80.4,80.3849,28215700
2026-03-25,XBI,121.24,125,121.1,123.92,123.7985,11469100
2026-03-25,GNOM,43.849,44.147,43.849,43.974,43.9287,2700
2026-03-25,ARKG,27.02,27.63,26.825,26.86,26.86,2547100
2026-03-25,KRE,65,65.27,63.98,64.57,63.831,12708100
2026-03-25,XHB,100.96,101.33,98.12,100.56,99.7812,1820600
2026-03-25,XME,109.04,109.76,107.18,107.9,107.7538,2059600
2026-03-25,URA,49.64,50.14,48.73,48.95,48.95,3502900
2026-03-25,ITA,225.07,226.78,224.74,225.86,225.4402,1350900
2026-03-25,PAVE,51.55,51.77,50.91,51.335,51.2451,1495600
2026-03-26,SPY,652.06,654.85,644.82,645.09,641.8386,96494400
2026-03-26,QQQ,582.6,584.63,573.43,573.79,572.5635,81492100
2026-03-26,XLK,135.18,135.52,132.42,132.5,132.1879,15434600
2026-03-26,XLF,49.11,49.49,48.88,49.05,48.7064,45035700
2026-03-26,XLV,145.75,146.91,145.63,145.74,144.5469,13321000
2026-03-26,XLY,110.05,110.9,108.74,108.83,108.3749,7981000
2026-03-26,XLC,110.61,110.88,108.68,108.81,108.1712,9765900
2026-03-26,XLI,163.73,164.61,161.09,161.27,160.443,15416400
2026-03-26,XLP,81.48,82.23,81.07,81.14,80.0544,14148400
2026-03-26,XLE,60.67,61.86,60.59,61.52,60.7186,54967600
2026-03-26,XLU,45.24,45.48,45.02,45.33,44.7136,19988000
2026-03-26,XLB,48.97,49.73,48.97,49.09,48.6831,12903500
2026-03-26,XLRE,40.19,40.6,40.03,40.29,39.6066,14478400
2026-03-26,SMH,391.92,392.68,380.3,380.84,380.84,14806200
2026-03-26,IGV,79.54,81.24,79.32,79.75,79.7351,20723300
2026-03-26,XBI,122.52,125.64,122.52,123.9,123.7785,11477100
2026-03-26,GNOM,43.22,43.96,43.22,43.324,43.2793,15000
2026-03-26,ARKG,26.48,27.335,26.48,26.51,26.51,2265600
2026-03-26,KRE,63.98,64.7,63.91,64.47,63.7322,14882300
2026-03-26,XHB,99.58,100.82,97.95,98.06,97.3742,1728700
2026-03-26,XME,105.29,107.68,104.69,104.92,104.7778,1552100
2026-03-26,URA,47.92,48.44,46.65,46.7,46.7,2465900
2026-03-26,ITA,223.85,224.04,219.35,220.12,219.7109,1212600
2026-03-26,PAVE,50.82,51.185,50.04,50.15,50.0622,1167900
2026-03-27,SPY,642.5,642.66,633.11,634.09,630.894,103649400
2026-03-27,QQQ,570.81,571.02,561.57,562.58,561.3774,82702200
2026-03-27,XLK,131.53,132.05,129.58,129.92,129.614,15895200
2026-03-27,XLF,48.79,48.84,47.67,47.81,47.4751,64823900
2026-03-27,XLV,145.72,145.8,143.07,143.26,142.0872,12932200
2026-03-27,XLY,108.31,108.31,105.45,105.68,105.2381,10454700
2026-03-27,XLC,108.315,108.51,106.72,107.04,106.4116,9594600
2026-03-27,XLI,160.59,161.29,158.85,159.2,158.3836,13923700
2026-03-27,XLP,81.27,82.32,80.99,81.78,80.6858,25942100
2026-03-27,XLE,61.53,62.79,61.26,62.56,61.745,59553200
2026-03-27,XLU,45.37,46.08,45.3,45.59,44.9701,26172900
2026-03-27,XLB,49.04,49.29,48.78,48.91,48.5046,10746100
2026-03-27,XLRE,40.22,40.45,39.94,40.01,39.3314,6122400
2026-03-27,SMH,377.79,381.31,373.01,374.25,374.25,11811400
2026-03-27,IGV,78.44,78.67,76.61,76.89,76.8756,17244300
2026-03-27,XBI,123.24,123.69,119.51,119.59,119.4727,10706300
2026-03-27,GNOM,43.15,43.15,41.43,41.497,41.4542,5800
2026-03-27,ARKG,26.29,26.31,24.761,25.01,25.01,4214500
2026-03-27,KRE,64.04,64.24,63.21,63.37,62.6448,16353800
2026-03-27,XHB,97.49,98.26,96.3,96.5,95.8251,1937700
2026-03-27,XME,104.64,107.58,104.25,105.94,105.7965,1312400
2026-03-27,URA,46.42,47.42,45.97,46.63,46.63,3240400
2026-03-27,ITA,218.97,219.33,215.57,216.04,215.6385,718100
2026-03-27,PAVE,49.99,50.44,49.66,49.78,49.6929,1299200
2026-03-30,SPY,640.11,640.37,629.28,631.97,628.7847,99275900
2026-03-30,QQQ,567.38,568.05,555.6,558.28,557.0867,70602600
2026-03-30,XLK,131.27,131.55,126.68,127.5,127.1997,18830000
2026-03-30,XLF,48.23,48.72,48.09,48.36,48.0212,58128900
2026-03-30,XLV,144.3,144.63,143.43,143.82,142.6426,14799700
2026-03-30,XLY,106.61,107.17,105.19,105.66,105.2181,10192000
2026-03-30,XLC,107.895,108.66,107.066,107.96,107.3261,9490400
2026-03-30,XLI,160.55,160.74,156.08,156.61,155.8069,17459600
2026-03-30,XLP,81.91,82.61,81.63,81.88,80.7845,15855700
2026-03-30,XLE,63.13,63.46,61.78,61.96,61.1529,49750100
2026-03-30,XLU,46.17,46.34,45.76,45.92,45.2956,28363600
2026-03-30,XLB,49.51,49.74,48.9,49.09,48.6831,16612900
2026-03-30,XLRE,40.46,40.75,40.04,40.21,39.528,12617000
2026-03-30,SMH,377.62,379.24,359.86,362.53,362.53,12198200
2026-03-30,IGV,77.74,78.99,76.98,77.62,77.6055,23523200
2026-03-30,XBI,119.73,120.61,118.28,118.78,118.6635,9306200
2026-03-30,GNOM,41.61,41.96,41.16,41.396,41.3533,5500
2026-03-30,ARKG,25.2,25.202,24.6,24.82,24.82,2032800
2026-03-30,KRE,64,64.16,63.38,63.61,62.882,15385000
2026-03-30,XHB,97.69,97.69,95.4,95.56,94.8917,1967200
2026-03-30,XME,108.09,108.64,102.44,103.46,103.3198,1883600
2026-03-30,URA,47.06,47.25,44.76,45.29,45.29,3172000
2026-03-30,ITA,217.34,218.5,209.31,210.79,210.3982,1478700
2026-03-30,PAVE,50.38,50.466,49.045,49.19,49.1039,1347600
2026-03-31,SPY,638.94,651.54,637.98,650.34,647.0621,152534100
2026-03-31,QQQ,564.29,578.64,564.21,577.18,575.9462,95878000
2026-03-31,XLK,129.15,133.22,128.98,132.9,132.587,19405300
2026-03-31,XLF,48.92,49.46,48.51,49.37,49.0242,85361900
2026-03-31,XLV,144.81,146.75,144.6,146.61,145.4097,17866000
2026-03-31,XLY,107.23,109.41,106.71,108.98,108.5243,19487500
2026-03-31,XLC,109.14,111.26,108.82,110.86,110.2091,10145200
2026-03-31,XLI,158.7,162.24,158.05,161.73,160.9006,15855900
2026-03-31,XLP,82,82.27,81.15,81.98,80.8831,19522700
2026-03-31,XLE,62.04,62.83,60.04,61.26,60.462,94766900
2026-03-31,XLU,45.85,45.95,45.26,45.89,45.266,42852800
2026-03-31,XLB,49.52,50.23,49.29,49.97,49.5558,20487800
2026-03-31,XLRE,40.69,41.14,40.355,40.83,40.1375,13395200
2026-03-31,SMH,368.74,383.5,368.1,383.4,383.4,13834900
2026-03-31,IGV,78.48,80.25,77.9,80.05,80.035,25627900
2026-03-31,XBI,122.88,127.95,122.74,127.73,127.6047,18482500
2026-03-31,GNOM,42.11,43.745,42.11,43.745,43.6999,2800
2026-03-31,ARKG,25.32,26.48,25.31,26.42,26.42,2737100
2026-03-31,KRE,64.56,65.54,64.1,65.15,64.4044,27206100
2026-03-31,XHB,97.21,100.01,96.45,98.72,98.0296,2952300
2026-03-31,XME,104.75,108.29,104.7,108.01,107.8637,3928300
2026-03-31,URA,46.01,48.44,46,48.43,48.43,4734400
2026-03-31,ITA,213.56,219.57,212.51,218.75,218.3434,827600
2026-03-31,PAVE,49.85,51.17,49.635,50.81,50.7211,2358100
2026-04-01,SPY,653.9,658.52,653,655.24,651.9374,97841500
2026-04-01,QQQ,581.48,587.74,580.42,584.31,583.061,79435100
2026-04-01,XLK,134.12,136.05,133.76,134.91,134.5923,17050100
2026-04-01,XLF,49.8,49.85,49.14,49.44,49.0937,61558300
2026-04-01,XLV,147.22,148.76,146.95,147.73,146.5206,16899200
2026-04-01,XLY,109.69,110.5,108.74,109.8,109.3408,14467600
2026-04-01,XLC,111.25,111.875,110.705,111.24,110.5869,9856900
2026-04-01,XLI,163.49,165.77,163.27,164.43,163.5868,17035300
2026-04-01,XLP,81.72,81.87,80.92,81.46,80.3701,29643400
2026-04-01,XLE,59.72,60.62,58.36,58.97,58.2018,96652900
2026-04-01,XLU,45.78,46.28,45.7,46.11,45.483,31185100
2026-04-01,XLB,50.34,50.66,50.17,50.46,50.0417,19966800
2026-04-01,XLRE,40.87,41.125,40.75,40.95,40.2554,11565600
2026-04-01,SMH,388.26,396.63,386.38,391.97,391.97,10805400
2026-04-01,IGV,80.75,80.83,78.67,79.77,79.755,19061900
2026-04-01,XBI,128.79,131.45,128.03,128.55,128.4239,20031500
2026-04-01,GNOM,43.99,44.88,43.99,44.19,44.1445,13400
2026-04-01,ARKG,26.78,27.59,26.78,27.09,27.09,2223900
2026-04-01,KRE,65.33,66.48,65.33,65.85,65.0964,17438600
2026-04-01,XHB,99.14,100.22,98.24,99.21,98.5162,2147500
2026-04-01,XME,109.72,111.81,109.53,109.9,109.7511,2595300
2026-04-01,URA,49.53,50.83,49.06,49.26,49.26,4066300
2026-04-01,ITA,221.75,225.82,221.74,223.64,223.2244,1367900
2026-04-01,PAVE,51.32,52.19,51.27,51.69,51.5995,1725300
2026-04-02,SPY,646.42,658.2,645.11,655.83,652.5245,68358700
2026-04-02,QQQ,573.97,586.05,571.92,584.98,583.7296,50941700
2026-04-02,XLK,131.91,136.04,131.35,135.99,135.6697,12266200
2026-04-02,XLF,48.83,49.81,48.6,49.53,49.183,39519800
2026-04-02,XLV,146.93,148.36,146.27,146.81,145.6081,11087900
2026-04-02,XLY,107.46,109.53,107.1,108.15,107.6977,9684700
2026-04-02,XLC,110.14,111.87,109.7,111.7,111.0442,5590500
2026-04-02,XLI,161.72,165.74,161.14,163.77,162.9302,11097200
2026-04-02,XLP,81.71,81.98,81.16,81.89,80.7943,20709800
2026-04-02,XLE,60.53,61.01,58.98,59.25,58.4782,60400500
2026-04-02,XLU,46.04,46.59,45.91,46.34,45.7099,17331800
2026-04-02,XLB,50.08,50.92,49.91,50.41,49.9921,13799900
2026-04-02,XLRE,40.89,41.69,40.7,41.61,40.9042,7354700
2026-04-02,SMH,378.07,393.5,378,392.32,392.32,8505800
2026-04-02,IGV,78.94,80.71,77.92,80.34,80.3249,19202000
2026-04-02,XBI,125.66,129.95,125.57,128.96,128.8335,9896100
2026-04-02,GNOM,43.11,44.225,43.11,44.191,44.1455,4300
2026-04-02,ARKG,26.21,27.69,26.08,27.36,27.36,2155000
2026-04-02,KRE,64.75,66.01,64.47,66,65.2447,12662800
2026-04-02,XHB,97.32,100.33,96.43,98.22,97.5331,1520900
2026-04-02,XME,106.77,111.77,106.77,110.78,110.6299,1167000
2026-04-02,URA,47.01,49.16,46.54,48.9,48.9,2833200
2026-04-02,ITA,220.48,225.02,218.96,221.91,221.4976,800700
2026-04-02,PAVE,50.85,52.14,50.55,51.3,51.2102,1060400
2026-04-02,DRAM,27,28,26.14,27.76,27.76,2530200
2026-04-06,SPY,655.86,659.72,655.52,658.93,655.6088,39105800
2026-04-06,QQQ,586.23,590.61,584.69,588.5,587.2421,35108500
2026-04-06,XLK,136.48,137.25,135.71,136.78,136.4579,10147600
2026-04-06,XLF,49.51,50.01,49.45,49.88,49.5306,27345800
2026-04-06,XLV,146.28,147.14,145.76,146.28,145.0825,7272600
2026-04-06,XLY,107.93,109.23,107.93,109.04,108.584,6908800
2026-04-06,XLC,111.9,112.52,111.66,111.76,111.1038,3803600
2026-04-06,XLI,163.54,164.64,162.77,164.61,163.7659,7105500
2026-04-06,XLP,81.86,82.69,81.61,82.66,81.5541,9796700
2026-04-06,XLE,59.11,59.69,58.89,59.68,58.9026,25474200
2026-04-06,XLU,46.15,46.5,46.09,46.17,45.5422,12939500
2026-04-06,XLB,50.21,50.43,49.85,50.22,49.8037,8885600
2026-04-06,XLRE,41.52,41.87,41.405,41.76,41.0517,5149600
2026-04-06,SMH,393.75,397.1,391.9,395.98,395.98,4186100
2026-04-06,IGV,80.42,80.93,79.76,80.46,80.4449,6841100
2026-04-06,XBI,129.15,130.54,128.66,128.8,128.6737,6290400
2026-04-06,GNOM,44.3,44.36,43.95,44.05,44.0046,5800
2026-04-06,ARKG,27.36,27.8,27.242,27.26,27.26,1185200
2026-04-06,KRE,65.83,66.77,65.64,66.64,65.8773,7632700
2026-04-06,XHB,97.72,99.29,97.24,99.19,98.4963,814500
2026-04-06,XME,110.45,111.4,108.48,110.22,110.0707,1620000
2026-04-06,URA,49.09,49.43,47.99,48.61,48.61,2208700
2026-04-06,ITA,222.38,225.33,221.2,225.2,224.7814,787700
2026-04-06,PAVE,51.29,51.435,50.67,51.43,51.34,987600
2026-04-06,DRAM,29.28,29.95,28.79,29.16,29.16,6320100
2026-04-07,SPY,656.65,659.61,651.06,659.22,655.8973,69980400
2026-04-07,QQQ,585.64,588.98,578.4,588.59,587.3319,49948200
2026-04-07,XLK,136.17,137.49,134.11,137.43,137.1063,8585500
2026-04-07,XLF,49.62,50.02,49.5,49.88,49.5306,31750000
2026-04-07,XLV,146.91,146.91,144.88,146.57,145.3701,10263400
2026-04-07,XLY,108.11,108.18,106.45,107.77,107.3193,8956400
2026-04-07,XLC,111.57,112,111.05,111.82,111.1635,4379300
2026-04-07,XLI,163.65,164.68,162.8,164.28,163.4376,10068200
2026-04-07,XLP,82.46,82.54,81.1,81.26,80.1728,13331200
2026-04-07,XLE,59.81,60.77,59.79,60.16,59.3763,38811700
2026-04-07,XLU,46.06,46.43,46.04,46.27,45.6408,13657000
2026-04-07,XLB,50.12,50.32,49.68,50.08,49.6649,9953400
2026-04-07,XLRE,41.59,41.875,41.355,41.72,41.0124,5421400
2026-04-07,SMH,394.71,400.09,389.64,399.9,399.9,6672500
2026-04-07,IGV,79.83,80.65,78.86,80.5,80.4849,10652600
2026-04-07,XBI,127.97,129.22,126.37,128.85,128.7236,9788800
2026-04-07,GNOM,43.43,44.006,43.16,44.006,43.9606,4900
2026-04-07,ARKG,27.01,27.24,26.45,27.16,27.16,1811900
2026-04-07,KRE,66.44,66.96,66.2,66.75,65.9861,12438600
2026-04-07,XHB,98.24,98.24,96.08,96.98,96.3018,1511500
2026-04-07,XME,109.76,111,108.02,109.8,109.6512,1585900
2026-04-07,URA,48.3,48.46,46.84,47.95,47.95,2171900
2026-04-07,ITA,224,224.09,221.38,223.3,222.885,593300
2026-04-07,PAVE,51.12,51.635,50.94,51.485,51.3949,1427900
2026-04-07,DRAM,29.07,29.46,28.38,29.44,29.44,4869600
2026-04-08,SPY,676.39,677.08,671.46,676.01,672.6027,93606100
2026-04-08,QQQ,608.71,609.9,602.12,606.09,604.7945,63086000
2026-04-08,XLK,143.13,143.56,140.74,141.69,141.3563,13359000
2026-04-08,XLF,51.19,51.48,50.96,51.2,50.8413,48175400
2026-04-08,XLV,148.2,149.7,147.5,149.67,148.4447,8130700
2026-04-08,XLY,112.25,112.61,110.28,110.82,110.3566,14442400
2026-04-08,XLC,114.26,114.485,113.21,113.81,113.1418,4579400
2026-04-08,XLI,169.6,171.06,169.11,170.44,169.566,12808600
2026-04-08,XLP,81.25,82.8,80.97,82.78,81.6724,12645900
2026-04-08,XLE,56.68,58.19,56.18,58.05,57.2938,88023600
2026-04-08,XLU,46.29,46.78,45.98,46.78,46.1439,18879700
2026-04-08,XLB,51.08,51.78,50.77,51.75,51.321,14354000
2026-04-08,XLRE,42.31,42.515,42.12,42.44,41.7202,5836500
2026-04-08,SMH,423.16,424.99,414.99,422.92,422.92,10184300
2026-04-08,IGV,83.14,83.69,79.28,79.75,79.7351,27044100
2026-04-08,XBI,132.42,133.27,129.79,130.65,130.5219,7511800
2026-04-08,GNOM,45.58,45.58,45.031,45.031,44.9846,1800
2026-04-08,ARKG,28.54,28.9,27.54,27.81,27.81,1747800
2026-04-08,KRE,68.66,69.44,68.38,68.69,67.9039,15657800
2026-04-08,XHB,101.34,103.66,101.16,102.38,101.664,3531700
2026-04-08,XME,113.88,115.22,111.46,113.35,113.1964,2919300
2026-04-08,URA,52,52.8,50.57,51.4,51.4,3685900
2026-04-08,ITA,231.05,233.21,230.5,232.17,231.7385,691600
2026-04-08,PAVE,53.33,53.992,53.23,53.89,53.7957,2736700
2026-04-08,DRAM,33.39,33.39,31.69,32.47,32.47,9442600
2026-04-09,SPY,674.84,681.16,673.77,679.91,676.483,57134400
2026-04-09,QQQ,605.93,610.5,603.03,610.19,608.8857,37837500
2026-04-09,XLK,141.76,142.19,140.35,142.07,141.7354,8235100
2026-04-09,XLF,50.94,51.54,50.8,51.33,50.9704,30330500
2026-04-09,XLV,148.83,150.22,148.3,149.33,148.1075,6406400
2026-04-09,XLY,110.82,112.89,110.4,112.74,112.2685,6660500
2026-04-09,XLC,113.795,114.47,113.215,114.27,113.5991,4176700
2026-04-09,XLI,169.88,173.16,169.8,172.19,171.307,8180000
2026-04-09,XLP,82.24,83.64,82.06,83.45,82.3335,11716200
2026-04-09,XLE,58.2,59.02,57.11,57.33,56.5832,55088500
2026-04-09,XLU,46.66,47.71,46.62,47.15,46.5089,23274600
2026-04-09,XLB,51.56,52.07,51.47,51.67,51.2417,7658500
2026-04-09,XLRE,42.29,43.11,42.23,42.73,42.0052,5202000
2026-04-09,SMH,423.17,430.65,422.63,430.31,430.31,6018200
2026-04-09,IGV,79.15,79.29,75.85,76.64,76.6256,38649200
2026-04-09,XBI,129.7,132.15,129.55,131.82,131.6907,5596600
2026-04-09,GNOM,44.77,44.8,44.21,44.629,44.583,5300
2026-04-09,ARKG,27.6,27.63,26.99,27.07,27.07,1674000
2026-04-09,KRE,68.28,70.07,68.15,69.85,69.0506,10829800
2026-04-09,XHB,101.66,104.91,101.54,104.18,103.4514,1236500
2026-04-09,XME,112.83,114.62,111.64,112.71,112.5573,2052800
2026-04-09,URA,50.73,51.62,50.06,50.93,50.93,1695900
2026-04-09,ITA,230.92,234.39,230.78,231.76,231.3293,651400
2026-04-09,PAVE,53.6,54.885,53.6,54.585,54.4894,1701000
2026-04-09,DRAM,31.5,32.45,30.83,32.38,32.38,10282900
2026-04-10,SPY,681.32,682.03,678.45,679.46,676.0353,42253500
2026-04-10,QQQ,611.84,613.67,609.58,611.07,609.7638,34038500
2026-04-10,XLK,142.5,143.56,141.92,142.62,142.2841,9310100
2026-04-10,XLF,51.23,51.29,50.64,50.77,50.4143,35427500
2026-04-10,XLV,149.78,149.84,147.11,147.31,146.104,6217800
2026-04-10,XLY,113,113.46,112.24,112.89,112.4179,5607400
2026-04-10,XLC,114.64,114.86,113.68,113.95,113.281,2667900
2026-04-10,XLI,172.49,172.7,171.21,171.52,170.6404,5169700
2026-04-10,XLP,83.38,83.41,82.14,82.37,81.2679,12097000
2026-04-10,XLE,57.17,57.48,56.4,56.94,56.1983,42561700
2026-04-10,XLU,47.06,47.46,46.87,46.96,46.3214,15052100
2026-04-10,XLB,51.93,52.22,51.88,51.96,51.5293,6138500
2026-04-10,XLRE,42.77,42.96,42.615,42.82,42.0937,4989700
2026-04-10,SMH,434.45,441.54,434.45,436.88,436.88,11224200
2026-04-10,IGV,76.5,76.5,73.93,74.67,74.656,49422500
2026-04-10,XBI,132.09,132.27,128.76,129.44,129.3131,10034300
2026-04-10,GNOM,44.7,44.7,43.835,43.9,43.8548,3500
2026-04-10,ARKG,27.21,27.37,26.35,26.68,26.68,1921700
2026-04-10,KRE,69.71,69.8,68.79,68.94,68.151,12269700
2026-04-10,XHB,104.29,104.66,103.27,103.84,103.1138,1094700
2026-04-10,XME,113.52,115.62,113.38,113.56,113.4061,1730700
2026-04-10,URA,51.13,52.11,50.85,50.96,50.96,2040700
2026-04-10,ITA,231.84,231.84,227.48,229.64,229.2132,448000
2026-04-10,PAVE,54.81,54.945,54.48,54.65,54.5543,900100
2026-04-10,DRAM,32.58,32.7,32.11,32.43,32.43,4864800
2026-04-13,SPY,677.41,686.3,676.58,686.1,682.6418,54185800
2026-04-13,QQQ,609.48,626.74,608.11,617.39,616.0704,32972100
2026-04-13,XLK,142.33,145.67,142.13,145.61,145.2671,10407700
2026-04-13,XLF,50.5,51.67,50.42,51.66,51.2981,33635900
2026-04-13,XLV,146.88,148.05,146.24,147.97,146.7586,6182800
2026-04-13,XLY,112.34,113.95,112,113.92,113.4436,5992600
2026-04-13,XLC,113.635,114.86,113.27,114.82,114.1459,5063500
2026-04-13,XLI,170.99,172.78,170.61,172.73,171.8442,6814100
2026-04-13,XLP,82.14,82.27,81.07,81.55,80.4589,9981200
2026-04-13,XLE,57.62,57.72,56.65,57.11,56.366,43100900
2026-04-13,XLU,46.84,46.88,46.12,46.39,45.7592,17795700
2026-04-13,XLB,51.69,52.26,51.56,52.19,51.7574,9890600
2026-04-13,XLRE,42.66,43.035,42.55,43.02,42.2903,4079300
2026-04-13,SMH,434.75,443.64,433.6,443.34,443.34,6549800
2026-04-13,IGV,75.05,78.73,74.85,78.7,78.6852,37739600
2026-04-13,XBI,130.3,133.6,130.19,132.05,131.9205,7851900
2026-04-13,GNOM,43.83,44.91,43.83,44.805,44.7588,4900
2026-04-13,ARKG,26.54,28.03,26.51,27.9,27.9,1232000
2026-04-13,KRE,68.6,69.47,68.23,69.39,68.5959,11394200
2026-04-13,XHB,103.56,105.61,102.66,105.53,104.792,1207900
2026-04-13,XME,112.42,115.19,112.37,114.95,114.7943,1793500
2026-04-13,URA,50.37,52.18,49.77,52.18,52.18,2693700
2026-04-13,ITA,228.52,233.07,228.52,232.81,232.3773,651200
2026-04-13,PAVE,54.38,55.07,54.225,55.02,54.9237,2039300
2026-04-13,DRAM,32.35,33.58,32.06,33.55,33.55,5547900
2026-04-14,SPY,687.69,694.58,687.66,694.46,690.9597,63480500
2026-04-14,QQQ,620.22,628.6,620.1,628.6,627.2563,49921100
2026-04-14,XLK,146.9,147.94,146.08,147.94,147.5916,10183300
2026-04-14,XLF,51.51,51.91,51.44,51.78,51.4173,36498400
2026-04-14,XLV,147.38,149.6,147.24,148.83,147.6116,7722300
2026-04-14,XLY,114.65,116.83,114.58,116.44,115.9531,8128600
2026-04-14,XLC,115.01,116.835,114.84,116.56,115.8757,5396400
2026-04-14,XLI,173.13,174.04,172.03,173.35,172.461,5490700
2026-04-14,XLP,81.06,81.75,80.71,81.47,80.38,11577400
2026-04-14,XLE,56.5,56.5,55.41,55.95,55.2212,58830100
2026-04-14,XLU,46.4,46.56,45.9,46.47,45.8381,25118600
2026-04-14,XLB,52.26,52.26,51.65,52.01,51.5789,8273900
2026-04-14,XLRE,42.97,43.475,42.855,43.43,42.6934,4873600
2026-04-14,SMH,448,452.1,444.24,452,452,6932400
2026-04-14,IGV,80.12,81.24,78.88,79.48,79.4651,28354200
2026-04-14,XBI,133.2,136.4,133.03,135.72,135.5869,11046900
2026-04-14,GNOM,45.807,46.565,45.685,46.44,46.3921,5300
2026-04-14,ARKG,28.3,29.55,28.26,29.3,29.3,3552300
2026-04-14,KRE,69.25,69.59,68.59,69.29,68.497,12630000
2026-04-14,XHB,105.5,106.59,105.01,105.78,105.0402,1297000
2026-04-14,XME,116.3,116.85,114.49,115.26,115.1038,3500500
2026-04-14,URA,53.03,53.27,52.29,52.84,52.84,3001500
2026-04-14,ITA,233.97,236.66,233.78,235.43,234.9924,621600
2026-04-14,PAVE,55.22,55.33,54.62,55,54.9037,2438400
2026-04-14,DRAM,34.31,35.57,33.7,35.57,35.57,8770400
2026-04-15,SPY,695.26,700.28,694.2,699.94,696.4121,58240400
2026-04-15,QQQ,629.08,637.83,628.2,637.4,636.0375,50102400
2026-04-15,XLK,148.27,150.37,147.96,150.3,149.946,10622500
2026-04-15,XLF,52.07,52.33,51.82,52.17,51.8045,33804700
2026-04-15,XLV,148.86,149.21,146.89,147.77,146.5603,6669200
2026-04-15,XLY,116.53,118.44,116.15,118.18,117.6858,8034700
2026-04-15,XLC,116.85,118.12,116.742,117.36,116.671,5140000
2026-04-15,XLI,173.11,173.15,170.08,171.18,170.3022,13548300
2026-04-15,XLP,81.23,81.32,80.46,81.06,79.9755,10893700
2026-04-15,XLE,55.6,56.21,55.27,55.76,55.0336,39551500
2026-04-15,XLU,46.31,46.32,45.88,46.02,45.3942,24843900
2026-04-15,XLB,51.9,51.9,51.24,51.38,50.9541,20300500
2026-04-15,XLRE,43.345,43.425,43.13,43.41,42.6737,3029500
2026-04-15,SMH,450.7,453.33,435.15,453,453,9155700
2026-04-15,IGV,80.68,83.25,80.13,82.98,82.9644,29219500
2026-04-15,XBI,136.37,137.5,134.45,136.45,136.3162,8563800
2026-04-15,GNOM,46.76,47.19,46.66,46.9,46.8517,4300
2026-04-15,ARKG,29.45,30.225,29.41,29.94,29.94,3186300
2026-04-15,KRE,69.34,69.5,68.52,69.17,68.3784,11766800
2026-04-15,XHB,105.49,105.54,102.56,102.88,102.1605,1536500
2026-04-15,XME,115.13,116.37,114.2,115.68,115.5233,1544100
2026-04-15,URA,53.72,55.47,53.32,54.84,54.84,5080700
2026-04-15,ITA,236.04,236.25,232.02,234,233.5651,616600
2026-04-15,PAVE,55.02,55.02,53.785,54.06,53.9654,1444600
2026-04-15,DRAM,34.63,34.68,33.69,34.47,34.47,7354200
2026-04-16,SPY,701.06,702.78,698.53,701.66,698.1234,49972400
2026-04-16,QQQ,639.21,642.18,635.26,640.47,639.101,42320600
2026-04-16,XLK,150.99,152.18,149.75,152.02,151.662,11778000
2026-04-16,XLF,52.09,52.41,51.92,52.03,51.6655,25432000
2026-04-16,XLV,147.19,148.2,146.29,146.61,145.4097,9072300
2026-04-16,XLY,118.4,118.55,117.1,117.63,117.1381,5671900
2026-04-16,XLC,117.9,118.925,117.83,118.83,118.1323,3708300
2026-04-16,XLI,171.25,172.06,169.52,170.33,169.4565,8629200
2026-04-16,XLP,80.99,81.8,80.87,81.43,80.3405,13279000
2026-04-16,XLE,55.84,56.88,55.77,56.58,55.8429,31282600
2026-04-16,XLU,46,46.37,45.84,46.35,45.7197,26945000
2026-04-16,XLB,51.52,51.97,51.49,51.75,51.321,12382700
2026-04-16,XLRE,43.53,43.83,43.47,43.81,43.0669,4316700
2026-04-16,SMH,450.73,457.09,447.77,454.8,454.8,6450700
2026-04-16,IGV,85.13,85.33,83.26,84.36,84.3442,34648100
2026-04-16,XBI,136.14,136.63,134.71,135.46,135.3272,6839900
2026-04-16,GNOM,46.92,46.92,46.105,46.21,46.1624,4300
2026-04-16,ARKG,30.35,30.47,29.32,29.84,29.84,3228100
2026-04-16,KRE,69.04,69.33,68.66,68.83,68.0423,10604800
2026-04-16,XHB,103.16,103.94,102.22,102.36,101.6441,1025500
2026-04-16,XME,116.64,117.37,115.73,115.96,115.8029,1434900
2026-04-16,URA,55.47,55.99,54.68,55.27,55.27,3913900
2026-04-16,ITA,234.19,234.89,228.23,229.03,228.6043,663500
2026-04-16,PAVE,54.11,54.41,53.63,53.83,53.7358,1147700
2026-04-16,DRAM,34.82,35.34,34.53,35.04,35.04,6114400
2026-04-17,SPY,706.14,712.39,705.76,710.14,706.5607,70661900
2026-04-17,QQQ,645.59,650,644.07,648.85,647.463,53488900
2026-04-17,XLK,154.06,154.81,153.51,154.35,153.9865,10630400
2026-04-17,XLF,52.37,52.98,52.3,52.43,52.0627,45183400
2026-04-17,XLV,147.37,149.12,147.36,148.8,147.5818,8338100
2026-04-17,XLY,119.69,121.85,119.46,120.41,119.9064,9839500
2026-04-17,XLC,118.64,119.48,118.35,119.1,118.4007,3176900
2026-04-17,XLI,172.24,175.13,172.14,173.51,172.6202,9529000
2026-04-17,XLP,81.32,82.54,81.15,82.46,81.3567,12251700
2026-04-17,XLE,54.41,55.16,53.41,55.02,54.3033,90913300
2026-04-17,XLU,46.23,46.28,45.64,46.16,45.5323,17601500
2026-04-17,XLB,51.6,52.37,51.47,51.88,51.45,11796000
2026-04-17,XLRE,43.93,44.56,43.88,44.48,43.7256,3840300
2026-04-17,SMH,462.8,464.58,459.5,464.16,464.16,7184600
2026-04-17,IGV,86.23,86.52,84.76,85.08,85.0641,28710000
2026-04-17,XBI,137.77,139.19,137.21,138.67,138.534,10212700
2026-04-17,GNOM,47,47.71,47,47.29,47.2413,2800
2026-04-17,ARKG,30.6,31.285,30.521,30.79,30.79,3921300
2026-04-17,KRE,69.65,71.44,69.55,70.37,69.5647,21788000
2026-04-17,XHB,104.53,109,104.53,107.25,106.4999,2807000
2026-04-17,XME,116.72,119.39,115.24,117.6,117.4407,2557400
2026-04-17,URA,56.44,57.29,55.08,55.86,55.86,7875800
2026-04-17,ITA,232.55,236.64,231.74,231.94,231.5089,1162400
2026-04-17,PAVE,54.47,55.59,54.37,55.06,54.9636,1584700
2026-04-17,DRAM,35.7,35.97,35.26,35.59,35.59,5743800
2026-04-20,SPY,708.78,709.91,706.14,708.72,705.1478,43546800
2026-04-20,QQQ,648.04,648.76,642.52,646.79,645.4074,37138500
2026-04-20,XLK,154.3,154.75,153.04,154.56,154.196,8131600
2026-04-20,XLF,52.34,52.76,52.26,52.63,52.2613,26160600
2026-04-20,XLV,148.45,148.74,147.15,147.42,146.2131,6325700
2026-04-20,XLY,120.14,120.4,118.85,119.87,119.3687,5450100
2026-04-20,XLC,118.74,119.1,118.52,118.75,118.0528,3297300
2026-04-20,XLI,173.13,173.98,172.56,173.9,173.0082,5734900
2026-04-20,XLP,82.55,82.95,82.08,82.39,81.2877,9430800
2026-04-20,XLE,55.1,55.72,54.8,55.07,54.3526,35150000
2026-04-20,XLU,46.12,46.34,45.65,45.75,45.1279,14376100
2026-04-20,XLB,51.84,52.4,51.67,52.23,51.7971,8558000
2026-04-20,XLRE,44.4,44.65,44.322,44.64,43.8829,3628800
2026-04-20,SMH,464.64,465.74,458.65,463.96,463.96,3935100
2026-04-20,IGV,85.03,86.35,84.5,86.3,86.2838,15906400
2026-04-20,XBI,137.99,138.63,137,137.79,137.6549,6034000
2026-04-20,GNOM,47.23,47.775,47.23,47.621,47.5719,3800
2026-04-20,ARKG,30.75,31.505,30.69,31.24,31.24,1508300
2026-04-20,KRE,70.04,71.04,69.98,70.64,69.8316,8383600
2026-04-20,XHB,107.34,109.4,106.88,109.4,108.6349,1159600
2026-04-20,XME,116.5,119.36,116.24,119.2,119.0385,1838700
2026-04-20,URA,55.02,56.12,54.16,56.05,56.05,3979200
2026-04-20,ITA,231.73,232.78,230.66,231.85,231.4191,392500
2026-04-20,PAVE,54.98,55.565,54.79,55.47,55.3729,839100
2026-04-20,DRAM,35.44,35.68,34.55,35.07,35.07,6581100
2026-04-21,SPY,710.28,711.28,702.64,704.08,700.5312,58941400
2026-04-21,QQQ,648.41,650.2,642.21,644.33,642.9528,39580500
2026-04-21,XLK,155,156.07,154.15,154.69,154.3257,12657300
2026-04-21,XLF,52.71,53.19,52.2,52.3,51.9336,34150100
2026-04-21,XLV,148.29,148.56,145.88,145.92,144.7254,8735300
2026-04-21,XLY,120.84,120.91,118.68,118.97,118.4725,7208300
2026-04-21,XLC,118.8,119.13,116.99,117.16,116.4721,3862300
2026-04-21,XLI,173.53,174.69,170.93,171.44,170.5608,8752700
2026-04-21,XLP,82.34,82.45,81.74,81.84,80.745,8710400
2026-04-21,XLE,55.32,55.96,54.92,55.87,55.1422,41299800
2026-04-21,XLU,45.91,45.95,44.91,44.95,44.3388,19596900
2026-04-21,XLB,52.25,52.57,51.64,51.77,51.3409,9557700
2026-04-21,XLRE,44.58,44.645,43.75,43.78,43.0374,5080900
2026-04-21,SMH,466.29,468.43,462.24,464.66,464.66,5598600
2026-04-21,IGV,86.76,88.85,85.87,86.68,86.6637,29962800
2026-04-21,XBI,137.98,138.25,135.79,136.39,136.2562,6756500
2026-04-21,GNOM,47.88,47.885,47.235,47.262,47.2133,4200
2026-04-21,ARKG,31.41,31.86,30.65,30.71,30.71,2648100
2026-04-21,KRE,70.46,70.91,69.42,69.63,68.8331,15685400
2026-04-21,XHB,111.28,111.8,108.61,108.8,108.0391,3432600
2026-04-21,XME,119.25,120.85,117.13,117.37,117.211,3126400
2026-04-21,URA,56.4,56.42,53.66,53.74,53.74,3641100
2026-04-21,ITA,230.46,230.79,222.25,223.09,222.6754,955200
2026-04-21,PAVE,55.67,56.09,55.02,55.24,55.1433,1674000
2026-04-21,DRAM,35.8,36,34.89,34.93,34.93,6938800
2026-04-22,SPY,709.15,711.45,708.22,711.21,707.6253,42518500
2026-04-22,QQQ,650.15,655.33,648.52,655.11,653.7097,37368400
2026-04-22,XLK,156.22,158.16,155.52,158.09,157.7177,13830400
2026-04-22,XLF,52.48,52.65,52.07,52.21,51.8443,31838400
2026-04-22,XLV,146.51,147.58,146.01,146.38,145.1816,8316900
2026-04-22,XLY,119.53,119.76,118.66,118.93,118.4326,5289900
2026-04-22,XLC,117.65,117.98,117.285,117.88,117.1879,3079700
2026-04-22,XLI,173.31,173.92,170.33,171.04,170.1629,10595400
2026-04-22,XLP,82.09,82.51,81.85,82.11,81.0114,9138500
2026-04-22,XLE,56.36,56.78,56.13,56.54,55.8035,40565500
2026-04-22,XLU,45.34,45.62,44.71,44.87,44.2599,21731700
2026-04-22,XLB,52.24,52.42,51.7,51.83,51.4004,8933000
2026-04-22,XLRE,43.91,44.14,43.3,43.46,42.7229,5116300
2026-04-22,SMH,471.05,477.42,467.17,476.83,476.83,7835200
2026-04-22,IGV,87.87,89.04,87.48,88.74,88.7234,23478300
2026-04-22,XBI,137.94,138.68,136.48,137.31,137.1753,4641000
2026-04-22,GNOM,47.85,47.85,47.23,47.512,47.463,3500
2026-04-22,ARKG,31.28,31.38,30.62,30.88,30.88,1420500
2026-04-22,KRE,69.86,70.05,69.02,69.25,68.4575,11958900
2026-04-22,XHB,110.18,110.63,108.44,108.81,108.049,1326100
2026-04-22,XME,119.58,121.82,119.25,121.81,121.645,1733000
2026-04-22,URA,54.87,57.77,54.78,57.73,57.73,6090200
2026-04-22,ITA,225.29,225.61,217.06,219.15,218.7427,1916800
2026-04-22,PAVE,55.79,55.88,54.89,55.13,55.0335,1845200
2026-04-22,DRAM,36.13,37.5,35.8,37.3,37.3,9861400
2026-04-23,SPY,709.5,712.36,702.28,708.45,704.8792,56174000
2026-04-23,QQQ,653.55,656.92,645.52,651.42,650.0275,40099800
2026-04-23,XLK,156.77,157.8,153.95,155.84,155.473,12151400
2026-04-23,XLF,52.08,52.17,51.3,51.8,51.4371,44647900
2026-04-23,XLV,146.2,146.77,145.16,146.24,145.0428,7612000
2026-04-23,XLY,118.22,118.85,116.67,117.74,117.2476,7530900
2026-04-23,XLC,117.97,118.19,116.52,117.39,116.7008,3503600
2026-04-23,XLI,171.83,174.79,171.6,174.07,173.1774,14418800
2026-04-23,XLP,82.36,83.66,82.36,83.48,82.3631,12354400
2026-04-23,XLE,56.89,57.19,56.47,56.98,56.2377,34707200
2026-04-23,XLU,45.37,46.14,45.2,46.09,45.4633,23864300
2026-04-23,XLB,51.71,51.9,51.28,51.81,51.3805,13728200
2026-04-23,XLRE,43.65,44.01,43.5,43.96,43.2144,4159300
2026-04-23,SMH,480.4,488.08,475.19,481.85,481.85,10619700
2026-04-23,IGV,85.43,85.57,82.32,83.57,83.5543,49153500
2026-04-23,XBI,136.82,138.12,133.59,134.49,134.3581,7785000
2026-04-23,GNOM,47.44,47.44,46.025,46.16,46.1124,4100
2026-04-23,ARKG,30.69,30.79,29.08,29.8,29.8,3422200
2026-04-23,KRE,69.44,70.11,69.05,70,69.1989,17327200
2026-04-23,XHB,108.82,110.05,107.76,109.44,108.6746,1945700
2026-04-23,XME,120.49,121.52,115.83,117.64,117.4806,2498500
2026-04-23,URA,58.17,58.97,55.28,56.47,56.47,5694700
2026-04-23,ITA,218.95,220.71,214.75,219.11,218.7028,1386700
2026-04-23,PAVE,55.665,56.635,55.55,56.35,56.2514,1313900
2026-04-23,DRAM,36.74,37.35,35.81,36.36,36.36,11883700
2026-04-24,SPY,710.75,714.47,709.01,713.94,710.3415,45182000
2026-04-24,QQQ,658.51,664.51,656.53,663.88,662.4609,45563100
2026-04-24,XLK,158.43,160.4,157.6,160.22,159.8427,11059800
2026-04-24,XLF,51.58,51.67,51.32,51.42,51.0598,27225300
2026-04-24,XLV,145.24,145.53,143.68,144.18,142.9996,7969700
2026-04-24,XLY,118.14,118.9,117.67,118.69,118.1936,5546000
2026-04-24,XLC,117.21,117.22,115.09,115.54,114.8616,4857700
2026-04-24,XLI,173.97,174.18,171.96,172.47,171.5856,7665200
2026-04-24,XLP,83.76,83.86,82.95,83.23,82.1164,10852700
2026-04-24,XLE,56.77,56.92,56.17,56.87,56.1292,36426700
2026-04-24,XLU,46.03,46.3,45.74,46.18,45.5521,24158700
2026-04-24,XLB,51.75,52,51.33,51.92,51.4896,7420300
2026-04-24,XLRE,44,44.18,43.8,43.83,43.0866,3581000
2026-04-24,SMH,499.51,509.59,495.46,506.44,506.44,12614300
2026-04-24,IGV,84.36,85.4,83.42,85.2,85.184,21746900
2026-04-24,XBI,134.53,134.89,131.97,133.28,133.1493,6790700
2026-04-24,GNOM,46.22,46.42,45.6,45.97,45.9226,6600
2026-04-24,ARKG,29.905,30.215,29.32,29.54,29.54,1890200
2026-04-24,KRE,69.84,70.04,68.76,68.89,68.1016,15231400
2026-04-24,XHB,109.41,109.81,108.38,108.45,107.6915,2040100
2026-04-24,XME,118.52,118.84,116.86,117.78,117.6204,1490700
2026-04-24,URA,57.36,57.44,55.26,55.31,55.31,3112900
2026-04-24,ITA,218.75,218.75,214.11,215.8,215.3989,1435300
2026-04-24,PAVE,56.44,56.48,55.91,56.1,56.0018,2744500
2026-04-24,DRAM,36.99,37.55,36.63,37.2,37.2,11151400
2026-04-27,SPY,713.17,715.63,712.3,715.17,711.5654,33135900
2026-04-27,QQQ,663.4,664.43,660.69,664.23,662.8102,32717000
2026-04-27,XLK,160.02,160.62,158.81,160.57,160.1918,8963900
2026-04-27,XLF,51.31,51.9,51.27,51.81,51.4471,25764300
2026-04-27,XLV,143.68,145.21,143.42,143.46,142.2855,6571900
2026-04-27,XLY,118.09,118.45,117.28,117.84,117.3472,6915900
2026-04-27,XLC,115.41,116.75,115.41,115.81,115.1301,4506200
2026-04-27,XLI,172.51,173.51,171.52,172.51,171.6254,6689500
2026-04-27,XLP,83.1,83.34,82.27,82.34,81.2383,11125800
2026-04-27,XLE,57.1,57.68,56.63,56.77,56.0305,33070600
2026-04-27,XLU,46.37,46.5,46.17,46.19,45.5619,14543100
2026-04-27,XLB,52,52.18,51.61,51.78,51.3508,8025900
2026-04-27,XLRE,43.66,43.97,43.43,43.49,42.7524,4082400
2026-04-27,SMH,509.19,510.1,497.75,506.26,506.26,9040200
2026-04-27,IGV,84.72,86.1,84.12,85.43,85.414,17131500
2026-04-27,XBI,133.44,135.86,132.63,133.04,132.9095,6658700
2026-04-27,GNOM,45.96,46.455,45.43,45.546,45.4991,5700
2026-04-27,ARKG,29.61,30.57,29.58,29.91,29.91,2308500
2026-04-27,KRE,69.1,70.29,68.88,70.07,69.2681,11118000
2026-04-27,XHB,108.31,109.67,107.78,108.39,107.632,1445700
2026-04-27,XME,118.02,120.59,118.02,120.2,120.0371,1757600
2026-04-27,URA,55.75,57.02,55.4,56.7,56.7,4047300
2026-04-27,ITA,215.17,217.5,214.79,216.04,215.6385,692600
2026-04-27,PAVE,56.13,56.62,55.73,56.27,56.1715,1129100
2026-04-27,DRAM,38.32,39.34,38.01,38.57,38.57,11874200
2026-04-28,SPY,711.82,712.88,709.25,711.69,708.1029,43117400
2026-04-28,QQQ,657.41,659.64,653.81,657.55,656.1445,34147900
2026-04-28,XLK,157.11,158.64,156.16,157.85,157.4782,9253000
2026-04-28,XLF,52.2,52.4,51.8,51.85,51.4868,24337500
2026-04-28,XLV,144.57,144.86,143.28,143.84,142.6624,8612400
2026-04-28,XLY,117.45,117.79,116.87,117.01,116.5207,6740900
2026-04-28,XLC,115.855,116.23,115.32,115.75,115.0704,4052200
2026-04-28,XLI,171.68,171.86,169.54,170.98,170.1032,9000000
2026-04-28,XLP,83.6,83.65,82.62,83.08,81.9684,10170400
2026-04-28,XLE,57.72,58.05,57.38,57.71,56.9582,39151300
2026-04-28,XLU,46.44,46.52,46.04,46.25,45.6211,13016000
2026-04-28,XLB,51.88,51.98,51.01,51.4,50.9739,9073000
2026-04-28,XLRE,43.75,43.95,43.325,43.91,43.1652,6136400
2026-04-28,SMH,488.19,496.66,483.29,491.21,491.21,12664800
2026-04-28,IGV,85.24,86.02,84.56,85,84.9841,18507400
2026-04-28,XBI,132.23,134.44,131.07,131.16,131.0314,7649700
2026-04-28,GNOM,45.68,45.68,44.869,44.869,44.8228,4300
2026-04-28,ARKG,29.54,29.92,29.22,29.58,29.58,1347200
2026-04-28,KRE,70.54,71.03,70.16,70.37,69.5647,12324300
2026-04-28,XHB,108.23,108.85,106.55,106.92,106.1722,1715400
2026-04-28,XME,118.44,119.16,115.86,117.07,116.9114,2370500
2026-04-28,URA,55.62,56.03,53.78,54.23,54.23,3027400
2026-04-28,ITA,215.86,216.67,213.34,216.21,215.8082,1157700
2026-04-28,PAVE,56.12,56.195,55.34,55.73,55.6324,1405900
2026-04-28,DRAM,37.35,37.97,36.51,37.33,37.33,14534900
2026-04-29,SPY,711,712.2,708.37,711.58,707.9934,41859200
2026-04-29,QQQ,658.63,661.72,656.59,661.57,660.1559,31724900
2026-04-29,XLK,158.83,159.15,157.75,159.11,158.7353,7506900
2026-04-29,XLF,52.13,52.3,51.7,51.92,51.5563,22153100
2026-04-29,XLV,142.26,143.25,141.97,142.84,141.6706,11885500
2026-04-29,XLY,116.21,117.13,116.13,116.84,116.3514,8155400
2026-04-29,XLC,115.54,115.78,115.065,115.29,114.6131,4401500
2026-04-29,XLI,171.25,171.71,169.23,169.93,169.0586,9059900
2026-04-29,XLP,82.76,83.24,82.47,82.92,81.8106,12096900
2026-04-29,XLE,58.28,59.11,58.06,59.03,58.261,40616700
2026-04-29,XLU,46.07,46.27,45.56,45.68,45.0588,12655100
2026-04-29,XLB,51.49,51.51,50.89,50.96,50.5376,7053300
2026-04-29,XLRE,43.75,44.03,43.48,43.64,42.8998,9108500
2026-04-29,SMH,496.35,499.58,492.34,499.58,499.58,6007900
2026-04-29,IGV,84.49,84.55,83.26,84.5,84.4842,11182900
2026-04-29,XBI,130.05,130.61,127.76,128.9,128.7736,9033100
2026-04-29,GNOM,44.44,44.44,43.65,43.945,43.8997,3800
2026-04-29,ARKG,29.29,29.415,27.935,28.53,28.53,2047900
2026-04-29,KRE,70.17,70.43,68.84,69.03,68.24,10918500
2026-04-29,XHB,106.8,107.22,103.87,104.04,103.3124,2021900
2026-04-29,XME,117,117.12,114.29,114.61,114.4547,2060600
2026-04-29,URA,54.6,54.62,52.65,52.89,52.89,2320200
2026-04-29,ITA,216.77,217,211.82,213.14,212.7439,1637400
2026-04-29,PAVE,55.86,56.01,55.03,55.13,55.0335,1556900
2026-04-29,DRAM,38.69,39,37.87,38.23,38.23,11287000
2026-04-30,SPY,714.63,719.79,710.45,718.66,715.0377,67240900
2026-04-30,QQQ,665.35,668.9,657.56,667.74,666.3127,40622200
2026-04-30,XLK,159.65,159.8,156.88,159.5,159.1243,9276400
2026-04-30,XLF,51.51,52.25,51.2,52.13,51.7648,31406400
2026-04-30,XLV,143.68,146.29,143.66,145.99,144.7948,12587800
2026-04-30,XLY,118.5,118.67,116.43,118.35,117.8551,10280700
2026-04-30,XLC,115,116.67,114.7,116.51,115.826,5276500
2026-04-30,XLI,171.49,174.82,171.14,174.58,173.6847,12012100
2026-04-30,XLP,83.29,84.44,83.18,84.31,83.182,15360200
2026-04-30,XLE,58.2,59.84,57.94,59.65,58.873,35896800
2026-04-30,XLU,45.85,46.89,45.85,46.85,46.2129,22378500
2026-04-30,XLB,50.92,51.71,50.8,51.47,51.0434,15282700
2026-04-30,XLRE,43.54,44.475,43.5,44.4,43.6469,7471300
2026-04-30,SMH,504.71,507.79,495.02,506.72,506.72,8401600
2026-04-30,IGV,83.9,84.11,82.18,83.91,83.8943,26292700
2026-04-30,XBI,129.79,131.84,129.32,131.33,131.2012,7917900
2026-04-30,GNOM,44.15,45.59,44.15,45.341,45.2943,3800
2026-04-30,ARKG,28.71,30.165,28.61,29.87,29.87,1528000
2026-04-30,KRE,68.63,70.27,68.36,69.85,69.0506,12434700
2026-04-30,XHB,104.37,106.22,104.37,106,105.2587,2068300
2026-04-30,XME,115.85,118.98,115.59,118.73,118.5691,2615900
2026-04-30,URA,53.7,56.48,53.52,56.42,56.42,3614700
2026-04-30,ITA,214.01,219,213.96,218.56,218.1538,901000
2026-04-30,PAVE,55.5,56.89,55.5,56.79,56.6906,1766500
2026-04-30,DRAM,39.21,39.43,38.2,39.33,39.33,9381500
2026-05-01,SPY,721.25,724.87,720.47,720.65,717.0177,43049800
2026-05-01,QQQ,669.16,675.97,668.8,674.15,672.709,39172600
2026-05-01,XLK,160.39,162.29,160.14,161.87,161.4888,10161800
2026-05-01,XLF,52.4,52.61,51.92,51.92,51.5563,39618200
2026-05-01,XLV,146.29,146.61,145.15,145.16,143.9716,8865800
2026-05-01,XLY,118.61,119.77,117.82,118.63,118.1339,13071300
2026-05-01,XLC,116.835,117.3,116.59,116.72,116.0347,7556000
2026-05-01,XLI,175.23,175.43,172.94,172.96,172.073,6800700
2026-05-01,XLP,84.72,85.06,83.74,84.17,83.0438,13320000
2026-05-01,XLE,59.06,59.6,58.26,58.85,58.0834,35828400
2026-05-01,XLU,46.84,47.3,46.52,46.55,45.917,15507000
2026-05-01,XLB,51.64,51.77,51.34,51.35,50.9244,9358200
2026-05-01,XLRE,44.49,44.575,44.17,44.32,43.5683,7212400
2026-05-01,SMH,504.21,511.99,502.25,509.82,509.82,5308300
2026-05-01,IGV,86.12,87.04,84.87,86.63,86.6138,23314400
2026-05-01,XBI,130.62,131.46,128.99,130.42,130.2921,8261100
2026-05-01,GNOM,44.96,45.485,44.96,45.417,45.3702,9700
2026-05-01,ARKG,30.03,30.405,29.515,30.3,30.3,1446200
2026-05-01,KRE,69.85,70.41,69.18,69.82,69.0209,8935800
2026-05-01,XHB,106.38,106.49,105.02,105.09,104.355,2151000
2026-05-01,XME,117.72,118.92,116.2,118.56,118.3994,2062900
2026-05-01,URA,55.99,55.99,54.79,55.84,55.84,2872100
2026-05-01,ITA,219.79,219.79,216.27,216.27,215.8681,1026000
2026-05-01,PAVE,57.08,57.08,56.43,56.69,56.5908,1306800
2026-05-01,DRAM,38.9,40.8,38.75,40.41,40.41,11751000
2026-05-04,SPY,720.07,722.12,714.99,718.01,714.391,51950600
2026-05-04,QQQ,674.66,676.73,668.9,672.88,671.4417,34542000
2026-05-04,XLK,162.71,163.24,160.88,162.05,161.6684,10740000
2026-05-04,XLF,51.78,52.19,51.49,51.58,51.2187,44456300
2026-05-04,XLV,144.56,145.21,144.32,144.73,143.5451,10885900
2026-05-04,XLY,118.35,119.3,117.19,117.72,117.2277,10737700
2026-05-04,XLC,116.625,116.77,115.96,116.1,115.4184,5485700
2026-05-04,XLI,172.5,173.21,170.66,170.98,170.1032,7618500
2026-05-04,XLP,83.54,84.35,83.14,83.54,82.4223,12599100
2026-05-04,XLE,58.73,59.63,58.22,59.39,58.6163,36883000
2026-05-04,XLU,46.26,46.85,46.09,46.37,45.7395,18054200
2026-05-04,XLB,51.16,51.26,50.5,50.65,50.2302,10041600
2026-05-04,XLRE,44.16,44.44,43.9,44.08,43.3323,4220400
2026-05-04,SMH,512.47,513.15,501.15,506.79,506.79,6867500
2026-05-04,IGV,87.23,89.36,87.02,88.44,88.4234,18374400
2026-05-04,XBI,129.99,133.77,129.8,133.5,133.3691,8114200
2026-05-04,GNOM,45.35,46.38,45.35,46.314,46.2663,5800
2026-05-04,ARKG,30.19,30.925,30.11,30.58,30.58,1890200
2026-05-04,KRE,69.42,69.93,68.77,68.99,68.2004,11589400
2026-05-04,XHB,104.35,104.41,101.33,101.4,100.6908,2339900
2026-05-04,XME,118.37,119.07,116.17,116.96,116.8015,1948900
2026-05-04,URA,55.18,55.97,54.17,54.77,54.77,3218100
2026-05-04,ITA,216.01,218.24,214.3,214.33,213.9317,1100300
2026-05-04,PAVE,56.6,56.875,55.935,56.19,56.0916,1990700
2026-05-04,DRAM,42.15,43.43,41.91,42.47,42.47,29751300
2026-05-05,SPY,721.77,725.04,721.49,723.77,720.122,36933200
2026-05-05,QQQ,677.96,682.77,677.51,681.61,680.153,37101100
2026-05-05,XLK,163.87,166.02,163.52,165.63,165.2399,9813500
2026-05-05,XLF,51.57,51.77,51.38,51.59,51.2286,27419600
2026-05-05,XLV,145.28,145.66,144.42,145.3,144.1105,7174900
2026-05-05,XLY,118.59,119.29,118.05,118.07,117.5762,6216900
2026-05-05,XLC,116.31,116.31,115.191,115.63,114.9511,5299100
2026-05-05,XLI,172.15,173.06,171.2,172.41,171.5259,6189400
2026-05-05,XLP,83.48,84.46,83.27,84.06,82.9353,10891500
2026-05-05,XLE,59.23,59.76,58.89,59.45,58.6756,27041400
2026-05-05,XLU,46.53,46.82,46.36,46.37,45.7395,17499600
2026-05-05,XLB,51.04,51.79,50.89,51.53,51.1029,10775100
2026-05-05,XLRE,44.12,44.27,43.85,44.17,43.4208,5810800
2026-05-05,SMH,515.38,526.2,514.12,522.69,522.69,8624600
2026-05-05,IGV,88.59,88.83,87.1,88.27,88.2534,18348900
2026-05-05,XBI,135.15,136.37,131.96,133.79,133.6588,8702600
2026-05-05,GNOM,46.31,46.39,45.15,45.55,45.503,6700
2026-05-05,ARKG,30.52,30.94,29.415,29.78,29.78,4670000
2026-05-05,KRE,69.12,70.19,69.03,69.92,69.1198,10864900
2026-05-05,XHB,102.25,103.37,101.49,102.81,102.091,1676800
2026-05-05,XME,118.2,119.52,117.45,118.88,118.7189,1151400
2026-05-05,URA,55.56,56.2,53.78,54.2,54.2,3090700
2026-05-05,ITA,216.09,217,214.43,215.37,214.9697,814000
2026-05-05,PAVE,56.855,57.62,56.65,57.37,57.2696,3176100
2026-05-05,DRAM,44.4,46.98,44.29,46.29,46.29,36056200
2026-05-06,SPY,728.16,734.59,727.82,733.83,730.1313,53288900
2026-05-06,QQQ,687.78,695.93,686.48,695.77,694.2828,38778500
2026-05-06,XLK,167.88,170.08,166.84,170.03,169.6295,11304700
2026-05-06,XLF,51.92,52.24,51.78,51.84,51.4769,39084600
2026-05-06,XLV,145.36,146.15,144.9,145.4,144.2096,10613500
2026-05-06,XLY,118.97,120.54,118.77,119.87,119.3687,10430700
2026-05-06,XLC,116.22,117.61,116.22,117.35,116.661,6220600
2026-05-06,XLI,175.28,177.34,174.25,176.87,175.963,10461300
2026-05-06,XLP,84.34,84.51,83.84,84.24,83.1129,11529800
2026-05-06,XLE,57.29,57.89,56.66,57,56.2575,57907500
2026-05-06,XLU,46.28,46.38,45.64,45.71,45.0884,26315500
2026-05-06,XLB,52.32,52.67,52.14,52.41,51.9756,10500300
2026-05-06,XLRE,44.44,44.91,44.415,44.74,43.9812,5308700
2026-05-06,SMH,537.77,549.88,532.35,549.76,549.76,15262900
2026-05-06,IGV,88.27,88.42,86.33,87.82,87.8035,23584700
2026-05-06,XBI,134.91,137.95,134.25,137.68,137.545,8468600
2026-05-06,GNOM,46.14,46.984,45.765,46.984,46.9356,6500
2026-05-06,ARKG,29.95,31.11,29.572,31.06,31.06,1815900
2026-05-06,KRE,70.34,71.24,70.34,70.71,69.9008,13686300
2026-05-06,XHB,105.15,106.51,104.75,105.75,105.0104,4884400
2026-05-06,XME,121.51,124.26,120.49,124.14,123.9718,3451800
2026-05-06,URA,55.34,58.31,54.75,58.26,58.26,5834700
2026-05-06,ITA,220.03,224.44,219.81,223.42,223.0048,1126100
2026-05-06,PAVE,58.04,58.42,57.62,58.35,58.2479,1707700
2026-05-06,DRAM,48.65,48.99,46.34,48.68,48.68,47141000
2026-05-07,SPY,735.05,736.13,729.75,731.58,727.8926,51724600
2026-05-07,QQQ,696.58,701.24,691.77,694.94,693.4545,43779100
2026-05-07,XLK,170.26,171.95,168.7,169.69,169.2903,11031500
2026-05-07,XLF,51.78,52.08,51.42,51.55,51.1889,36983100
2026-05-07,XLV,145.18,145.84,144.27,144.72,143.5352,7608000
2026-05-07,XLY,120.59,121.1,119.32,119.88,119.3787,7928000
2026-05-07,XLC,117.63,118.2,117.035,117.38,116.6908,4333300
2026-05-07,XLI,177.44,177.72,173.43,174,173.1077,10627700
2026-05-07,XLP,83.93,84.3,83.15,83.98,82.8564,10116900
2026-05-07,XLE,55.87,56.15,55.13,55.95,55.2212,52909900
2026-05-07,XLU,45.62,45.68,45,45.12,44.5065,23499400
2026-05-07,XLB,52.6,52.77,51.38,51.4,50.9739,13026600
2026-05-07,XLRE,44.565,44.74,44.175,44.4,43.6469,6956200
2026-05-07,SMH,545.77,549.7,535.92,540.1,540.1,10905200
2026-05-07,IGV,90.01,91.98,89.92,90.85,90.833,29902800
2026-05-07,XBI,136.8,137.17,131.96,133.66,133.5289,10692800
2026-05-07,GNOM,46.97,46.97,45.715,46.357,46.3092,7700
2026-05-07,ARKG,31,31.1,29.945,30.38,30.38,2549500
2026-05-07,KRE,70.8,71.1,69.84,69.95,69.1495,11503300
2026-05-07,XHB,105.99,106.76,102.48,102.66,101.942,2090600
2026-05-07,XME,125.37,125.75,120.28,120.51,120.3467,3439100
2026-05-07,URA,58.16,58.63,55.78,56.26,56.26,5426200
2026-05-07,ITA,225.25,226.36,221.4,222.51,222.0964,773900
2026-05-07,PAVE,58.54,58.55,56.68,56.81,56.7106,1735900
2026-05-07,DRAM,47.95,48.78,46.08,46.55,46.55,27480500
2026-05-08,SPY,734.93,738.08,734.57,737.62,733.9022,47227100
2026-05-08,QQQ,699.92,711.23,699.5,711.23,709.7097,44320400
2026-05-08,XLK,171.59,175.6,171.3,175.52,175.1066,11222200
2026-05-08,XLF,51.68,51.74,51.14,51.24,50.8811,29627700
2026-05-08,XLV,144.59,145.07,143.18,143.49,142.3153,10165400
2026-05-08,XLY,120.25,121.13,119.94,120.2,119.6973,6054100
2026-05-08,XLC,117.015,117.19,116.615,116.94,116.2534,4153400
2026-05-08,XLI,175.15,175.32,173.09,173.2,172.3118,5883800
2026-05-08,XLP,84.53,84.8,84.16,84.18,83.0537,10323400
2026-05-08,XLE,55.85,56.23,55.46,55.7,54.9744,30573500
2026-05-08,XLU,45.36,45.51,44.69,44.72,44.1119,18158100
2026-05-08,XLB,51.81,51.91,51.5,51.59,51.1624,7600000
2026-05-08,XLRE,44.52,44.72,44.385,44.41,43.6567,3267100
2026-05-08,SMH,551.58,566.79,549,566.54,566.54,8553700
2026-05-08,IGV,89.83,91.15,88.28,91.15,91.1329,17106600
2026-05-08,XBI,133.87,135.88,133.27,134.71,134.5779,11783800
2026-05-08,GNOM,46.24,46.845,46.17,46.39,46.3422,7100
2026-05-08,ARKG,30.12,30.53,29.37,30.48,30.48,6210900
2026-05-08,KRE,70.13,70.31,69.64,69.85,69.0506,10184300
2026-05-08,XHB,103.33,103.68,102.08,102.51,101.7931,1210800
2026-05-08,XME,121.84,123.03,120.31,120.95,120.7861,1539500
2026-05-08,URA,56.54,56.82,54.91,55.18,55.18,5210300
2026-05-08,ITA,224.65,224.65,222.74,223.49,223.0746,709700
2026-05-08,PAVE,57.32,57.33,56.695,56.79,56.6906,1089900
2026-05-08,DRAM,49,52.8,48.9,52.8,52.8,41325400
2026-05-11,SPY,736.45,740.79,736.45,739.3,735.5737,44024000
2026-05-11,QQQ,710.36,714.59,708.91,713.29,711.7653,36019100
2026-05-11,XLK,176.15,178.3,175.87,177.88,177.4611,10461800
2026-05-11,XLF,51.26,51.46,50.96,51.18,50.8215,30759200
2026-05-11,XLV,143.75,145.02,142.67,143.04,141.869,9255700
2026-05-11,XLY,119.38,119.86,118.51,119.37,118.8708,5829100
2026-05-11,XLC,116.52,116.72,115.43,115.58,114.9014,4729300
2026-05-11,XLI,173.24,175.55,172.88,175.04,174.1424,6277200
2026-05-11,XLP,84.08,84.29,82.83,83.37,82.2545,11062700
2026-05-11,XLE,56.26,57.22,56.24,57.17,56.4253,31943300
2026-05-11,XLU,45.1,45.31,44.83,45.14,44.5262,22669300
2026-05-11,XLB,51.86,52.41,51.83,52.26,51.8268,8586900
2026-05-11,XLRE,44.39,44.81,44.39,44.57,43.814,4172300
2026-05-11,SMH,570.26,578.06,566.8,576.31,576.31,12680900
2026-05-11,IGV,90.1,90.79,89.81,90.69,90.673,13442600
2026-05-11,XBI,135.24,138.1,134.15,134.75,134.6179,9991800
2026-05-11,GNOM,46.74,47.35,46.11,46.264,46.2163,10800
2026-05-11,ARKG,30.29,30.93,29.9,29.94,29.94,3296300
2026-05-11,KRE,70.06,70.28,68.37,68.55,67.7655,20653700
2026-05-11,XHB,102.8,102.9,101.49,101.59,100.8795,1765600
2026-05-11,XME,121.63,125.82,121.46,124.54,124.3713,2173500
2026-05-11,URA,55.61,58.12,55.33,57.23,57.23,4701400
2026-05-11,ITA,223.49,227.26,221.88,225.99,225.57,811300
2026-05-11,PAVE,56.8,57.26,56.61,57.04,56.9402,1507800
2026-05-11,DRAM,54.91,56.38,53.7,55.08,55.08,79681400
2026-05-12,SPY,736.89,738.84,731.83,738.18,734.4594,54185300
2026-05-12,QQQ,708.22,710.18,696.64,707.24,705.7282,45873000
2026-05-12,XLK,176.15,176.99,171.2,175.2,174.7874,15950700
2026-05-12,XLF,51.18,51.7,50.81,51.58,51.2187,44193700
2026-05-12,XLV,143.81,146.64,143.19,145.85,144.656,11897200
2026-05-12,XLY,119.03,119.35,117.45,118.29,117.7953,6622100
2026-05-12,XLC,115.68,115.955,114.97,115.86,115.1798,5336300
2026-05-12,XLI,174.43,174.79,172.14,174.35,173.4559,7468700
2026-05-12,XLP,83.71,85.02,83.21,84.44,83.3102,16105000
2026-05-12,XLE,57.73,57.84,57.14,57.57,56.82,36814500
2026-05-12,XLU,45.06,45.38,44.8,45.19,44.5755,28240500
2026-05-12,XLB,52,52.29,51.46,52.14,51.7078,11594700
2026-05-12,XLRE,44.52,44.69,44.275,44.58,43.8239,5022400
2026-05-12,SMH,565.01,570.4,542.67,561.25,561.25,17720800
2026-05-12,IGV,90.7,90.87,88.76,89.44,89.4232,25300700
2026-05-12,XBI,134.42,135.49,133.26,134.91,134.7777,5994100
2026-05-12,GNOM,46.03,46.89,46.03,46.786,46.7378,8900
2026-05-12,ARKG,29.85,30.13,29.08,29.72,29.72,1807900
2026-05-12,KRE,68.64,68.74,67.13,68.23,67.4491,17791700
2026-05-12,XHB,101.37,101.74,99.42,99.97,99.2708,2113800
2026-05-12,XME,122.94,124.16,119.35,123.6,123.4325,2253800
2026-05-12,URA,55.71,55.71,52.61,54.35,54.35,6031600
2026-05-12,ITA,225.46,226.02,222.34,225.39,224.9711,661100
2026-05-12,PAVE,56.86,57.01,55.8,56.52,56.4211,1195500
2026-05-12,DRAM,52.03,52.97,48.32,51.3,51.3,69795100
2026-05-13,SPY,738.47,743.91,735.47,742.31,738.5685,44200200
2026-05-13,QQQ,709.96,716.65,704.83,714.71,713.1823,40012500
2026-05-13,XLK,177.27,177.74,174.26,176.85,176.4335,9817900
2026-05-13,XLF,51.14,51.33,50.96,50.99,50.6328,33440200
2026-05-13,XLV,145.32,146.98,145.13,146.71,145.5089,15841800
2026-05-13,XLY,118.06,119.23,117.45,118.72,118.2235,4611800
2026-05-13,XLC,115.522,117.03,115.35,116.76,116.0745,4061300
2026-05-13,XLI,174.24,174.61,172.52,173.62,172.7296,6070600
2026-05-13,XLP,84.2,85.26,84.14,84.72,83.5865,10463200
2026-05-13,XLE,57.47,57.71,56.96,57.63,56.8793,22707200
2026-05-13,XLU,44.8,44.82,44.36,44.67,44.0626,27268600
2026-05-13,XLB,52.13,52.52,52.02,52.06,51.6285,8455400
2026-05-13,XLRE,44.23,44.42,43.935,44.21,43.4601,5242500
2026-05-13,SMH,571.8,576.2,560.12,572.46,572.46,9586700
2026-05-13,IGV,88.82,89.02,87.5,88.6,88.5834,17058900
2026-05-13,XBI,134.62,136.37,133.69,135.85,135.7168,7037200
2026-05-13,GNOM,46.79,46.79,46.02,46.15,46.1024,7800
2026-05-13,ARKG,29.81,30,29.471,29.63,29.63,1090100
2026-05-13,KRE,68.01,68.11,67.08,67.14,66.3716,18412600
2026-05-13,XHB,99.69,99.79,98.29,98.98,98.2878,1895600
2026-05-13,XME,123.69,124.91,121.27,123.34,123.1729,2020400
2026-05-13,URA,54.06,54.2,52.49,53.31,53.31,3610200
2026-05-13,ITA,225,226.7,221.54,225.71,225.2905,474800
2026-05-13,PAVE,56.62,56.78,56.08,56.47,56.3711,1719900
2026-05-13,DRAM,54.67,54.87,52.87,54.54,54.54,42539400
2026-05-14,SPY,743.65,749.53,743.56,748.17,744.399,45307600
2026-05-14,QQQ,714.62,722.03,714.22,719.79,718.2514,33327500
2026-05-14,XLK,177.36,180.22,176.87,179.5,179.0772,11424900
2026-05-14,XLF,51.27,51.49,51.1,51.29,50.9307,37059700
2026-05-14,XLV,146.85,147.4,145.94,146.63,145.4296,7763800
2026-05-14,XLY,119.01,119.68,118.56,118.67,118.1737,5966700
2026-05-14,XLC,117.1,117.97,116.935,117.11,116.4224,3558200
2026-05-14,XLI,174.17,174.73,172.84,174.51,173.6151,7364000
2026-05-14,XLP,84.95,85.26,84.79,84.98,83.843,6627600
2026-05-14,XLE,57.65,58.18,57.51,58.07,57.3135,23487000
2026-05-14,XLU,44.63,44.92,44.55,44.9,44.2895,18472900
2026-05-14,XLB,52.12,52.25,51.6,51.67,51.2417,10703400
2026-05-14,XLRE,44.33,44.385,43.87,43.91,43.1652,4745800
2026-05-14,SMH,570.84,581.17,567.75,578.34,578.34,8458700
2026-05-14,IGV,88.7,91.08,87.66,90.64,90.623,17069900
2026-05-14,XBI,136.26,136.91,133.54,134.85,134.7178,5197100
2026-05-14,GNOM,46.48,46.48,45.59,45.59,45.543,4800
2026-05-14,ARKG,29.88,30.15,29.165,29.18,29.18,1338000
2026-05-14,KRE,67.7,68.28,67.65,67.74,66.9647,16610900
2026-05-14,XHB,99.72,100.8,99.46,100.09,99.39,1995800
2026-05-14,XME,123.67,123.77,120.04,120.97,120.8061,2153500
2026-05-14,URA,53.49,53.5,51.55,52.5,52.5,3336800
2026-05-14,ITA,226.46,226.89,223.2,224.46,224.0428,614000
2026-05-14,PAVE,56.76,56.96,56.38,56.83,56.7305,1830500
2026-05-14,DRAM,53.47,55.09,53.15,53.79,53.79,28665300
2026-05-15,SPY,741.79,743.46,737.96,739.17,735.4444,60410800
2026-05-15,QQQ,710.14,715.13,705.55,708.93,707.4146,51792700
2026-05-15,XLK,176.21,178.7,174.63,176.26,175.8449,14519000
2026-05-15,XLF,51.32,51.5,51.04,51.1,50.742,29789800
2026-05-15,XLV,146.76,147.16,144.89,145.1,143.9121,9039900
2026-05-15,XLY,117.31,117.37,116.31,116.53,116.0427,10453900
2026-05-15,XLC,116.91,117.04,115.98,116.08,115.3985,4295100
2026-05-15,XLI,172.8,172.8,170.93,171.4,170.521,7826300
2026-05-15,XLP,85.53,85.59,84.51,84.64,83.5076,12229600
2026-05-15,XLE,58.7,59.47,58.48,59.44,58.6657,33565500
2026-05-15,XLU,44.71,44.77,43.83,43.87,43.2735,21857600
2026-05-15,XLB,51.01,51.19,50.25,50.3,49.8831,11192800
2026-05-15,XLRE,43.81,43.84,43.17,43.23,42.4968,4936600
2026-05-15,SMH,560.31,565.88,552.91,556.34,556.34,13009600
2026-05-15,IGV,90.36,92.71,89.9,91.78,91.7628,28612300
2026-05-15,XBI,133.21,133.67,130.3,130.69,130.5618,9438200
2026-05-15,GNOM,45.38,45.38,44.295,44.315,44.2693,5200
2026-05-15,ARKG,28.72,28.91,28.05,28.15,28.15,2695400
2026-05-15,KRE,67.66,67.9,66.42,66.97,66.2036,18064800
2026-05-15,XHB,99.06,99.26,96.27,96.32,95.6464,2322000
2026-05-15,XME,117.32,117.32,114.84,115.59,115.4334,2447900
2026-05-15,URA,50.85,50.88,49.78,49.93,49.93,4557800
2026-05-15,ITA,222.45,222.45,216.68,217.27,216.8662,733800
2026-05-15,PAVE,56.15,56.15,55.235,55.41,55.313,2695800
2026-05-15,DRAM,50.69,51.93,49.82,51.1,51.1,35031300
2026-05-18,SPY,739.83,741.42,733.39,738.65,734.927,47843900
2026-05-18,QQQ,711.54,712.07,698.85,705.88,704.3712,49834500
2026-05-18,XLK,177.62,177.85,171.91,174.36,173.9494,19162600
2026-05-18,XLF,51.01,51.8,50.97,51.74,51.3776,32974600
2026-05-18,XLV,144.5,145.79,144.12,145.72,144.527,7949200
2026-05-18,XLY,116.5,117.78,115.54,116.32,115.8335,9985100
2026-05-18,XLC,116.04,117.82,115.85,116.98,116.2932,5125600
2026-05-18,XLI,171.56,171.57,169.5,170.75,169.8744,8696000
2026-05-18,XLP,84.75,85.94,84.68,85.9,84.7507,11634800
2026-05-18,XLE,59.13,60.7,58.72,60.58,59.7908,41516600
2026-05-18,XLU,44.07,44.21,43.53,43.94,43.3425,31554300
2026-05-18,XLB,50.33,50.72,50.07,50.22,49.8037,10543700
2026-05-18,XLRE,43.29,43.785,43.29,43.75,43.0079,6060900
2026-05-18,SMH,565.48,567.21,536.87,546.16,546.16,12317500
2026-05-18,IGV,91.06,93.29,90.73,92.87,92.8526,31004700
2026-05-18,XBI,130.9,131.5,126.7,127.67,127.5448,8076600
2026-05-18,GNOM,44.5,44.83,43.95,44.009,43.9636,10700
2026-05-18,ARKG,28.42,29.01,27.84,28.11,28.11,1915200
2026-05-18,KRE,67.25,68.18,67.13,67.92,67.1427,15231400
2026-05-18,XHB,96.64,98.03,96.06,96.41,95.7357,2162600
2026-05-18,XME,116.03,116.03,112.1,113.21,113.0566,3878500
2026-05-18,URA,50.05,50.37,48.04,48.68,48.68,3970400
2026-05-18,ITA,218.71,220.82,217.73,220.23,219.8207,820700
2026-05-18,PAVE,55.52,55.52,54.475,54.72,54.6242,1610300
2026-05-18,DRAM,53.14,53.15,48.01,49.32,49.32,39079900
2026-05-19,SPY,734.78,737.65,731.53,733.73,730.0317,54255900
2026-05-19,QQQ,699.81,706.49,695.25,701.53,700.0305,46827500
2026-05-19,XLK,172.68,175.18,170.83,173.24,172.832,15751400
2026-05-19,XLF,51.63,51.79,51.05,51.1,50.742,35956300
2026-05-19,XLV,145.62,148.07,144.85,147.32,146.114,12388200
2026-05-19,XLY,115.13,115.32,114.2,115.03,114.549,8578200
2026-05-19,XLC,116.95,117.14,115.715,115.85,115.1698,5163900
2026-05-19,XLI,169.63,170.18,168.11,168.74,167.8747,7503400
2026-05-19,XLP,85.82,86.7,85.16,86.09,84.9382,12233000
2026-05-19,XLE,60.81,61.49,60.3,61.29,60.4916,31111000
2026-05-19,XLU,43.82,44.41,43.62,44.34,43.7371,22307100
2026-05-19,XLB,49.78,49.86,48.89,49.04,48.6335,11881300
2026-05-19,XLRE,43.715,44.035,43.51,43.94,43.1947,4328300
2026-05-19,SMH,534.94,553.34,527.87,543.96,543.96,11905800
2026-05-19,IGV,93.81,94.78,91.85,91.95,91.9328,26334000
2026-05-19,XBI,127.28,128.13,125.07,126.79,126.6657,12027000
2026-05-19,GNOM,44,44.13,43.65,43.899,43.8537,4500
2026-05-19,ARKG,27.97,28.385,27.51,28.12,28.12,2796700
2026-05-19,KRE,67.72,67.96,67.08,67.56,66.7868,12121200
2026-05-19,XHB,95.53,95.75,93.57,94.86,94.1966,3593300
2026-05-19,XME,111.72,112,108.7,110.12,109.9708,2326400
2026-05-19,URA,47.96,48.11,46.56,47.2,47.2,3571000
2026-05-19,ITA,218.9,219.98,216.49,218.32,217.9142,988300
2026-05-19,PAVE,54.34,54.34,53.32,53.77,53.6759,1534800
2026-05-19,DRAM,47.4,51.05,46.43,49.77,49.77,37477400
2026-05-20,SPY,735.71,741.87,733.89,741.25,737.5139,45768000
2026-05-20,QQQ,705.29,713.15,703.79,713.15,711.6256,36779200
2026-05-20,XLK,174.66,177.25,173.95,177.14,176.7228,12630300
2026-05-20,XLF,51.23,51.71,50.78,51.66,51.2981,42148400
2026-05-20,XLV,147.54,148.02,146.29,147.13,145.9255,10527900
2026-05-20,XLY,115.27,117.95,114.78,117.94,117.4468,12155100
2026-05-20,XLC,115.65,116.215,114.81,116.1,115.4184,5148800
2026-05-20,XLI,169.23,171.48,168.37,170.73,169.8545,10524700
2026-05-20,XLP,85.58,86.07,84.81,85.52,84.3758,14035000
2026-05-20,XLE,60.81,61.7,59.68,59.8,59.021,61776800
2026-05-20,XLU,44.66,44.86,44.41,44.51,43.9048,17584800
2026-05-20,XLB,48.99,49.78,48.9,49.72,49.3079,20467000
2026-05-20,XLRE,43.86,44.45,43.86,44.43,43.6764,3861400
2026-05-20,SMH,552.75,564.72,551.65,564.66,564.66,8892200
2026-05-20,IGV,90.93,93.32,90.04,93.32,93.3025,18689500
2026-05-20,XBI,127.81,132.07,127.81,131.71,131.5808,10734400
2026-05-20,GNOM,44.29,45.524,44.29,45.524,45.4771,2900
2026-05-20,ARKG,28.38,29.64,28.18,29.54,29.54,2305400
2026-05-20,KRE,67.74,69.46,67.41,69.17,68.3784,18748500
2026-05-20,XHB,95.43,98.98,94.35,98.92,98.2282,3995900
2026-05-20,XME,112.27,113.29,110.1,113.19,113.0366,3574200
2026-05-20,URA,47.53,48.48,47.01,48.04,48.04,3032400
2026-05-20,ITA,219.28,223.65,218.29,223.28,222.865,880900
2026-05-20,PAVE,54.16,54.68,53.73,54.49,54.3946,1297300
2026-05-20,DRAM,51,51.63,49.73,51.51,51.51,24755600
2026-05-21,SPY,738.64,744.87,737.03,742.72,738.9764,43332200
2026-05-21,QQQ,708.99,717.12,706.77,714.51,712.9827,36415400
2026-05-21,XLK,175.83,178.98,175.83,178.6,178.1794,10873200
2026-05-21,XLF,51.46,51.83,51.21,51.73,51.3676,33344200
2026-05-21,XLV,146.9,148.3,145.84,148.15,146.9371,7157000
2026-05-21,XLY,117.59,119.22,116.81,118.7,118.2036,7082300
2026-05-21,XLC,115.47,116.855,114.99,116.1,115.4184,4855400
2026-05-21,XLI,169.81,171.3,168.91,170.53,169.6555,8535000
2026-05-21,XLP,84.56,84.77,83.44,84.66,83.5273,13185200
2026-05-21,XLE,60.48,60.59,58.72,59.13,58.3597,45851100
2026-05-21,XLU,44.55,45.01,44.44,45,44.3881,18781100
2026-05-21,XLB,49.54,50.25,49.14,50.02,49.6054,10235900
2026-05-21,XLRE,44.27,44.54,43.985,44.5,43.7452,3567800
2026-05-21,SMH,561.02,570.6,557.62,567.88,567.88,8293800
2026-05-21,IGV,92.12,92.97,91.58,92.48,92.4627,12795500
2026-05-21,XBI,130.64,133.43,129.67,132.78,132.6498,6852700
2026-05-21,GNOM,45.4,46.5,45.18,46.364,46.3162,5000
2026-05-21,ARKG,29.26,30.62,29,30.53,30.53,1969100
2026-05-21,KRE,68.67,69.39,68.28,69.21,68.4179,13570000
2026-05-21,XHB,97.73,100.13,96.64,99.56,98.8637,3568100
2026-05-21,XME,112.52,116.46,112.13,115.38,115.2237,1676900
2026-05-21,URA,47.94,49.43,47.68,48.86,48.86,3413000
2026-05-21,ITA,221.45,224,220.11,223.15,222.7353,486400
2026-05-21,PAVE,54.21,54.78,53.8,54.54,54.4445,1114100
2026-05-21,DRAM,52.18,54.45,51.9,54.34,54.34,28100300
2026-05-22,SPY,746.24,748.94,744.48,745.64,741.8818,41762000
2026-05-22,QQQ,718.07,722.12,715.95,717.54,716.0062,33118600
2026-05-22,XLK,180.03,181.73,179.56,180.39,179.9651,10739900
2026-05-22,XLF,51.9,52.17,51.84,51.94,51.5761,23308000
2026-05-22,XLV,149.09,150.32,149,149.89,148.6629,6915200
2026-05-22,XLY,119.16,119.87,118.98,119.18,118.6816,5289800
2026-05-22,XLC,116.41,116.73,115.235,115.46,114.7821,4108700
2026-05-22,XLI,171.75,172.88,170.42,171.77,170.8891,6910500
2026-05-22,XLP,84.72,85.12,84.44,84.8,83.6654,7889900
2026-05-22,XLE,58.99,59.61,58.83,59.49,58.715,42428900
2026-05-22,XLU,45.06,45.44,44.92,45.35,44.7333,15187100
2026-05-22,XLB,50.33,50.5,49.99,50.29,49.8731,6954600
2026-05-22,XLRE,44.63,44.82,44.28,44.56,43.8042,3829700
2026-05-22,SMH,574.27,582.5,572.86,576.32,576.32,7535000
2026-05-22,IGV,93.2,94.92,93.13,94.01,93.9924,11681300
2026-05-22,XBI,132.49,134.29,131.47,131.66,131.5309,6467700
2026-05-22,GNOM,46.54,46.8,46.535,46.54,46.492,3000
2026-05-22,ARKG,30.67,31.23,30.51,30.67,30.67,2056300
2026-05-22,KRE,69.25,69.61,69.07,69.37,68.5761,8441300
2026-05-22,XHB,100.08,100.42,98.87,100.01,99.3106,1789300
2026-05-22,XME,115.88,118.18,115.79,117.07,116.9114,1483700
2026-05-22,URA,49.47,49.92,48.76,48.96,48.96,2792300
2026-05-22,ITA,225,226.24,224.16,225.37,224.9511,459600
2026-05-22,PAVE,54.94,55.26,54.34,54.94,54.8438,1224400
2026-05-22,DRAM,53.67,54.29,52.72,52.82,52.82,21170400
2026-05-26,SPY,750.01,752.13,748.37,750.59,746.8068,41123600
2026-05-26,QQQ,725.96,731.17,724.16,730.28,728.719,34254700
2026-05-26,XLK,183.2,186,182.59,185.14,184.704,12500300
2026-05-26,XLF,52,52.23,51.72,51.85,51.4868,24530200
2026-05-26,XLV,149.95,150.3,148.44,148.51,147.2942,6590400
2026-05-26,XLY,119.73,120.24,118.7,119.45,118.9505,5007100
2026-05-26,XLC,115.63,116.075,115.07,115.55,114.8716,4191600
2026-05-26,XLI,173.19,174.78,172.87,174.3,173.4062,6797700
2026-05-26,XLP,84.79,84.89,83.53,83.63,82.5111,9475800
2026-05-26,XLE,58.87,59.57,57.84,57.85,57.0964,38819900
2026-05-26,XLU,45.59,45.64,45.33,45.33,44.7136,13738200
2026-05-26,XLB,50.68,51.17,50.65,50.99,50.5673,8241700
2026-05-26,XLRE,44.77,44.905,44.55,44.71,43.9517,4320200
2026-05-26,SMH,591.58,603.97,589.1,602.14,602.14,10008500
2026-05-26,IGV,93.97,94.87,93.01,94.05,94.0324,18696000
2026-05-26,XBI,132.47,133.68,131.39,133.35,133.2192,5928300
2026-05-26,GNOM,46.88,47.178,46.51,47.017,46.9685,5200
2026-05-26,ARKG,31.04,31.645,30.69,31.3,31.3,1504300
2026-05-26,KRE,69.7,70.55,69.57,70.3,69.4954,15023200
2026-05-26,XHB,101.47,102.81,101.42,102.34,101.6243,2907500
2026-05-26,XME,119.31,123.13,119.22,122.65,122.4838,2548300
2026-05-26,URA,50.48,51.08,50.11,50.86,50.86,4310400
2026-05-26,ITA,227.97,229.98,227.61,229.49,229.0635,1062300
2026-05-26,PAVE,55.58,56.385,55.435,56.31,56.2114,1682100
2026-05-26,DRAM,57.16,61.32,57.05,60.51,60.51,45481900
2026-05-27,SPY,750.88,751.38,748.22,750.46,746.6774,42106300
2026-05-27,QQQ,732.96,733.32,725.44,729.45,727.8907,35148700
2026-05-27,XLK,186.18,186.27,182.54,184.43,183.9956,12297400
2026-05-27,XLF,51.74,51.99,51.3,51.42,51.0598,45239100
2026-05-27,XLV,148.69,150.2,148.28,148.79,147.5719,10062500
2026-05-27,XLY,120.69,121.95,120.55,121.55,121.0417,13116100
2026-05-27,XLC,115.23,117.055,115.16,116.26,115.5774,5747800
2026-05-27,XLI,174.54,174.86,173.47,174.3,173.4062,7413200
2026-05-27,XLP,84.02,85.16,83.9,84.58,83.4484,12224200
2026-05-27,XLE,57.01,57.5,56.48,56.99,56.2476,48329800
2026-05-27,XLU,45.25,45.37,44.95,45.14,44.5262,16869400
2026-05-27,XLB,51.01,51.37,50.98,51.18,50.7558,9010300
2026-05-27,XLRE,44.74,44.985,44.6,44.63,43.873,3436100
2026-05-27,SMH,611.94,612.3,584.93,595.5,595.5,11209000
2026-05-27,IGV,92.57,94.33,92.27,93.05,93.0326,13180000
2026-05-27,XBI,133.62,136.03,133.3,134.45,134.3181,7576700
2026-05-27,GNOM,47.28,48.4,47.28,47.96,47.9106,18500
2026-05-27,ARKG,31.415,32.24,31.15,32.06,32.06,2342400
2026-05-27,KRE,70.25,70.64,69.36,69.58,68.7837,11954300
2026-05-27,XHB,103.28,105.72,102.93,103.31,102.5875,3263500
2026-05-27,XME,120.94,123.61,119.87,122.91,122.7435,1635500
2026-05-27,URA,50.27,50.51,49.28,50.16,50.16,3497800
2026-05-27,ITA,230.43,231.28,227.76,230.48,230.0516,1151200
2026-05-27,PAVE,56.65,56.84,56.35,56.72,56.6207,1097600
2026-05-27,DRAM,62.44,62.68,59.05,60.73,60.73,42342100
2026-05-28,SPY,750.25,755.15,749.23,754.6,750.7966,41562600
2026-05-28,QQQ,729.73,736.6,726.41,735.6,734.0276,32840000
2026-05-28,XLK,184.83,187.58,183.79,186.85,186.4099,11167600
2026-05-28,XLF,51.19,51.5,51.02,51.27,50.9108,40564600
2026-05-28,XLV,149.15,151.35,149.11,150.88,149.6448,10397400
2026-05-28,XLY,121.1,122.19,120.57,122.06,121.5495,7591900
2026-05-28,XLC,116.1,116.84,115.55,116.67,115.985,4528300
2026-05-28,XLI,173.49,174.71,172.06,173.8,172.9087,8669000
2026-05-28,XLP,84.86,84.95,84.37,84.43,83.3004,6414300
2026-05-28,XLE,57.55,57.68,56.68,56.95,56.2081,46554100
2026-05-28,XLU,45.03,45.27,44.58,44.63,44.0231,19383000
2026-05-28,XLB,51.07,51.47,50.61,51.36,50.9343,10566000
2026-05-28,XLRE,44.53,44.755,44.305,44.41,43.6567,3274000
2026-05-28,SMH,595.81,604.74,587.31,599.83,599.83,7625000
2026-05-28,IGV,93.4,96.14,92.96,95.68,95.6621,17442600
2026-05-28,XBI,134.23,136.56,133.13,135.99,135.8566,6861000
2026-05-28,GNOM,47.995,49.61,47.995,49.513,49.462,13500
2026-05-28,ARKG,31.95,34.315,31.85,34.12,34.12,3368100
2026-05-28,KRE,69.44,69.57,68.71,69.55,68.754,14162600
2026-05-28,XHB,102.35,103.16,101.32,102.77,102.0513,1727000
2026-05-28,XME,122.16,126.84,121.22,126.45,126.2787,2040100
2026-05-28,URA,49.38,50.96,48.97,50.75,50.75,3681700
2026-05-28,ITA,231.16,236.14,230.74,235.57,235.1322,1107100
2026-05-28,PAVE,56.6,56.71,55.72,56.45,56.3512,1886000
2026-05-28,DRAM,61.03,63.64,59.91,62.57,62.57,32036700
2026-05-29,SPY,755.9,758.08,754.69,756.48,752.6671,55075700
2026-05-29,QQQ,737.84,741.63,735.25,738.31,736.7318,37541700
2026-05-29,XLK,189.33,191.63,189.2,191.02,190.5701,15031700
2026-05-29,XLF,51.28,51.79,51.17,51.58,51.2187,34240300
2026-05-29,XLV,150.85,151.04,149.1,149.47,148.2463,13195800
2026-05-29,XLY,121.6,122.18,120.83,120.87,120.3645,7258000
2026-05-29,XLC,115.93,116.05,115.14,115.69,115.0108,5493800
2026-05-29,XLI,173.57,173.88,172.37,173.13,172.2422,7054700
2026-05-29,XLP,83.97,84.1,82.85,82.91,81.8007,13011100
2026-05-29,XLE,56.68,56.79,55.99,56.29,55.5567,32389600
2026-05-29,XLU,44.67,44.72,44.25,44.42,43.816,23048500
2026-05-29,XLB,51.28,51.58,51.11,51.15,50.726,11728000
2026-05-29,XLRE,44.31,44.35,43.825,43.99,43.2439,6642300
2026-05-29,SMH,606.03,611.79,597.12,598.93,598.93,7596100
2026-05-29,IGV,96.89,101.69,96.53,101.66,101.6409,37721000
2026-05-29,XBI,136.48,137.35,135.61,136.69,136.556,6734800
2026-05-29,GNOM,49.51,49.91,49.29,49.683,49.6318,66700
2026-05-29,ARKG,34.21,35.115,33.69,34.64,34.64,3726400
2026-05-29,KRE,69.37,69.93,69.21,69.61,68.8133,10809300
2026-05-29,XHB,102.53,104.11,102,102.63,101.9122,3722900
2026-05-29,XME,125.99,126.49,123.72,125.21,125.0404,1806500
2026-05-29,URA,50.7,51.16,49.46,50.76,50.76,3907900
2026-05-29,ITA,234.44,235.93,230.98,235.44,235.0024,1427700
2026-05-29,PAVE,56.49,56.69,56.125,56.31,56.2114,1093400
2026-05-29,DRAM,63.46,64.29,62.16,63.2,63.2,27940100
2026-06-01,SPY,755.36,760.28,754.69,758.54,754.7167,43634900
2026-06-01,QQQ,737.04,745.65,735.99,742.74,741.1523,33890600
2026-06-01,XLK,192.32,196.5,191.15,195.76,195.299,18968800
2026-06-01,XLF,51.23,51.6,51.19,51.43,51.0697,34507600
2026-06-01,XLV,148.52,148.88,147.26,147.84,146.6297,12582900
2026-06-01,XLY,119.69,119.83,117.97,118.19,117.6957,11012100
2026-06-01,XLC,115.425,116.045,114.815,115.61,114.9312,5270300
2026-06-01,XLI,171.59,172.86,170.39,172.4,171.5159,8235000
2026-06-01,XLP,82.51,82.64,81.68,82.03,80.9325,20246700
2026-06-01,XLE,57.03,57.81,56.85,57.3,56.5536,55879400
2026-06-01,XLU,43.9,43.96,43.07,43.1,42.5139,31206300
2026-06-01,XLB,50.65,51.05,50.13,50.92,50.4979,24538000
2026-06-01,XLRE,43.72,43.815,43.27,43.27,42.5361,6478200
2026-06-01,SMH,596.1,613.43,593.09,607.81,607.81,8649000
2026-06-01,IGV,104.02,108.06,102.95,107.7,107.6798,40104400
2026-06-01,XBI,135.62,135.66,132.24,133.62,133.489,7929300
2026-06-01,GNOM,49.34,49.34,48.24,48.53,48.48,9300
2026-06-01,ARKG,34.33,35.125,33.64,34.75,34.75,3630800
2026-06-01,KRE,68.95,69.15,67.99,68.31,67.5282,15988400
2026-06-01,XHB,103.73,103.73,102.11,103.23,102.508,2454100
2026-06-01,XME,124,128.69,123.12,127.46,127.2873,2111300
2026-06-01,URA,49.98,51.21,49.1,50.54,50.54,3283200
2026-06-01,ITA,231.84,232.99,227.67,229.91,229.4827,993300
2026-06-01,PAVE,55.83,56.14,55.2,55.98,55.882,1145700
2026-06-01,DRAM,65.74,68.76,65.46,68,68,41728800
2026-06-02,SPY,757.03,760.4,756.75,759.57,755.7416,31581900
2026-06-02,QQQ,742.4,746.44,739.23,746.16,744.565,30085200
2026-06-02,XLK,196.45,198.38,195.75,198.21,197.7432,10175200
2026-06-02,XLF,51.23,51.66,50.98,51.46,51.0995,30988800
2026-06-02,XLV,146.75,147.27,145.31,146.4,145.2015,12024300
2026-06-02,XLY,117.52,118.27,116.56,117.59,117.0982,8219300
2026-06-02,XLC,114.755,114.9,113.52,113.57,112.9032,6493900
2026-06-02,XLI,172.94,174.5,172.37,174.19,173.2967,8663800
2026-06-02,XLP,81.92,82.29,81.48,81.83,80.7352,15723400
2026-06-02,XLE,57.19,58.17,57.08,57.96,57.205,23842600
2026-06-02,XLU,43.21,43.96,43.18,43.9,43.3031,27366300
2026-06-02,XLB,50.82,51.67,50.72,51.52,51.0929,19926800
2026-06-02,XLRE,43.3,43.51,43.075,43.49,42.7524,6160600
2026-06-02,SMH,619.6,632.57,614.47,632.21,632.21,8083500
2026-06-02,IGV,104.57,105.77,102.96,104.73,104.7104,24586000
2026-06-02,XBI,131.54,131.97,127.57,127.76,127.6347,14202400
2026-06-02,GNOM,48.24,48.241,47.68,48.052,48.0025,13800
2026-06-02,ARKG,34.29,34.305,33.72,34,34,2376100
2026-06-02,KRE,68.01,69.68,68.01,69.54,68.7441,19351000
2026-06-02,XHB,103.62,104.65,102.95,104.32,103.5904,1571500
2026-06-02,XME,128.13,132.94,127.83,132.83,132.65,2554600
2026-06-02,URA,49.99,53.51,49.77,53.42,53.42,7165200
2026-06-02,ITA,229.97,230.93,227.51,228.33,227.9056,974400
2026-06-02,PAVE,56,57.03,55.945,56.89,56.7904,2125100
2026-06-02,DRAM,68.15,70.15,67.05,69.57,69.57,42711300
2026-06-03,SPY,758.15,758.8,753.57,754.24,750.4384,51402500
2026-06-03,QQQ,747.31,748.65,741.01,744.21,742.6193,40270200
2026-06-03,XLK,198.37,198.73,194.53,196.23,195.7678,11582100
2026-06-03,XLF,51.14,51.16,50.52,50.87,50.5136,44906700
2026-06-03,XLV,146.16,148.05,146.07,147.55,146.3421,9836000
2026-06-03,XLY,116.63,117.62,116.13,116.73,116.2418,6086400
2026-06-03,XLC,113.24,113.43,111.76,112.08,111.422,6066700
2026-06-03,XLI,173.73,176.1,173.55,174.05,173.1575,6900600
2026-06-03,XLP,81.79,82.72,81.65,82.16,81.0607,14750300
2026-06-03,XLE,58.24,59.38,58.01,58.71,57.9452,46312800
2026-06-03,XLU,43.96,44.48,43.68,43.71,43.1156,21948600
2026-06-03,XLB,51.35,52.03,51.24,51.63,51.202,12438500
2026-06-03,XLRE,43.38,43.965,43.32,43.51,42.772,5665400
2026-06-03,SMH,640.8,642.77,623.91,637.9,637.9,10179900
2026-06-03,IGV,103.33,103.5,99.93,100.2,100.1812,24946400
2026-06-03,XBI,127.57,129.99,127.12,129.83,129.7027,8097300
2026-06-03,GNOM,47.88,49.008,47.88,49.008,48.9575,5500
2026-06-03,ARKG,33.8,34.01,32.95,33.92,33.92,4256000
2026-06-03,KRE,69.08,69.13,67.81,67.88,67.1031,14963400
2026-06-03,XHB,103.41,104.41,102.93,103.89,103.1634,2236100
2026-06-03,XME,131.46,131.46,128.14,128.53,128.3559,2444500
2026-06-03,URA,52.68,52.68,49.88,50.39,50.39,5017600
2026-06-03,ITA,226.02,227.9,224.85,224.89,224.472,941300
2026-06-03,PAVE,56.71,57.69,56.65,57.29,57.1897,1616900
2026-06-03,DRAM,69.74,70.02,67.5,69.71,69.71,28084700
2026-06-04,SPY,752.1,758.31,751.47,757.09,753.274,49923000
2026-06-04,QQQ,735.48,743.5,732.62,740.61,739.0269,40782600
2026-06-04,XLK,191.52,194.74,189.69,193.17,192.7151,13142600
2026-06-04,XLF,51.54,52.3,51.48,52.19,51.8244,57368100
2026-06-04,XLV,150.38,152.54,150.29,152.08,150.835,14051800
2026-06-04,XLY,117.96,118.19,117.04,117.26,116.7696,4969900
2026-06-04,XLC,112.74,114.365,112.69,113.11,112.4459,6056200
2026-06-04,XLI,174.93,176.48,174.28,176.16,175.2566,6670100
2026-06-04,XLP,83.34,83.61,81.84,82.04,80.9423,12184700
2026-06-04,XLE,58.5,59.03,58.17,58.75,57.9847,23916300
2026-06-04,XLU,43.87,44.11,43.34,43.94,43.3425,18216500
2026-06-04,XLB,51.83,52.2,51.44,51.62,51.1921,9689200
2026-06-04,XLRE,44.16,44.43,43.785,44.4,43.6469,5184700
2026-06-04,SMH,613,634.78,604.61,627.53,627.53,10462900
2026-06-04,IGV,100.05,101.26,99.06,100.06,100.0412,17144700
2026-06-04,XBI,130.44,134.48,130.44,133.42,133.2892,7324200
2026-06-04,GNOM,49.31,51.4,49.31,50.71,50.6577,28500
2026-06-04,ARKG,33.99,37.3,33.99,36.27,36.27,6959500
2026-06-04,KRE,68.99,70.14,68.69,69.98,69.1791,16495300
2026-06-04,XHB,104.92,105.32,103.88,104.72,103.9876,1675700
2026-06-04,XME,127.54,129.81,127,128.65,128.4757,1493300
2026-06-04,URA,50.14,50.64,49.52,50.28,50.28,2538800
2026-06-04,ITA,226.71,232.23,226.34,231.57,231.1396,1023300
2026-06-04,PAVE,57.45,57.675,57.1,57.61,57.5092,1184100
2026-06-04,DRAM,64.73,67.12,63.18,65.7,65.7,48878900
2026-06-05,SPY,752.31,752.82,735.53,737.55,733.8325,93989400
2026-06-05,QQQ,730.06,731.69,704.32,705.06,703.5529,99606600
2026-06-05,XLK,188.89,189.22,179.8,180.3,179.8754,26816100
2026-06-05,XLF,52.38,52.48,52.06,52.3,51.9336,42101700
2026-06-05,XLV,153.38,154.7,152.92,153.01,151.7573,20723000
2026-06-05,XLY,117.4,118.1,114.57,114.86,114.3797,7699300
2026-06-05,XLC,112.79,113.36,111.135,111.67,111.0144,9005000
2026-06-05,XLI,175.61,176.37,173.48,174.18,173.2868,8893400
2026-06-05,XLP,82.59,84.39,82.44,83.44,82.3236,17021500
2026-06-05,XLE,58.67,58.78,57.63,57.67,56.9187,28213000
2026-06-05,XLU,44.04,44.62,43.97,44.35,43.7469,21351600
2026-06-05,XLB,51.41,51.65,50.5,50.63,50.2103,12395700
2026-06-05,XLRE,44.33,45.05,44.21,44.7,43.9418,5326500
2026-06-05,SMH,605.09,607,569.69,569.69,569.69,22038000
2026-06-05,IGV,99.41,100,95.08,95.85,95.832,19514000
2026-06-05,XBI,132.77,133.32,128.18,128.67,128.5438,8408400
2026-06-05,GNOM,50.43,50.43,48.19,48.564,48.5139,6400
2026-06-05,ARKG,35.71,35.785,32.87,33.41,33.41,4377600
2026-06-05,KRE,69.85,70.7,69.64,70.17,69.3669,15947700
2026-06-05,XHB,103.87,104.6,103.12,103.51,102.7861,2152300
2026-06-05,XME,126.49,126.49,117.81,118.6,118.4393,3333200
2026-06-05,URA,49.3,49.45,44.97,45.31,45.31,7618000
2026-06-05,ITA,230.4,232.65,227.86,229.45,229.0236,1018100
2026-06-05,PAVE,57.36,57.57,56.4,56.68,56.5808,1554700
2026-06-05,DRAM,60.82,61.17,55.38,55.79,55.79,77696100
2026-06-08,SPY,743.36,745.34,738.19,739.22,735.4941,49319100
2026-06-08,QQQ,717.81,723.03,713.07,716.07,714.5394,47401500
2026-06-08,XLK,185.22,186.71,183.17,184.18,183.7462,14685000
2026-06-08,XLF,52.24,52.47,51.96,51.97,51.6059,39102700
2026-06-08,XLV,153.24,154.47,152.41,152.65,151.4003,10639500
2026-06-08,XLY,114.77,116.02,114.77,115.39,114.9074,6307400
2026-06-08,XLC,111.41,111.465,110.12,111.09,110.4378,9077800
2026-06-08,XLI,174.92,175.33,173.27,173.63,172.7396,5372100
2026-06-08,XLP,82.97,83.49,82.93,83.07,81.9586,9544500
2026-06-08,XLE,58.08,58.96,57.97,58.33,57.5702,25717800
2026-06-08,XLU,44.32,44.38,43.47,43.52,42.9282,20843500
2026-06-08,XLB,50.61,50.81,49.91,49.96,49.5459,10994300
2026-06-08,XLRE,44.69,44.83,43.945,44.03,43.2832,4974500
2026-06-08,SMH,597.21,606.2,588.54,598.16,598.16,13823900
2026-06-08,IGV,96.04,96.62,95.05,95.65,95.6321,12374800
2026-06-08,XBI,130.21,131.06,127.85,128.43,128.304,6472300
2026-06-08,GNOM,48.39,48.455,47.77,47.78,47.7308,11400
2026-06-08,ARKG,34.11,34.23,32.96,33.15,33.15,1986200
2026-06-08,KRE,70.4,70.99,70.17,70.36,69.5548,9447800
2026-06-08,XHB,103.77,104.58,103,103.29,102.5676,3378100
2026-06-08,XME,120.71,120.81,118.22,118.59,118.4293,3302000
2026-06-08,URA,46.66,46.83,45.76,45.92,45.92,2910600
2026-06-08,ITA,230.44,231.03,226.26,227.26,226.8376,722000
2026-06-08,PAVE,57.16,57.16,56.39,56.51,56.4111,1312100
2026-06-08,DRAM,60.72,61.61,58.95,60.52,60.52,44523400
2026-06-09,SPY,743.63,746.9,722.59,737.05,733.3351,87683500
2026-06-09,QQQ,722.98,725.66,686.37,707.83,706.317,91932200
2026-06-09,XLK,185.91,187.08,172.88,180.77,180.3443,29884400
2026-06-09,XLF,52.18,52.7,52.04,52.46,52.0925,41695100
2026-06-09,XLV,153.48,154.98,153.18,154.57,153.3046,13125500
2026-06-09,XLY,116.16,117.59,114.25,115.87,115.3854,8203500
2026-06-09,XLC,111.48,112.23,110.48,111.48,110.8255,6589000
2026-06-09,XLI,174.37,176.59,171.73,175.6,174.6995,9457400
2026-06-09,XLP,83.18,84.59,83.04,84.1,82.9748,12440600
2026-06-09,XLE,58.08,58.21,56.81,57.39,56.6424,46026300
2026-06-09,XLU,43.64,44.08,43.47,43.98,43.382,20424800
2026-06-09,XLB,50.59,50.82,49.84,50.77,50.3492,13510500
2026-06-09,XLRE,44.28,45.19,44.19,44.97,44.2073,5556000
2026-06-09,SMH,609.48,613.69,554.66,591.01,591.01,20329700
2026-06-09,IGV,95.07,96.4,90.34,92.95,92.9326,25503700
2026-06-09,XBI,131.13,132.39,127.56,131.38,131.2512,11868500
2026-06-09,GNOM,48.36,48.9,47.21,48.9,48.8496,9200
2026-06-09,ARKG,33.55,34.14,31.97,33.56,33.56,3505400
2026-06-09,KRE,70.78,72.43,70.73,71.24,70.4247,23975600
2026-06-09,XHB,104.22,107.45,104.22,107.02,106.2715,4398200
2026-06-09,XME,119.57,119.9,112.13,116.1,115.9427,2097900
2026-06-09,URA,46.29,46.4,42.42,44.12,44.12,6646700
2026-06-09,ITA,228.43,231.84,224.5,230.45,230.0217,866400
2026-06-09,PAVE,56.99,57.67,55.71,57.17,57.0699,1492700
2026-06-09,DRAM,63.62,63.63,55.45,59.86,59.86,69995900
2026-06-10,SPY,733.39,738.38,725.33,725.43,721.7736,60341300
2026-06-10,QQQ,701.66,711.28,692.93,693.69,692.2072,65334300
2026-06-10,XLK,178.16,182.41,176.15,176.63,176.214,20059800
2026-06-10,XLF,52.5,52.81,52.21,52.23,51.8641,31128400
2026-06-10,XLV,154.96,155.13,152.82,152.85,151.5987,11712200
2026-06-10,XLY,115.46,115.68,113.38,113.49,113.0154,7515100
2026-06-10,XLC,111.59,112.45,110.93,111.01,110.3582,5435400
2026-06-10,XLI,174.57,174.58,169.45,169.66,168.79,13851900
2026-06-10,XLP,84.76,85.62,84.4,85.49,84.3462,13134100
2026-06-10,XLE,57.94,59.04,57.78,58.25,57.4912,36515300
2026-06-10,XLU,44.22,44.28,43.79,44,43.4017,17778000
2026-06-10,XLB,50.75,50.86,49.57,49.6,49.1889,9676500
2026-06-10,XLRE,45.11,45.27,44.99,44.99,44.2269,4560100
2026-06-10,SMH,580.76,598.73,568.29,570.91,570.91,12711400
2026-06-10,IGV,91.22,93.84,91.07,91.58,91.5628,12974500
2026-06-10,XBI,130.44,133.62,128.79,128.85,128.7236,8127300
2026-06-10,GNOM,48.76,49.28,47.82,47.918,47.8686,14000
2026-06-10,ARKG,33.37,34.38,32.83,32.85,32.85,1916600
2026-06-10,KRE,71.5,72.36,71.25,71.64,70.8201,14728800
2026-06-10,XHB,106.81,107,103.31,103.48,102.7563,2668800
2026-06-10,XME,115.08,117.16,112.26,112.43,112.2777,2260000
2026-06-10,URA,43.91,44.48,42.23,42.35,42.35,5642200
2026-06-10,ITA,229.94,230.56,224.69,224.87,224.4521,651400
2026-06-10,PAVE,57.07,57.205,55.29,55.3,55.2032,2505100
2026-06-10,DRAM,58.11,61.25,57.07,57.37,57.37,40826400
2026-06-11,SPY,728.76,740,724.41,737.76,734.0415,86330500
2026-06-11,QQQ,699.29,718.37,695,717.12,715.5872,71798900
2026-06-11,XLK,177.79,183.66,176.5,183.21,182.7785,18238400
2026-06-11,XLF,52.35,52.77,52.04,52.62,52.2514,41295600
2026-06-11,XLV,153.46,155.16,152.86,154.09,152.8285,10548800
2026-06-11,XLY,114.12,116.46,113.44,116.3,115.8136,8680300
2026-06-11,XLC,110.89,112.52,110.22,112.12,111.4617,5931800
2026-06-11,XLI,171.28,175.68,170.99,175.15,174.2518,11046100
2026-06-11,XLP,85.68,85.96,85.2,85.27,84.1291,18013600
2026-06-11,XLE,58.78,58.99,57.06,57.12,56.3759,40863500
2026-06-11,XLU,44.22,44.52,44.01,44.05,43.451,19146300
2026-06-11,XLB,50.07,51.33,50,51.22,50.7954,12442900
2026-06-11,XLRE,45.06,45.24,44.725,44.92,44.1581,5514100
2026-06-11,SMH,582.61,611.62,581.61,609.45,609.45,12196800
2026-06-11,IGV,90,91.33,88.95,90.92,90.903,20571500
2026-06-11,XBI,129.14,133.42,128.45,132.74,132.6098,10176700
2026-06-11,GNOM,48.01,49.13,47.93,49.13,49.0794,7600
2026-06-11,ARKG,33.06,33.69,32.48,33.65,33.65,3199500
2026-06-11,KRE,72.03,72.55,71.21,72.35,71.522,15738300
2026-06-11,XHB,104.47,107.92,103.7,107.83,107.0759,4492200
2026-06-11,XME,113.63,118.52,113.32,118.35,118.1897,1927600
2026-06-11,URA,42.79,44.93,42.6,44.83,44.83,4815700
2026-06-11,ITA,226.63,236.04,226.46,236.04,235.6013,1079600
2026-06-11,PAVE,55.91,57.315,55.79,57.18,57.0799,2123300
2026-06-11,DRAM,59.61,65.15,59.16,65.12,65.12,47924400
2026-06-12,SPY,740.71,744.44,735.03,741.75,738.0114,57079500
2026-06-12,QQQ,717.61,724.01,711.28,721.34,719.7982,51168400
2026-06-12,XLK,183.24,185.84,181.64,184.8,184.3648,15014300
2026-06-12,XLF,52.96,53.55,52.81,53.34,52.9663,51023300
2026-06-12,XLV,154.97,155.16,153.37,153.81,152.5508,9111000
2026-06-12,XLY,117.02,117.02,114.82,116.6,116.1124,7655200
2026-06-12,XLC,112.91,112.99,110.83,111.65,110.9945,7465700
2026-06-12,XLI,176.02,176.61,174.63,176.18,175.2765,6961600
2026-06-12,XLP,85.46,85.86,85.12,85.82,84.6718,9363000
2026-06-12,XLE,56.79,58.15,56.63,57.55,56.8003,31964700
2026-06-12,XLU,44.19,44.61,44.19,44.53,43.9245,17942600
2026-06-12,XLB,51.71,52.36,51.52,52.18,51.7475,15194700
2026-06-12,XLRE,45.04,45.52,45.02,45.36,44.5906,4002500
2026-06-12,SMH,607.95,624.62,602.21,619.96,619.96,8963300
2026-06-12,IGV,90.63,91.2,88.96,90.7,90.683,14992900
2026-06-12,XBI,132.98,135.54,132.96,133.79,133.6588,7822900
2026-06-12,GNOM,49.29,49.57,48.78,48.953,48.9025,25300
2026-06-12,ARKG,33.88,34.44,33.12,33.47,33.47,3479400
2026-06-12,KRE,72.71,73.59,72.64,73.41,72.5699,16231800
2026-06-12,XHB,108.08,108.68,107.2,107.59,106.8375,3353100
2026-06-12,XME,119.29,121.27,118.83,120.44,120.2768,1475700
2026-06-12,URA,45.21,45.99,44.84,45.52,45.52,3103400
2026-06-12,ITA,237.03,237.51,232.47,233.79,233.3555,648500
2026-06-12,PAVE,57.57,58.08,57.3,57.76,57.6589,1524500
2026-06-12,DRAM,63.77,66.17,62.9,65.01,65.01,32323000
2026-06-15,SPY,751.85,756.68,751.76,754.83,751.0255,60176400
2026-06-15,QQQ,738.1,744.76,737.38,744,742.4097,46710200
2026-06-15,XLK,190.37,192.08,189.75,191.79,191.3383,13097800
2026-06-15,XLF,53.76,53.97,53.48,53.56,53.1848,37492400
2026-06-15,XLV,153.71,153.88,151.77,152.89,151.6383,9525300
2026-06-15,XLY,118.61,119.51,118.31,118.57,118.0741,6590300
2026-06-15,XLC,111.92,112.59,111.59,112.19,111.5313,6585200
2026-06-15,XLI,178.8,179.98,178.51,178.68,177.7637,7522100
2026-06-15,XLP,85.47,85.77,85.13,85.48,84.3363,10980200
2026-06-15,XLE,55.2,56.05,55.02,55.55,54.8264,44319100
2026-06-15,XLU,44.48,45,44.19,44.74,44.1316,18437600
2026-06-15,XLB,52.87,53.2,52.47,52.5,52.0648,14993300
2026-06-15,XLRE,45.315,45.65,44.87,44.99,44.2269,5283800
2026-06-15,SMH,643.5,649.24,639.25,647.1,647.1,9613900
2026-06-15,IGV,92.18,93.63,91.6,92.68,92.68,13410300
2026-06-15,XBI,135.75,136.77,134.55,136.4,136.2662,5269900
2026-06-15,GNOM,49.69,50.32,49.335,50.1,50.0484,12100
2026-06-15,ARKG,34.41,35.46,34.33,35.1,35.1,3640100
2026-06-15,KRE,73.79,74.27,72.07,72.23,71.4034,21444100
2026-06-15,XHB,109.45,111.08,108.25,108.33,107.5724,2795800
2026-06-15,XME,123.58,124.22,120.57,120.63,120.4666,2639000
2026-06-15,URA,47.51,48.63,47.46,48.06,48.06,5194500
2026-06-15,ITA,236.76,239.13,236.76,237.4,237.1251,697800
2026-06-15,PAVE,58.71,59.01,58.14,58.17,58.0682,1898600
2026-06-15,DRAM,69.64,71.18,68.76,71.07,71.07,36982900
2026-06-16,SPY,754.55,755.44,749.88,750.33,746.5482,67093100
2026-06-16,QQQ,742.25,744.22,729.64,729.86,728.2999,45348700
2026-06-16,XLK,191.23,192.25,186.43,186.44,186.0009,10077200
2026-06-16,XLF,54.01,54.43,53.85,54.35,53.9693,37478300
2026-06-16,XLV,153.6,153.72,151.72,152.94,151.6879,8630000
2026-06-16,XLY,118.67,119.46,118.34,118.46,117.9646,6050500
2026-06-16,XLC,112.24,112.59,111.41,112.32,111.6605,7896400
2026-06-16,XLI,179.58,181.1,179.31,179.85,178.9277,8978400
2026-06-16,XLP,85.79,86.35,85.09,85.59,84.4448,9364100
2026-06-16,XLE,55,55.48,54.95,55.36,54.6388,42008400
2026-06-16,XLU,44.84,45.5,44.76,45.06,44.4473,16396600
2026-06-16,XLB,52.69,53.09,52.64,52.72,52.283,8430000
2026-06-16,XLRE,45.21,45.46,44.96,45.1,44.335,4003900
2026-06-16,SMH,643.52,648.31,616,616,616,10949600
2026-06-16,IGV,92.28,92.98,90.87,91.37,91.37,11964900
2026-06-16,XBI,136.43,137.36,134.17,135.34,135.2073,6925500
2026-06-16,GNOM,50.27,50.63,49.895,50.01,49.9585,7200
2026-06-16,ARKG,34.99,35.605,34.845,34.88,34.88,2515700
2026-06-16,KRE,72.78,73.29,72.2,72.49,71.6604,13946100
2026-06-16,XHB,109,110.79,108.94,109.84,109.0718,2156000
2026-06-16,XME,121.18,122.16,119.15,119.33,119.1683,1753700
2026-06-16,URA,48.24,49.42,47.47,47.87,47.87,2806800
2026-06-16,ITA,237.06,240.66,237.06,239.52,239.2427,652400
2026-06-16,PAVE,58.48,59.16,58.48,58.5,58.3976,1898000
2026-06-16,DRAM,71.72,72.61,67.6,68.12,68.12,46558800
2026-06-17,SPY,751.29,752.15,739.22,740.96,737.2253,85945200
2026-06-17,QQQ,735.19,735.68,720.85,722.51,720.9656,51669300
2026-06-17,XLK,189.01,189.99,185.3,185.8,185.3624,14396100
2026-06-17,XLF,54.29,54.89,53.9,54.05,53.6714,49571900
2026-06-17,XLV,152.05,152.57,149.97,150.71,149.4762,10991400
2026-06-17,XLY,117.81,118.17,115.18,115.49,115.007,9065700
2026-06-17,XLC,111.479,111.49,109.015,109.2,108.5589,9639800
2026-06-17,XLI,179.97,182.33,179.13,179.6,178.679,11053200
2026-06-17,XLP,85.19,85.39,83.36,83.68,82.5604,18015200
2026-06-17,XLE,55.26,55.36,54.54,54.67,53.9578,38553000
2026-06-17,XLU,44.82,45.17,44.24,44.46,43.8554,22210400
2026-06-17,XLB,52.52,53.31,51.86,52.02,51.5888,16228500
2026-06-17,XLRE,44.96,45.055,43.845,43.97,43.2242,11440200
2026-06-17,SMH,633.46,643.5,623.13,623.97,623.97,10658800
2026-06-17,IGV,90.84,92.11,89.03,89.16,89.16,19569600
2026-06-17,XBI,136.52,141.82,136.36,139.39,139.2533,17203400
2026-06-17,GNOM,50.89,52.39,50.89,51.3,51.2471,16300
2026-06-17,ARKG,34.9,36.71,34.67,35.04,35.04,4496500
2026-06-17,KRE,72.29,72.93,70.53,71.15,70.3357,27532500
2026-06-17,XHB,109.59,111.97,107.04,107.33,106.5794,5717700
2026-06-17,XME,119.24,122.53,118.27,118.39,118.2296,2022500
2026-06-17,URA,47.8,48.71,47.02,47.1,47.1,2865000
2026-06-17,ITA,239.45,245.5,238.85,242.79,242.5089,733600
2026-06-17,PAVE,58.46,59.21,57.84,57.98,57.8785,4304900
2026-06-17,DRAM,71.75,73.14,69.61,69.95,69.95,41820000
2026-06-18,SPY,747.76,748.23,743.86,746.74,744.8903,80875700
2026-06-18,QQQ,737.2,741.82,732.51,740.62,739.0369,50154600
2026-06-18,XLK,190.42,192,189.38,191.44,190.9891,12101600
2026-06-18,XLF,54.55,54.61,53.46,53.57,53.1947,37816800
2026-06-18,XLV,151.27,151.27,148.79,149.4,148.1769,10879300
2026-06-18,XLY,116.65,117.66,115.54,117.16,116.67,8728500
2026-06-18,XLC,109.86,110.37,108.51,109.45,108.8074,11655600
2026-06-18,XLI,182.5,182.92,180.45,180.91,179.9823,8059200
2026-06-18,XLP,83.84,83.89,83.13,83.3,82.1855,10446700
2026-06-18,XLE,54.14,54.25,53.25,53.77,53.0696,39645700
2026-06-18,XLU,44.6,45.34,44.53,44.76,44.1514,36828300
2026-06-18,XLB,52.22,52.43,51.76,51.81,51.3805,11934100
2026-06-18,XLRE,44.38,44.38,43.83,43.86,43.1161,5730700
2026-06-18,SMH,648.55,663.8,648.15,659.88,659.88,11229700
2026-06-18,IGV,89.56,89.56,87.3,89.09,89.09,24331300
2026-06-18,XBI,142,143.46,138.7,140.72,140.582,9569900
2026-06-18,GNOM,52.04,52.07,51.43,52.07,52.0163,13700
2026-06-18,ARKG,36.1,36.955,35.88,36.86,36.86,6411500
2026-06-18,KRE,71.76,72.3,71.42,71.72,70.8992,16522200
2026-06-18,XHB,109.17,112.28,109,111.04,110.2634,4285300
2026-06-18,XME,119.22,119.41,116.2,117.02,116.8615,2379200
2026-06-18,URA,47.91,48.43,47.21,47.78,47.78,3972700
2026-06-18,ITA,244.96,246,238.07,238.99,238.7133,920700
2026-06-18,PAVE,58.72,58.93,58.23,58.56,58.4575,2328800
2026-06-18,DRAM,75.25,77.7,75,76.71,76.71,52595700
2026-06-22,SPY,747.7,750.18,743.13,744.39,742.5461,46628100
2026-06-22,QQQ,742.02,745.45,734.39,737.95,737.1818,43518600
2026-06-22,XLK,192.95,194.3,190.86,192.15,191.926,11313000
2026-06-22,XLF,53.62,54.02,53.57,53.7,53.5106,27962800
2026-06-22,XLV,149.33,150.62,149.06,150.06,149.4879,11706100
2026-06-22,XLY,115.99,116.92,114.87,114.94,114.6874,7555600
2026-06-22,XLC,108.125,108.535,106.32,106.86,106.509,7382300
2026-06-22,XLI,180.78,182.28,180.69,181.8,181.3127,6669200
2026-06-22,XLP,82.66,83.14,82.15,82.18,81.6431,11243600
2026-06-22,XLE,53.53,54.13,53.17,54.06,53.7406,30765600
2026-06-22,XLU,44.48,44.97,44.43,44.72,44.3936,21868600
2026-06-22,XLB,51.18,51.82,51.15,51.62,51.3835,9088400
2026-06-22,XLRE,43.67,44.225,43.48,44.02,43.6526,4444100
2026-06-22,SMH,670.35,671.83,660.02,668.91,668.91,8043000
2026-06-22,IGV,88.18,90.61,86.62,87.31,87.31,23332400
2026-06-22,XBI,143.53,146.77,143.25,145.86,145.86,16738700
2026-06-22,GNOM,53.12,53.75,51.483,51.76,51.7066,67900
2026-06-22,ARKG,37,37.71,36.1,36.4,36.4,4809000
2026-06-22,KRE,71.33,72.3,71.33,71.99,71.5823,15770400
2026-06-22,XHB,110.59,111.03,109.01,109.13,108.5232,3134700
2026-06-22,XME,115.95,116.38,114.5,115.22,115.1426,1963900
2026-06-22,URA,47.08,47.32,46.31,46.8,46.8,2763400
2026-06-22,ITA,238.78,239,234.65,235.51,235.2373,1046700
2026-06-22,PAVE,58.57,59.29,58.53,59.24,59.1363,2021000
2026-06-22,DRAM,80.68,81.34,79.07,80.72,80.72,56191600
2026-06-23,SPY,733.81,739.63,732.3,733.58,731.7629,66846800
2026-06-23,QQQ,715.74,723.61,712.11,713.65,712.9072,53354200
2026-06-23,XLK,184.68,187.25,183.7,184.19,183.9753,14633600
2026-06-23,XLF,53.63,54.03,53.49,53.88,53.69,33375300
2026-06-23,XLV,151.49,152.43,151,152.18,151.5998,9479900
2026-06-23,XLY,113.95,114.66,113.47,113.76,113.51,9196000
2026-06-23,XLC,106.52,107.645,106.39,107.27,106.9176,7949700
2026-06-23,XLI,179.16,180.01,177.23,178.15,177.6725,8927400
2026-06-23,XLP,83.62,83.84,83.03,83.72,83.173,14963300
2026-06-23,XLE,54.14,54.56,53.87,54.46,54.1382,38690400
2026-06-23,XLU,44.75,45.2,44.46,45.07,44.741,22295600
2026-06-23,XLB,51.07,51.48,50.79,50.87,50.637,10273400
2026-06-23,XLRE,44.13,44.717,44.09,44.64,44.2674,4137600
2026-06-23,SMH,625.93,636.88,617.27,622.05,622.05,19126000
2026-06-23,IGV,87.48,88.3,87.16,87.32,87.32,15950800
2026-06-23,XBI,144.11,148.76,144.11,147.03,147.03,10610000
2026-06-23,GNOM,51.3,52.97,51.3,52.228,52.1742,55200
2026-06-23,ARKG,35.57,37.145,35.56,36.01,36.01,4812700
2026-06-23,KRE,71.95,73.23,71.85,73.12,72.7059,16889900
2026-06-23,XHB,107.91,109.46,107.42,108.2,107.5983,1681100
2026-06-23,XME,111.53,113.64,110.41,110.9,110.8255,2336500
2026-06-23,URA,44.91,47.17,44.25,45.58,45.58,3436200
2026-06-23,ITA,233.16,237.31,232.32,235.93,235.6568,553800
2026-06-23,PAVE,58.25,58.57,57.4,57.81,57.7088,1476400
2026-06-23,DRAM,69.52,73.07,68.59,69.22,69.22,82041900
2026-06-24,SPY,735.17,739.95,730.84,733.24,731.4237,57439500
2026-06-24,QQQ,715.37,719.93,704.45,710.62,709.8803,52480400
2026-06-24,XLK,184.07,185.66,180.79,183.05,182.8366,12323700
2026-06-24,XLF,53.86,54.1,53.54,53.72,53.5305,30809600
2026-06-24,XLV,153.13,154.67,152.46,153.35,152.7654,10070100
2026-06-24,XLY,114.15,116.96,113.93,115.07,114.8171,8301400
2026-06-24,XLC,107.525,108.085,106.45,106.54,106.19,9075500
2026-06-24,XLI,179.07,181.89,178.34,180.21,179.727,7088600
2026-06-24,XLP,84.04,84.81,83.82,84.44,83.8883,11294900
2026-06-24,XLE,53.5,53.77,52.94,53.57,53.2535,43034600
2026-06-24,XLU,45.29,45.6,45.09,45.54,45.2076,18884500
2026-06-24,XLB,50.87,51.53,50.79,51.16,50.9256,12425600
2026-06-24,XLRE,44.78,44.88,44.285,44.51,44.1385,5158800
2026-06-24,SMH,622.28,625.23,606.23,618.92,618.92,11902000
2026-06-24,IGV,86.76,88.11,86.11,86.17,86.17,19229300
2026-06-24,XBI,147.32,151.78,147.32,149.71,149.71,13716000
2026-06-24,GNOM,52.88,54.506,52.88,53.779,53.7236,64300
2026-06-24,ARKG,36.8,39.03,36.8,38.58,38.58,5867200
2026-06-24,KRE,73.13,74.13,73.12,73.97,73.5511,14241400
2026-06-24,XHB,110.39,115.53,109.69,114.28,113.6445,5598300
2026-06-24,XME,108.96,109.38,106.07,107.22,107.148,2290800
2026-06-24,URA,45.41,45.46,43.94,44.72,44.72,2689400
2026-06-24,ITA,235.6,238.72,235.6,236.19,235.9165,840200
2026-06-24,PAVE,58.03,58.97,57.96,58.41,58.3078,2155000
2026-06-24,DRAM,71.68,71.79,67.13,69.93,69.93,76629900
2026-06-25,SPY,738.91,739.37,729.6,734.3,732.4811,53934400
2026-06-25,QQQ,725.9,726.83,705.3,716.38,715.6343,49668000
2026-06-25,XLK,188.15,188.41,180.38,184.57,184.3549,13218200
2026-06-25,XLF,53.92,54.68,53.4,53.45,53.2615,31634800
2026-06-25,XLV,153.95,157.21,153.59,155.63,155.0367,9419200
2026-06-25,XLY,114.65,115.06,113.13,113.35,113.1009,7151300
2026-06-25,XLC,105.68,106.63,105.03,105.58,105.2332,5323100
2026-06-25,XLI,182.24,186.09,182.06,184.12,183.6265,7867600
2026-06-25,XLP,83.95,84.99,83.7,83.94,83.3916,12076100
2026-06-25,XLE,53.2,54.32,53,54.09,53.7704,28221700
2026-06-25,XLU,45.66,46.19,45.5,45.85,45.5153,19262800
2026-06-25,XLB,51.41,52.19,51.27,51.84,51.6025,9655000
2026-06-25,XLRE,44.7,44.775,44.12,44.59,44.2178,5642900
2026-06-25,SMH,649.37,650.03,613.93,636.88,636.88,14877600
2026-06-25,IGV,85.75,86.07,84.29,84.76,84.76,14970300
2026-06-25,XBI,149.89,154.7,149.89,151.59,151.59,12268600
2026-06-25,GNOM,54.4,55.74,54.34,54.955,54.8984,117200
2026-06-25,ARKG,39.03,40.57,39.02,40.11,40.11,4808000
2026-06-25,KRE,74,75.06,74,74.77,74.3466,11909200
2026-06-25,XHB,115.34,117.91,114.93,115.92,115.2754,3320500
2026-06-25,XME,109,109.43,105.91,108.74,108.667,1340800
2026-06-25,URA,45.28,45.66,43.71,43.92,43.92,2830000
2026-06-25,ITA,237.56,241.99,236.28,237.38,237.1051,786300
2026-06-25,PAVE,58.95,60.43,58.95,59.99,59.885,2294600
2026-06-25,DRAM,79.16,79.6,73.5,76.89,76.89,104823000
2026-06-26,SPY,728.95,736.53,716.58,728.99,727.1843,71034000
2026-06-26,QQQ,707.13,715.56,702.81,706.52,705.7846,47081800
2026-06-26,XLK,181,183.11,179.76,181.11,180.8989,13433900
2026-06-26,XLF,53.56,53.94,53.2,53.57,53.3811,26643000
2026-06-26,XLV,156.32,160.64,156.18,160.34,159.7287,16563800
2026-06-26,XLY,113.2,115.46,113.16,114.37,114.1187,8948900
2026-06-26,XLC,105.66,107.25,105.36,106.18,105.8312,9352100
2026-06-26,XLI,182.64,183.07,180.91,181.2,180.7143,8856200
2026-06-26,XLP,84.65,85.22,84.45,84.71,84.1565,11372100
2026-06-26,XLE,54,54.15,53.68,53.84,53.5219,19025200
2026-06-26,XLU,46,46.23,45.89,46.2,45.8628,19479300
2026-06-26,XLB,51.57,51.89,51.38,51.6,51.3636,9233700
2026-06-26,XLRE,44.89,45.29,44.78,45.24,44.8624,5422100
2026-06-26,SMH,616.79,621.71,609,611.61,611.61,12728300
2026-06-26,IGV,85.15,88.42,85.09,88.2,88.2,19832900
2026-06-26,XBI,151.23,155.93,151.2,155.38,155.38,11014400
2026-06-26,GNOM,54.85,56.77,54.85,56.271,56.213,52100
2026-06-26,ARKG,39.82,42.149,39.82,41.43,41.43,6804400
2026-06-26,KRE,74.94,75.31,74.5,75.17,74.7443,10338500
2026-06-26,XHB,115.34,116.3,115.01,115.64,114.997,2275300
2026-06-26,XME,107.58,109.6,106.87,108.01,107.9375,1163700
2026-06-26,URA,43.14,44.26,42.79,43.59,43.59,2175200
2026-06-26,ITA,236.82,239.64,235.38,236.78,236.5058,524100
2026-06-26,PAVE,59.5,59.51,58.71,58.84,58.737,2005100
2026-06-26,DRAM,72.26,74.77,71.33,71.88,71.88,59400800
2026-06-29,SPY,736.53,741.56,732.09,741,739.1645,58035200
2026-06-29,QQQ,713.99,724.58,705.17,724.08,723.3263,44939100
2026-06-29,XLK,183.12,185.66,178.67,185.41,185.1939,11857000
2026-06-29,XLF,53.7,54.03,53.68,53.72,53.5305,31628000
2026-06-29,XLV,160.7,161.09,159.88,160.74,160.1272,12935000
2026-06-29,XLY,115.21,117.54,115.04,117.12,116.8626,10586700
2026-06-29,XLC,108.3,108.51,107.67,107.88,107.5256,6573200
2026-06-29,XLI,181.51,183.58,181.35,182.76,182.2701,7860500
2026-06-29,XLP,84.91,85.08,84.05,84.37,83.8187,10163800
2026-06-29,XLE,53.98,54.28,53.47,53.58,53.2634,25142300
2026-06-29,XLU,46.2,46.31,45.77,46.02,45.6841,17917800
2026-06-29,XLB,51.28,51.4,50.25,50.66,50.4279,12726100
2026-06-29,XLRE,45.14,45.195,44.55,44.92,44.545,5151100
2026-06-29,SMH,615.03,633.26,596.17,631.98,631.98,10473900
2026-06-29,IGV,89.84,91.2,89.39,89.89,89.89,18377100
2026-06-29,XBI,155.5,158.33,154.37,158.31,158.31,12227900
2026-06-29,GNOM,56.61,57.12,56,57.12,57.12,112500
2026-06-29,ARKG,41.71,42.7,41.32,42.36,42.36,5857500
2026-06-29,KRE,74.79,75.16,74.24,74.75,74.3267,16934200
2026-06-29,XHB,115.1,115.44,113.35,115.39,114.7483,4367700
2026-06-29,XME,107.72,108.1,104.63,106.52,106.4484,1794700
2026-06-29,URA,44.06,44.18,42.88,43.93,43.93,2519900
2026-06-29,ITA,238.3,240.66,238.01,239.13,238.8531,527700
2026-06-29,PAVE,58.83,58.95,58.08,58.6,58.6,1418700
2026-06-29,DRAM,70.78,72,66.47,71.94,71.94,64700500
2026-06-30,SPY,741.29,748.02,740.89,746.77,744.9202,55626000
2026-06-30,QQQ,724.18,737.62,723.91,736.4,735.6335,42121800
2026-06-30,XLK,185.76,190.94,185.6,190.52,190.2979,10729900
2026-06-30,XLF,53.66,53.85,53.4,53.61,53.4209,27725300
2026-06-30,XLV,161.01,161.25,157.96,158.66,158.0551,11559400
2026-06-30,XLY,116.23,117.57,116.23,117.28,117.0223,5167900
2026-06-30,XLC,107.525,107.68,106.38,107.13,106.7781,4760200
2026-06-30,XLI,183.32,185.45,182.7,185.23,184.7335,6530900
2026-06-30,XLP,83.99,84.09,82.95,83.07,82.5272,12752500
2026-06-30,XLE,53.62,54.12,53.08,53.11,52.7962,28284000
2026-06-30,XLU,45.86,45.95,45.32,45.34,45.0091,18906800
2026-06-30,XLB,51.07,51.19,50.67,50.83,50.5972,8329100
2026-06-30,XLRE,44.375,44.52,43.985,44.03,43.6625,9117300
2026-06-30,SMH,636.07,659.74,634.6,655.89,655.89,9406900
2026-06-30,IGV,89.09,90.79,88.81,90.6,90.6,17842500
2026-06-30,XBI,158.81,160.01,157.52,158.25,158.25,9017700
2026-06-30,GNOM,57.15,57.24,56.44,56.834,56.834,68300
2026-06-30,ARKG,42.28,42.42,41.48,42.06,42.06,5462900
2026-06-30,KRE,74.65,75,74.24,74.85,74.4261,8859400
2026-06-30,XHB,115.58,116.23,114.32,115.56,114.9174,4651000
2026-06-30,XME,106.75,107.29,105.46,106.93,106.8582,1214000
2026-06-30,URA,43.8,43.81,42.87,43.7,43.7,2448200
2026-06-30,ITA,239.38,242.86,239.38,242.42,242.1393,643300
2026-06-30,PAVE,58.8,59,58.51,58.92,58.92,3074100
2026-06-30,DRAM,72.1,74.16,71.78,73.85,73.85,37613100
2026-07-01,SPY,745,749.44,742.38,745.76,743.9127,47100900
2026-07-01,QQQ,729.19,731.92,724.6,725.17,724.4151,40803800
2026-07-01,XLK,186.83,187.98,185.38,185.62,185.4036,9960300
2026-07-01,XLF,53.83,55.08,53.75,54.78,54.5868,47809800
2026-07-01,XLV,159.61,159.96,158.5,159.54,158.9317,10123700
2026-07-01,XLY,117.78,119.16,116.9,118.09,117.8305,9864300
2026-07-01,XLC,109.03,110.84,108.635,109.74,109.3795,14529400
2026-07-01,XLI,184.37,185.65,182.72,183.36,182.8685,8112800
2026-07-01,XLP,83.1,83.33,82.77,83.3,82.7557,12210100
2026-07-01,XLE,53.05,53.44,52.62,52.81,52.498,33662700
2026-07-01,XLU,45.24,45.36,44.64,44.77,44.4432,29493100
2026-07-01,XLB,50.72,51.47,50.48,51.02,50.7863,14128800
2026-07-01,XLRE,44.04,44.54,44.015,44.18,43.8112,8072900
2026-07-01,SMH,634.35,639.89,618.62,620.46,620.46,13424700
2026-07-01,IGV,92.4,94.64,91.85,93.34,93.34,26990000
2026-07-01,XBI,157.93,159,156.19,156.55,156.55,7575200
2026-07-01,GNOM,56.99,57.99,56.71,57.78,57.78,51000
2026-07-01,ARKG,42.05,43.33,41.825,42.62,42.62,4758900
2026-07-01,KRE,74.84,76.5,74.81,76.18,75.7486,16565400
2026-07-01,XHB,114.52,115.57,112.53,112.63,112.0037,2880800
2026-07-01,XME,105.96,108.23,104.26,104.36,104.2899,5120400
2026-07-01,URA,43.88,44.87,43.03,43.18,43.18,3576300
2026-07-01,ITA,243.2,246.14,242.39,243.86,243.5776,858300
2026-07-01,PAVE,58.8,58.82,57.625,57.68,57.68,2085000
2026-07-01,DRAM,67.66,68.69,65.8,65.86,65.86,72237500
2026-07-02,SPY,747.4,751.31,740.03,744.78,742.9352,57447800
2026-07-02,QQQ,725.58,730.83,707.56,712.6,711.8582,50959800
2026-07-02,XLK,185.49,187.38,178.72,180.59,180.3795,14173100
2026-07-02,XLF,55.28,55.64,55.01,55.62,55.4238,46246100
2026-07-02,XLV,160.67,163.85,160.38,163.74,163.1157,14719400
2026-07-02,XLY,118.63,119.21,116.58,117.12,116.8626,10882400
2026-07-02,XLC,109.61,110.01,108.55,109.6,109.24,8388900
2026-07-02,XLI,184.71,185.48,181.91,183.91,183.4171,6530800
2026-07-02,XLP,83.75,85.14,83.75,84.99,84.4347,16704700
2026-07-02,XLE,53.24,53.65,52.91,53.22,52.9055,28525600
2026-07-02,XLU,45.03,45.8,45,45.76,45.426,24327900
2026-07-02,XLB,51.4,52.03,51.3,52.01,51.7717,12373700
2026-07-02,XLRE,44.37,44.69,44.3,44.68,44.3071,5502500
2026-07-02,SMH,622.58,627.7,582.6,592.29,592.29,21288600
2026-07-02,IGV,93.37,94.97,93.2,93.57,93.57,24892500
2026-07-02,XBI,157.51,160.82,156.48,160.46,160.46,9683200
2026-07-02,GNOM,58.39,59.04,57.86,58.4,58.4,48000
2026-07-02,ARKG,43,43.91,42.295,42.91,42.91,4674300
2026-07-02,KRE,76.55,76.84,74.58,75.02,74.5951,17879900
2026-07-02,XHB,113.1,113.72,111.15,112.56,111.9341,2162600
2026-07-02,XME,106.18,108.87,103.52,105.13,105.0594,2320600
2026-07-02,URA,43.58,44.95,42.55,43.23,43.23,3995700
2026-07-02,ITA,246.4,250.51,245.58,248.19,247.9026,731100
2026-07-02,PAVE,58.07,58.24,56.525,57.15,57.15,1939800
2026-07-02,DRAM,64.55,65.75,58.9,60.63,60.63,98441100
2026-07-06,SPY,748.74,752.41,747.41,751.28,749.4191,50673300
2026-07-06,QQQ,719.93,726.08,718.45,722.82,722.0676,30220400
2026-07-06,XLK,182.66,185.71,182.04,183.57,183.356,8923100
2026-07-06,XLF,55.85,56.16,55.58,56.14,55.942,32043700
2026-07-06,XLV,163.2,163.45,160.25,161.96,161.3425,16123400
2026-07-06,XLY,117.53,118.19,116.1,118.01,117.7507,9063600
2026-07-06,XLC,110.075,110.375,108.98,110.21,109.848,8938800
2026-07-06,XLI,184.7,186.45,184.7,185.56,185.0626,6701800
2026-07-06,XLP,84.8,85.1,83.32,84.1,83.5505,13176600
2026-07-06,XLE,53.06,53.55,53,53.13,52.8161,24735300
2026-07-06,XLU,45.71,45.83,45.11,45.3,44.9693,19176600
2026-07-06,XLB,51.92,52.04,51.35,51.98,51.7419,20090500
2026-07-06,XLRE,44.73,44.78,44.1,44.29,43.9203,7036500
2026-07-06,SMH,607.05,618.21,604.05,604.3,604.3,9820700
2026-07-06,IGV,92.37,95.36,92.17,94.79,94.79,18295400
2026-07-06,XBI,160.23,161.56,158.67,160.81,160.81,7470600
2026-07-06,GNOM,58.4,59.48,57.67,58.827,58.827,46200
2026-07-06,ARKG,42.73,44.465,42.42,43.57,43.57,3822800
2026-07-06,KRE,74.8,75.75,74.8,75.56,75.1321,9474000
2026-07-06,XHB,112.75,113.27,110.61,111.29,110.6711,2955900
2026-07-06,XME,106.1,107.71,105.58,106.08,106.0088,2016600
2026-07-06,URA,43.76,44.58,43.76,43.88,43.88,1597300
2026-07-06,ITA,249.06,251.01,248.19,250.78,250.4896,1064300
2026-07-06,PAVE,57.36,58.085,57.3,57.83,57.83,1232400
2026-07-06,DRAM,65.32,65.94,64.26,64.76,64.76,43810900
2026-07-07,SPY,750.22,750.96,745.21,747.71,745.8579,43721500
2026-07-07,QQQ,714.17,716.35,704.9,709.43,708.6915,42483100
2026-07-07,XLK,179.84,180.72,176.36,179.18,178.9711,12254800
2026-07-07,XLF,56.31,56.59,56.01,56.05,55.8523,27116500
2026-07-07,XLV,164.75,165.61,163.88,164.44,163.8131,12143500
2026-07-07,XLY,118.92,119.12,117.11,117.39,117.132,9191400
2026-07-07,XLC,111.67,112.27,110.95,111.02,110.6553,7882400
2026-07-07,XLI,184.54,184.92,180.66,182.38,181.8911,7721500
2026-07-07,XLP,85.52,85.96,84.45,84.86,84.3055,13234800
2026-07-07,XLE,53.61,54.82,53.6,54.64,54.3171,41833600
2026-07-07,XLU,45.63,46.32,45.53,45.7,45.3664,18962700
2026-07-07,XLB,51.96,52.12,51.3,51.51,51.274,12304900
2026-07-07,XLRE,44.525,45.125,44.48,44.89,44.5153,4836400
2026-07-07,SMH,580.02,585.97,566.83,581.45,581.45,14619200
2026-07-07,IGV,95.84,96.2,93.6,94.13,94.13,10710800
2026-07-07,XBI,162.04,164.35,159.35,163.87,163.87,9548200
2026-07-07,GNOM,59.25,59.26,57.58,58.317,58.317,23000
2026-07-07,ARKG,43.52,43.96,41.95,42.6,42.6,2863000
2026-07-07,KRE,75.69,75.97,75.06,75.07,74.6449,8637000
2026-07-07,XHB,111.33,111.54,109.05,109.41,108.8016,3268800
2026-07-07,XME,105.31,105.31,100.79,102.47,102.4012,2560700
2026-07-07,URA,42.84,42.9,41.19,41.75,41.75,3863700
2026-07-07,ITA,250.85,251.49,243.8,245.11,244.8262,579300
2026-07-07,PAVE,57.69,57.776,55.975,56.44,56.44,1484000
2026-07-07,DRAM,60.05,61.24,58.2,60.59,60.59,76703600
2026-07-08,SPY,743.16,746.15,739.51,745.4,743.5536,43767400
2026-07-08,QQQ,704.95,712.26,700.91,711.44,710.6995,35603200
2026-07-08,XLK,177.48,181.63,177.15,181.4,181.1886,10528300
2026-07-08,XLF,55.79,55.8,54.95,54.97,54.7761,41648100
2026-07-08,XLV,163.42,163.99,162.26,162.3,161.6812,9287900
2026-07-08,XLY,116.31,116.32,114.44,115.3,115.0466,15042700
2026-07-08,XLC,110.92,110.985,109.28,109.46,109.1004,5527900
2026-07-08,XLI,180.76,181.89,179.08,180.42,179.9364,7333300
2026-07-08,XLP,85.17,85.3,84.35,84.39,83.8386,10998500
2026-07-08,XLE,55.46,56.04,54.87,55.6,55.2715,39741400
2026-07-08,XLU,45.74,45.82,45.31,45.36,45.0289,14863200
2026-07-08,XLB,51,51.04,49.89,50.16,49.9302,13282200
2026-07-08,XLRE,44.85,44.85,44.115,44.15,43.7815,3957300
2026-07-08,SMH,575.33,595,575.04,593,593,9521300
2026-07-08,IGV,92.89,93.2,91.2,92.48,92.48,11698500
2026-07-08,XBI,162.23,164.14,159.46,162.97,162.97,10792500
2026-07-08,GNOM,57.13,57.82,56.461,57.344,57.344,22600
2026-07-08,ARKG,41.54,42.13,40.69,41.87,41.87,3759100
2026-07-08,KRE,74.68,74.68,72.92,73.34,72.9247,21209000
2026-07-08,XHB,108.02,108.33,105.47,106.04,105.4503,3272600
2026-07-08,XME,100.82,102.81,99.74,101.94,101.8715,2935800
2026-07-08,URA,41.03,41.76,40.52,41.66,41.66,2300400
2026-07-08,ITA,243.29,243.29,238.76,239.63,239.3525,758600
2026-07-08,PAVE,56,56.26,55.5,56.04,56.04,4727400
2026-07-08,DRAM,58.4,62.04,58.4,62.04,62.04,69855600
2026-07-09,SPY,747.35,751.97,745.59,751.71,749.848,41441700
2026-07-09,QQQ,718.33,724.23,715.13,723.28,722.5272,33654700
2026-07-09,XLK,184.76,186.4,183.56,185.35,185.134,7756600
2026-07-09,XLF,55.07,55.69,54.97,55.54,55.3441,26542000
2026-07-09,XLV,161.8,163.42,161.36,162.17,161.5517,9576400
2026-07-09,XLY,114.72,116.88,114.55,116.85,116.5932,8521800
2026-07-09,XLC,108.08,110.595,107.82,110.51,110.147,6444300
2026-07-09,XLI,182.43,182.75,180.73,181.11,180.6245,5381900
2026-07-09,XLP,83.55,83.84,83.11,83.2,82.6564,11322100
2026-07-09,XLE,55.28,55.48,54.73,54.82,54.4961,21770700
2026-07-09,XLU,45.56,45.66,45.04,45.13,44.8006,19667800
2026-07-09,XLB,50.37,50.55,50.12,50.26,50.0298,10529400
2026-07-09,XLRE,44.2,44.47,44.08,44.23,43.8608,2959200
2026-07-09,SMH,615.48,618.17,604.7,607.73,607.73,9045100
2026-07-09,IGV,90.7,94.04,90.35,93.88,93.88,13605500
2026-07-09,XBI,162.8,165.71,162.8,164.28,164.28,7532000
2026-07-09,GNOM,57.4,59.145,57.4,58.538,58.538,16800
2026-07-09,ARKG,41.93,43.89,41.83,43,43,2822000
2026-07-09,KRE,73.68,74.97,73.62,74.65,74.2272,11975200
2026-07-09,XHB,107.13,108.27,106.55,107.61,107.0116,1935600
2026-07-09,XME,102.96,104.06,102.21,103.24,103.1707,1582100
2026-07-09,URA,41.93,42.55,41.74,42.35,42.35,2417600
2026-07-09,ITA,240.61,240.71,239,239.62,239.3425,423700
2026-07-09,PAVE,56.55,56.98,56.36,56.42,56.42,1092800
2026-07-09,DRAM,65,66.1,64.15,64.36,64.36,73906300
2026-07-10,SPY,752.05,755.42,748.1,754.95,753.08,42191300
2026-07-10,QQQ,720.7,726.39,717,725.51,724.7548,26415900
2026-07-10,XLK,184.01,186.23,183.09,185.78,185.5634,6162000
2026-07-10,XLF,55.99,56.03,55.36,55.71,55.5135,24046300
2026-07-10,XLV,162.48,162.66,160.24,160.84,160.2268,9497100
2026-07-10,XLY,117.59,117.89,116.48,117.24,116.9823,5971500
2026-07-10,XLC,111.72,112.16,111.025,111.64,111.2733,6465600
2026-07-10,XLI,181.15,182.58,180.16,181.92,181.4324,5315600
2026-07-10,XLP,83.24,84.19,83.17,84.12,83.5704,8305400
2026-07-10,XLE,55.08,55.24,54.36,55.08,54.7545,22974700
2026-07-10,XLU,45.12,45.48,45.09,45.41,45.0785,14050300
2026-07-10,XLB,50.29,51.11,50.29,50.89,50.6569,7507300
2026-07-10,XLRE,44.48,44.56,44.05,44.45,44.079,3608200
2026-07-10,SMH,600.87,615.05,595.84,611.03,611.03,6608400
2026-07-10,IGV,94.97,95.22,92.14,92.41,92.41,10399400
2026-07-10,XBI,163.89,164.23,156.27,159.03,159.03,12260000
2026-07-10,GNOM,58.74,58.74,56.02,56.65,56.65,33500
2026-07-10,ARKG,42.92,43.06,40.49,41.32,41.32,3793700
2026-07-10,KRE,74.74,75.21,74.49,75.02,74.5951,10374200
2026-07-10,XHB,108.15,109.81,107.95,108.61,108.0061,1936000
2026-07-10,XME,103.18,104.04,102.63,103.69,103.6204,1720900
2026-07-10,URA,42.92,43.38,42.47,42.97,42.97,2105100
2026-07-10,ITA,239.48,239.71,235.65,239.06,238.7832,496200
2026-07-10,PAVE,56.6,56.93,56.23,56.69,56.69,1125600
2026-07-10,DRAM,61.91,63.67,61.25,63.04,63.04,64704700
2026-07-13,SPY,752.47,753.91,748,749.17,747.3143,44013600
2026-07-13,QQQ,717.72,718.74,710.08,711.74,710.9991,36552400
2026-07-13,XLK,183.1,183.9,180.54,181.28,181.0687,8595100
2026-07-13,XLF,55.98,56.16,55.61,56.07,55.8723,33391000
2026-07-13,XLV,160.97,162.24,160.32,161.41,160.7946,6873000
2026-07-13,XLY,117.2,117.52,115.62,116.04,115.785,5984800
2026-07-13,XLC,111.78,112.76,111.465,111.59,111.2234,5851900
2026-07-13,XLI,181.52,182.18,179.8,180.37,179.8865,5384700
2026-07-13,XLP,84.55,85.54,84.38,84.59,84.0373,8118700
2026-07-13,XLE,55.86,56.97,55.86,56.74,56.4047,41200900
2026-07-13,XLU,45.45,45.88,45.43,45.72,45.3863,15732100
2026-07-13,XLB,50.97,51.35,50.36,50.58,50.3483,9031400
2026-07-13,XLRE,44.61,44.955,44.5,44.7,44.3269,4213900
2026-07-13,SMH,598.01,599.36,583.09,585.62,585.62,8736500
2026-07-13,IGV,92.55,93.56,91.49,92.7,92.7,6795400
2026-07-13,XBI,157.23,157.29,153.87,155.34,155.34,11350500
2026-07-13,GNOM,56.12,56.12,55.11,55.61,55.61,119100
2026-07-13,ARKG,40.89,41.39,40.084,40.59,40.59,4041600
2026-07-13,KRE,75.06,75.35,74.55,75.12,74.6946,10095200
2026-07-13,XHB,108.37,109.34,106.69,107.07,106.4746,1884700
2026-07-13,XME,102.82,103.5,101.43,102.09,102.0214,1861300
2026-07-13,URA,42,42.21,40.45,40.72,40.72,2801300
2026-07-13,ITA,238.77,238.77,234.27,235.05,234.7778,574200
2026-07-13,PAVE,56.61,56.9,56.08,56.23,56.23,1326200
2026-07-13,DRAM,57.5,58.51,56.31,57.3,57.3,79517600
2026-07-14,SPY,750.91,753.34,748.66,751.83,749.9677,35143100
2026-07-14,QQQ,720.22,722.29,714.34,719.69,718.9409,29448100
2026-07-14,XLK,183.71,184.43,181.33,183.62,183.406,6399600
2026-07-14,XLF,55.6,56.8,55.59,56.18,55.9819,43208800
2026-07-14,XLV,159.78,160.08,157.78,158.29,157.6865,11523000
2026-07-14,XLY,116.01,116.4,115.46,115.9,115.6453,6669300
2026-07-14,XLC,110.83,111.83,110.83,111.45,111.0839,5061500
2026-07-14,XLI,181.67,182.51,179.86,180.45,179.9663,6672800
2026-07-14,XLP,84.51,84.74,83.35,83.42,82.8749,7871000
2026-07-14,XLE,57,57.22,56.29,56.95,56.6135,32579000
2026-07-14,XLU,45.93,46.28,45.56,45.69,45.3565,17386900
2026-07-14,XLB,51.15,51.45,50.59,50.64,50.408,8755500
2026-07-14,XLRE,44.75,44.795,44.385,44.48,44.1087,3944400
2026-07-14,SMH,608.9,608.9,590.38,600.31,600.31,7581100
2026-07-14,IGV,90.37,94.32,90.23,93.63,93.63,17202800
2026-07-14,XBI,155.72,156.32,153.75,155.45,155.45,8187600
2026-07-14,GNOM,55.95,56.02,55.41,55.765,55.765,41200
2026-07-14,ARKG,41.12,41.34,40.22,41.05,41.05,2732700
2026-07-14,KRE,75.06,75.65,74.71,75,74.5753,10894200
2026-07-14,XHB,108.44,109.39,106.79,108.16,107.5586,2475500
2026-07-14,XME,104.81,105.84,103.39,104.42,104.3499,1552800
2026-07-14,URA,41.18,41.83,41.13,41.55,41.55,1860100
2026-07-14,ITA,235.76,238.53,234.98,235.27,234.9976,444500
2026-07-14,PAVE,56.82,57.36,56.43,56.71,56.71,10102800
2026-07-14,DRAM,60.68,61.66,59.02,61.23,61.23,87158000
2026-07-15,SPY,754.24,755.58,750.2,754.81,752.9403,43844800
2026-07-15,QQQ,723.85,724.36,710.23,717.74,716.9929,32627600
2026-07-15,XLK,185.11,185.29,178.22,181.58,181.3683,9256800
2026-07-15,XLF,56.3,56.82,56.18,56.56,56.3605,49425400
2026-07-15,XLV,157.38,159.35,157.25,158.29,157.6865,10885300
2026-07-15,XLY,116.46,117.81,116.46,117,116.7429,9073000
2026-07-15,XLC,111.7,113.86,111.53,113.38,113.0076,6245600
2026-07-15,XLI,180.78,181.02,177.78,180.06,179.5774,7491300
2026-07-15,XLP,83.1,84.22,82.97,83.47,82.9246,7387500
2026-07-15,XLE,56.94,57.04,55.76,56.5,56.1661,33184200
2026-07-15,XLU,45.73,45.95,45.17,45.22,44.8899,15909500
2026-07-15,XLB,50.66,50.84,50.11,50.5,50.2687,12323300
2026-07-15,XLRE,44.61,45.04,44.4,44.56,44.1881,4562500
2026-07-15,SMH,606.88,606.88,573.72,590.77,590.77,11020800
2026-07-15,IGV,94.66,95.58,93.71,93.94,93.94,9173300
2026-07-15,XBI,154.25,156.33,152.9,156.22,156.22,5608900
2026-07-15,GNOM,55.61,56.45,55.428,55.993,55.993,22400
2026-07-15,ARKG,41.26,41.375,40.505,41.22,41.22,1548600
2026-07-15,KRE,75.15,76.27,75.1,75.78,75.3508,13926300
2026-07-15,XHB,108.63,109.54,108.12,108.92,108.3143,2129200
2026-07-15,XME,104.53,105.35,101,103.2,103.1307,1085100
2026-07-15,URA,41.47,41.79,40.04,40.9,40.9,2944900
2026-07-15,ITA,236.28,237.26,233.66,236.42,236.1463,529000
2026-07-15,PAVE,56.86,56.86,55.86,56.64,56.64,1572700
2026-07-15,DRAM,60.63,60.69,55,57.4,57.4,91975900
2026-07-16,SPY,752.76,754.57,747.88,750.72,748.8604,46409800
2026-07-16,QQQ,712.01,713.6,702.61,705.94,705.2051,39402000
2026-07-16,XLK,179,179.48,176.41,177.52,177.3131,8666500
2026-07-16,XLF,56.76,56.84,56.39,56.75,56.5499,27591200
2026-07-16,XLV,160.35,162.64,159.94,161.8,161.1831,11819000
2026-07-16,XLY,117.12,118.22,116.86,117.34,117.0821,6057000
2026-07-16,XLC,113.6,114.03,112.27,112.65,112.28,5648300
2026-07-16,XLI,178.79,180.56,178.55,180.15,179.6671,6093200
2026-07-16,XLP,84.14,85.82,84.04,85.81,85.2493,12146500
2026-07-16,XLE,56.66,57.3,56.6,57.02,56.6831,27477000
2026-07-16,XLU,45.24,45.62,45.12,45.47,45.1381,15615700
2026-07-16,XLB,50.31,50.93,50.28,50.89,50.6569,7147400
2026-07-16,XLRE,44.71,45.515,44.67,45.46,45.0805,4227700
2026-07-16,SMH,575.75,581.84,564.45,568.92,568.92,12353300
2026-07-16,IGV,94.17,94.44,92.1,93.7,93.7,8071900
2026-07-16,XBI,155.02,155.65,150.93,152,152,9850600
2026-07-16,GNOM,56,56,54.606,55.104,55.104,28200
2026-07-16,ARKG,41.45,41.568,39.38,40.09,40.09,3738000
2026-07-16,KRE,75.74,78.1,75.74,77.92,77.4787,20945700
2026-07-16,XHB,108.35,110.87,108.3,110.8,110.1839,1825000
2026-07-16,XME,101.81,101.81,98.53,98.99,98.9235,1765300
2026-07-16,URA,40.34,40.34,38.8,39.11,39.11,3980600
2026-07-16,ITA,234.68,234.87,229.11,230.89,230.6227,652400
2026-07-16,PAVE,56.18,57.06,56.12,56.78,56.78,1210300
2026-07-16,DRAM,54.31,54.75,51.9,52.34,52.34,98677400
2026-07-17,SPY,742.08,747.29,740.8,743.29,741.4488,62651000
2026-07-17,QQQ,691.65,702.3,686.76,695.33,694.6062,54109300
2026-07-17,XLK,172.85,177.92,171.34,175.59,175.3853,12036700
2026-07-17,XLF,56.43,56.94,56.12,56.26,56.0616,42881800
2026-07-17,XLV,161.81,164,160.88,161.09,160.4758,9166500
2026-07-17,XLY,115.91,116.87,115.32,115.44,115.1863,10275100
2026-07-17,XLC,111.2,111.51,110.31,110.65,110.2865,7677700
2026-07-17,XLI,178.26,181.46,177.6,179.41,178.9291,8061700
2026-07-17,XLP,86.79,87.43,84.76,85.19,84.6334,15692300
2026-07-17,XLE,57.95,58.12,57.28,57.68,57.3392,31397800
2026-07-17,XLU,45.9,46.15,45.06,45.17,44.8403,20924600
2026-07-17,XLB,50.8,51.45,50.39,50.53,50.2985,8670700
2026-07-17,XLRE,45.68,45.955,45.225,45.42,45.0409,3903300
2026-07-17,SMH,547.94,567.41,536.81,556.53,556.53,22083900
2026-07-17,IGV,91.74,93.77,91.71,92.8,92.8,10121100
2026-07-17,XBI,149.57,155.47,149.15,154.26,154.26,11572800
2026-07-17,GNOM,54.43,55.17,53.92,54.921,54.921,25300
2026-07-17,ARKG,39.39,40.11,38.99,39.87,39.87,3518000
2026-07-17,KRE,77.32,77.58,76.22,76.69,76.2557,15369300
2026-07-17,XHB,110.31,111.79,107.92,108.25,107.648,2184900
2026-07-17,XME,97.54,99.53,96.43,98.35,98.2839,2546500
2026-07-17,URA,38.23,39.31,37.73,38.73,38.73,2592400
2026-07-17,ITA,229.94,235.08,229.37,230.73,230.4628,725000
2026-07-17,PAVE,56.37,57.03,55.85,56.3,56.3,1186400
2026-07-17,DRAM,49.83,55.4,48.64,52.72,52.72,136040800
2026-07-20,SPY,747.06,748.73,741.51,742.09,740.2518,50422300
2026-07-20,QQQ,702.16,705.8,695.51,696.06,695.3354,29687600
2026-07-20,XLK,177.19,178.7,175.52,175.71,175.5052,7638600
2026-07-20,XLF,56.3,56.38,55.89,56.04,55.8424,38162600
2026-07-20,XLV,161,161.49,159.18,159.25,158.6429,6635300
2026-07-20,XLY,116.22,116.22,114.38,114.61,114.3581,7804500
2026-07-20,XLC,110.815,111.66,110.51,110.8,110.436,4011900
2026-07-20,XLI,180.61,181.27,177.59,178.12,177.6426,6044600
2026-07-20,XLP,85.14,85.4,84.56,84.86,84.3055,8570800
2026-07-20,XLE,57.56,58.39,57.41,57.94,57.5976,27329300
2026-07-20,XLU,45.33,45.66,44.81,44.94,44.612,17830900
2026-07-20,XLB,50.64,50.73,49.88,50.03,49.8008,10680300
2026-07-20,XLRE,45.335,45.51,45.06,45.23,44.8525,3255300
2026-07-20,SMH,568.78,572.77,557.24,558.83,558.83,6962600
2026-07-20,IGV,92.19,94.23,92.01,92.98,92.98,11822000
2026-07-20,XBI,154.64,156.54,150.89,150.94,150.94,7797500
2026-07-20,GNOM,55.16,55.16,53.51,53.574,53.574,13400
2026-07-20,ARKG,39.58,39.66,38.195,38.28,38.28,3989800
2026-07-20,KRE,76.67,76.96,75.67,75.89,75.4602,13554400
2026-07-20,XHB,108.78,109.16,105.72,106.07,105.4802,2097800
2026-07-20,XME,98.71,99.32,96.93,97.74,97.6743,1515100
2026-07-20,URA,38.8,39.04,38.41,38.67,38.67,2187200
2026-07-20,ITA,232.26,234.14,228.8,229.27,229.0045,773200
2026-07-20,PAVE,56.69,56.91,55.51,55.7,55.7,1640500
2026-07-20,DRAM,54.25,55.2,52.92,53.06,53.06,50527400
2026-07-21,SPY,746.29,749.04,744.18,748.28,746.4265,34324300
2026-07-21,QQQ,706.57,710.05,702.8,708.97,708.232,33728300
2026-07-21,XLK,179.56,181.02,178.17,180.78,180.5693,7506800
2026-07-21,XLF,55.99,56.34,55.72,56.11,55.9121,26399000
2026-07-21,XLV,157.53,160.37,157.23,160.25,159.639,6594900
2026-07-21,XLY,114.64,115.17,114.28,114.87,114.6176,6557800
2026-07-21,XLC,110.53,110.62,109.99,110.03,109.6686,3944800
2026-07-21,XLI,179.51,179.94,177.76,178.66,178.1811,4836000
2026-07-21,XLP,84.43,84.6,83.92,84.06,83.5108,7388000
2026-07-21,XLE,58.16,58.53,57.83,58.5,58.1543,20315700
2026-07-21,XLU,44.87,45.04,44.64,44.92,44.5921,15891700
2026-07-21,XLB,50.5,50.54,49.85,50.1,49.8705,8699800
2026-07-21,XLRE,45.28,45.365,45.035,45.2,44.8227,3136900
2026-07-21,SMH,580.96,586,572.05,584.08,584.08,7129800
2026-07-21,IGV,91.98,93.11,91.44,91.82,91.82,9746600
2026-07-21,XBI,151.02,154.72,150.77,154.5,154.5,7759200
2026-07-21,GNOM,53,54.855,53,54.855,54.855,19700
2026-07-21,ARKG,38.21,39.705,37.73,39.56,39.56,2347600
2026-07-21,KRE,75.69,76.02,74.98,75.98,75.5497,15981500
2026-07-21,XHB,106,106.56,105.04,105.94,105.3509,2094700
2026-07-21,XME,99.47,101.86,99.04,101.6,101.5318,1751200
2026-07-21,URA,39.18,40.27,39.11,40.25,40.25,4177900
2026-07-21,ITA,229.38,232.08,226.6,229.74,229.474,476100
2026-07-21,PAVE,56.29,56.52,55.61,56.2,56.2,1816700
2026-07-21,DRAM,57.05,59.35,56.45,58.85,58.85,70930300
2026-07-22,SPY,746.62,750.02,746.37,747.41,745.5586,32836200
2026-07-22,QQQ,703.62,709.65,703.62,705.35,704.6157,23692200
2026-07-22,XLK,178.16,181.43,178.15,180.27,180.0599,5357600
2026-07-22,XLF,56.14,56.28,55.91,56.05,55.8523,25430900
2026-07-22,XLV,160.97,160.97,158.95,159.43,158.8222,5599500
2026-07-22,XLY,114.9,115.23,113.82,114.02,113.7694,7106000
2026-07-22,XLC,110.91,111.105,109.16,109.2,108.8413,3998500
2026-07-22,XLI,178.2,179.84,178.14,178.85,178.3706,4350100
2026-07-22,XLP,84.58,85.02,84.07,84.38,83.8287,6545700
2026-07-22,XLE,59.27,59.52,58.9,59.2,58.8502,29548600
2026-07-22,XLU,45.27,45.99,45.21,45.93,45.5947,18366900
2026-07-22,XLB,50.33,50.97,50.3,50.82,50.5872,10222300
2026-07-22,XLRE,45.3,45.37,44.92,45.01,44.6343,4064300
2026-07-22,SMH,571.35,592.01,571.35,586.91,586.91,5249700
2026-07-22,IGV,91.82,91.85,88.73,89.02,89.02,15887200
2026-07-22,XBI,153.64,154.75,151.98,152.11,152.11,6301200
2026-07-22,GNOM,55.22,55.22,54.57,54.705,54.705,10700
2026-07-22,ARKG,39.26,39.5,38.68,38.85,38.85,1638000
2026-07-22,KRE,75.88,75.88,75.08,75.6,75.1719,9125400
2026-07-22,XHB,106.21,107.72,105.99,106.92,106.3254,1530200
2026-07-22,XME,102.05,104.67,101.87,103.5,103.4305,2565000
2026-07-22,URA,40.75,41.53,40.69,40.97,40.97,3014100
2026-07-22,ITA,231.23,233.14,230.57,231.11,230.8424,395600
2026-07-22,PAVE,56.1,56.795,56.05,56.6,56.6,877400
2026-07-22,DRAM,56.37,58.66,56.08,57.77,57.77,44652000
2026-07-23,SPY,739.37,742.56,735.21,738.18,736.3515,55437300
2026-07-23,QQQ,694.67,698.66,687.79,691.96,691.2397,44028600
2026-07-23,XLK,178.8,180.39,177.2,178.45,178.242,7177000
2026-07-23,XLF,55.68,55.86,55.45,55.83,55.6331,24311000
2026-07-23,XLV,159.9,161.61,159.32,161.44,160.8245,6448200
2026-07-23,XLY,110.48,110.59,108.29,108.76,108.521,12650300
2026-07-23,XLC,106.96,106.96,105.255,105.38,105.0338,12517500
2026-07-23,XLI,179.09,182.98,179.09,181.94,181.4523,8556000
2026-07-23,XLP,83.2,83.69,82.81,83.21,82.6663,10350900
2026-07-23,XLE,60.24,60.38,59.27,59.38,59.0291,35838600
2026-07-23,XLU,45.65,46.33,45.6,46.19,45.8528,13696700
2026-07-23,XLB,50.42,50.97,50.12,50.29,50.0596,10925000
2026-07-23,XLRE,44.83,45.27,44.82,44.95,44.5748,4746200
2026-07-23,SMH,577.2,586.89,574,580.17,580.17,7963200
2026-07-23,IGV,89.63,89.81,86.78,87.1,87.1,13723600
2026-07-23,XBI,149.99,153.39,149.33,152.23,152.23,6647000
2026-07-23,GNOM,54.52,55.135,54.52,54.9,54.9,8200
2026-07-23,ARKG,38.44,39.46,38.44,38.82,38.82,1463600
2026-07-23,KRE,74.54,75.21,73.95,75.15,74.7244,17479300
2026-07-23,XHB,105.88,107.13,105.3,106.69,106.0967,2417400
2026-07-23,XME,102.51,104.48,101.97,103.17,103.1007,2650500
2026-07-23,URA,40.88,41.46,40.48,41.13,41.13,2968500
2026-07-23,ITA,232.47,240.38,232.47,238.23,237.9541,802200
2026-07-23,PAVE,56.785,57.8,56.65,57.51,57.51,1772100
2026-07-23,DRAM,57.44,59.23,57.03,58.3,58.3,55562400
2026-07-24,SPY,738.51,743.72,737.29,738.93,737.0996,44782000
2026-07-24,QQQ,690.41,692.63,682.48,684.23,683.5178,42876700
2026-07-24,XLK,177.82,179.01,175.05,175.88,175.675,7739600
2026-07-24,XLF,55.83,56.38,55.69,56.31,56.1114,32212900
2026-07-24,XLV,162.47,163.25,161.58,162.57,161.9502,7647900
2026-07-24,XLY,109.1,109.94,108.65,109.41,109.1696,8210700
2026-07-24,XLC,105.295,106.95,105.295,106.3,105.9508,6151900
2026-07-24,XLI,181.92,183.9,181.74,182.66,182.1704,5507700
2026-07-24,XLP,83.37,84.28,83.16,84.13,83.5803,9634500
2026-07-24,XLE,59.4,60.45,59.4,59.62,59.2677,34181900
2026-07-24,XLU,46.4,46.63,46.1,46.29,45.9521,16109000
2026-07-24,XLB,50.32,51.27,50.21,51.26,51.0252,12192800
2026-07-24,XLRE,45.345,46.13,45.3,45.95,45.5665,4737100
2026-07-24,SMH,574.43,578.52,556.49,561.19,561.19,19156400
2026-07-24,IGV,88.29,88.71,87.28,87.98,87.98,14461400
2026-07-24,XBI,152.78,153.28,149.91,150.48,150.48,7387100
2026-07-24,GNOM,55.18,55.18,53.9,53.987,53.987,13700
2026-07-24,ARKG,39.05,39.24,37.68,37.81,37.81,2049200
2026-07-24,KRE,75.32,76.2,75.08,75.73,75.3011,11073700
2026-07-24,XHB,106.84,109.6,106.36,108.44,107.837,2209100
2026-07-24,XME,103.64,103.64,101.14,101.74,101.6717,1328900
2026-07-24,URA,40.92,41.1,39.56,39.89,39.89,2717300
2026-07-24,ITA,239,242.47,238.88,240.14,239.862,1037800
2026-07-24,PAVE,57.64,58.095,57.36,57.69,57.69,1406600
2026-07-24,DRAM,55.76,56.22,52.73,53.2,53.2,73665700
2026-07-27,SPY,744.91,745.53,735.87,739.09,737.2593,41461200
2026-07-27,QQQ,691.68,692.3,675.95,682.12,681.41,42681500
2026-07-27,XLK,177.83,178.3,171.73,174.3,174.0968,8376600
2026-07-27,XLF,56.76,57.13,56.59,56.88,56.6794,29805900
2026-07-27,XLV,163.01,164.57,162.35,163.4,162.777,8056000
2026-07-27,XLY,110.87,111.36,110.3,110.84,110.5964,6979100
2026-07-27,XLC,107.52,108.54,107.44,107.66,107.3064,6668500
2026-07-27,XLI,183.62,184.42,180.84,183.2,182.7089,6193700
2026-07-27,XLP,84.42,85.77,84.38,85.36,84.8023,12238200
2026-07-27,XLE,58.41,59.28,58.23,58.36,58.0152,33819500
2026-07-27,XLU,46.13,46.28,45.56,45.68,45.3466,16609100
2026-07-27,XLB,51.47,51.63,51.09,51.39,51.1546,8704300
2026-07-27,XLRE,45.855,46.055,45.65,45.76,45.378,4216400
2026-07-27,SMH,565.94,567.62,535.31,548.55,548.55,38682200
2026-07-27,IGV,89.91,91.86,89.59,90.91,90.91,26170300
2026-07-27,XBI,151.76,154.21,150.54,150.59,150.59,9321300
2026-07-27,GNOM,54.54,54.781,53.69,53.691,53.691,12000
2026-07-27,ARKG,38.39,38.96,37.51,37.79,37.79,1627300
2026-07-27,KRE,76.06,76.62,75.47,75.52,75.0923,8033500
2026-07-27,XHB,109.16,111.39,108.59,109.24,108.6325,1371900
2026-07-27,XME,102.67,103.41,100.92,103.11,103.0407,1518900
2026-07-27,URA,40.43,41.17,39.59,40.32,40.32,2922900
2026-07-27,ITA,242.42,246.4,241.68,243.91,243.6276,919200
2026-07-27,PAVE,58.17,58.3,56.76,57.48,57.48,1433800
2026-07-27,DRAM,54.92,55.29,50.23,52.43,52.43,77080600
2026-07-28,SPY,739.19,742.79,735.98,740.86,739.0248,47322200
2026-07-28,QQQ,676.23,679.4,667.88,675.49,674.7869,51398700
2026-07-28,XLK,171.21,172.17,167.54,171.09,170.8906,10049300
2026-07-28,XLF,57.13,57.6,56.95,57.6,57.3969,34204400
2026-07-28,XLV,165.99,168.53,165.75,167.26,166.6223,12774800
2026-07-28,XLY,111.66,112.53,111.25,112.48,112.2328,6017900
2026-07-28,XLC,108.33,110.03,108.33,109.67,109.3097,5307200
2026-07-28,XLI,182.63,182.95,181.44,182.49,182.0009,5707200
2026-07-28,XLP,87.07,88.78,86.93,87.06,86.4912,22246300
2026-07-28,XLE,58.41,58.79,57.25,57.57,57.2298,27800800
2026-07-28,XLU,45.86,46.43,45.5,45.52,45.1877,16412000
2026-07-28,XLB,52,52.78,51.88,52.34,52.1002,11774600
2026-07-28,XLRE,46.17,46.455,45.99,46.01,45.6259,5833400
2026-07-28,SMH,531.65,535.94,518.25,529.6,529.6,18429000
2026-07-28,IGV,90.97,92.73,89.63,91.78,91.78,24515300
2026-07-28,XBI,150.5,150.89,147.15,149.78,149.78,8913700
2026-07-28,GNOM,53.82,53.97,53,53.901,53.901,8400
2026-07-28,ARKG,37.7,37.9,36.615,37.82,37.82,2195400
2026-07-28,KRE,75.78,76.9,75.74,76.79,76.3551,12502100
2026-07-28,XHB,110.17,111.05,109.12,109.64,109.0303,1885600
2026-07-28,XME,102.02,102.16,99.97,101.44,101.3719,2002700
2026-07-28,URA,39.38,39.4,37.88,38.95,38.95,3189900
2026-07-28,ITA,245.12,245.76,241.42,244.98,244.6963,640100
2026-07-28,PAVE,57.41,57.53,56.92,57.1,57.1,1808800
2026-07-28,DRAM,48.27,48.87,46.09,47.77,47.77,88785200
2026-07-29,SPY,739.97,742.68,729.1,729.46,727.6531,70697200
2026-07-29,QQQ,675.51,680.05,661.14,661.73,661.0411,57233300
2026-07-29,XLK,171.12,172.51,166.46,166.57,166.3759,14372900
2026-07-29,XLF,57.29,57.47,56.59,56.68,56.4801,49038800
2026-07-29,XLV,167.15,168.16,165.77,166.24,165.6062,11656900
2026-07-29,XLY,111.95,113.59,111.44,111.61,111.3647,7534100
2026-07-29,XLC,109.51,110.74,108.95,109.51,109.1503,7120100
2026-07-29,XLI,181,181.44,176.35,176.66,176.1865,9505200
2026-07-29,XLP,86.34,87.88,86.34,87.36,86.7892,14859700
2026-07-29,XLE,59.08,59.3,58.42,58.65,58.3034,34166800
2026-07-29,XLU,45.76,45.8,44.73,44.91,44.5822,23653200
2026-07-29,XLB,52.34,52.34,51.33,51.74,51.503,13744600
2026-07-29,XLRE,46.045,46.215,45.675,45.96,45.5764,6030800
2026-07-29,SMH,525.99,532.17,503.63,504.22,504.22,19440900
2026-07-29,IGV,91.84,94.27,91.8,92.37,92.37,13726400
2026-07-29,XBI,149.23,151.11,146.67,147.91,147.91,9042200
2026-07-29,GNOM,54.01,54.46,53.43,53.721,53.721,16500
2026-07-29,ARKG,37.72,38.49,37,37.5,37.5,4269400
2026-07-29,KRE,76.36,76.94,75.93,76.18,75.7486,18483600
2026-07-29,XHB,107.53,108.01,104.61,104.68,104.0979,2792600
2026-07-29,XME,101.13,101.13,96.37,97.58,97.5145,2542100
2026-07-29,URA,38.5,38.85,37.18,37.52,37.52,3323300
2026-07-29,ITA,245.05,245.05,235.82,236.26,235.9864,917500
2026-07-29,PAVE,57.09,57.09,54.904,54.99,54.99,5422700
2026-07-29,DRAM,47.63,48.7,44.4,44.85,44.85,125046500
2026-07-30,SPY,736.05,742.45,734.59,741.69,739.8528,66811300
2026-07-30,QQQ,674.76,685.12,673.3,683.55,682.8384,66753700
2026-07-30,XLK,172.81,176.09,172.16,175.73,175.5252,15098400
2026-07-30,XLF,56.82,57.05,56.18,57,56.799,33184200
2026-07-30,XLV,163.25,163.95,161.86,163.52,162.8966,12475200
2026-07-30,XLY,112.17,112.8,111.46,112.39,112.143,8074000
2026-07-30,XLC,106.47,106.65,105.493,106.58,106.2299,10083400
2026-07-30,XLI,178.93,179.1,175.96,178.39,177.9118,7367000
2026-07-30,XLP,86,86.09,84.99,85.47,84.9116,16600400
2026-07-30,XLE,58.08,59.11,58.02,58.96,58.6116,23045700
2026-07-30,XLU,45.2,45.24,44.36,44.66,44.334,23428600
2026-07-30,XLB,52.21,52.31,51.28,51.64,51.4034,10865900
2026-07-30,XLRE,45.94,46.04,44.93,45.3,44.9219,6483300
2026-07-30,SMH,529.86,544.64,524.56,538.9,538.9,14175000
2026-07-30,IGV,92.46,93.48,91.71,93.31,93.31,18432600
2026-07-30,XBI,148,151.84,146.72,151.46,151.46,6725300
2026-07-30,GNOM,53.7,55.45,53.683,55.394,55.394,17500
2026-07-30,ARKG,37.81,39.32,37.64,39.26,39.26,2552800
2026-07-30,KRE,76.56,76.72,75.79,75.9,75.4702,8522300
2026-07-30,XHB,106.19,106.56,103.31,104.52,103.9388,4047700
2026-07-30,XME,99.63,102.02,98.64,101.86,101.7916,2760800
2026-07-30,URA,38.38,39.83,38.25,39.72,39.72,2822000
2026-07-30,ITA,235.92,238.13,232.11,238.13,237.8543,1023300
2026-07-30,PAVE,56.12,56.38,55.495,56.1,56.1,1390500
2026-07-30,DRAM,48.02,52.34,47.93,52.34,52.34,130110900
2026-07-31,SPY,744.68,748.9,737.68,747.03,745.1796,62445900
2026-07-31,QQQ,692.11,695.77,680.05,687.99,687.2739,50540500
2026-07-31,XLK,177.46,178.62,172.7,175.35,175.1456,9146200
2026-07-31,XLF,56.81,57.12,56.69,56.94,56.7392,32543500
2026-07-31,XLV,162.31,163.23,160.73,162.55,161.9303,9604900
2026-07-31,XLY,115.44,116.39,114.97,116.09,115.8349,13158000
2026-07-31,XLC,106.825,108.405,106.61,108.24,107.8844,5024600
2026-07-31,XLI,180.5,180.92,177.89,179.84,179.358,7206200
2026-07-31,XLP,84.85,85.43,84.33,85.05,84.4943,11382900
2026-07-31,XLE,58.93,59.69,58.32,59.55,59.1981,23556500
2026-07-31,XLU,44.61,44.74,44.31,44.35,44.0263,20778500
2026-07-31,XLB,50.91,51.05,50.21,50.43,50.199,18328900
2026-07-31,XLRE,45.28,45.34,44.79,45.07,44.6938,6545800
2026-07-31,SMH,557.5,561.44,535.24,540.53,540.53,14673900
2026-07-31,IGV,93.25,94.75,92.25,94.58,94.58,11006000
2026-07-31,XBI,151.2,151.77,146,147.01,147.01,8044000
2026-07-31,GNOM,55.28,55.28,53.75,54.17,54.17,7200
2026-07-31,ARKG,39.57,39.69,38.02,38.56,38.56,1977300
2026-07-31,KRE,76.06,76.46,75.29,76.06,75.6292,12035500
2026-07-31,XHB,104.54,104.77,103.12,103.69,103.1134,2905300
2026-07-31,XME,101.85,102.42,99.15,100.65,100.5824,1611800
2026-07-31,URA,40.4,40.45,38.48,39.07,39.07,3556000
2026-07-31,ITA,238.57,240.6,235.87,239.66,239.3825,412000
2026-07-31,PAVE,56.52,56.705,55.94,56.36,56.36,1927200
2026-07-31,DRAM,54.7,55.45,50.26,50.37,50.37,101145600
2026-08-03,SPY,749.44,758.58,748.8,757.67,755.7932,59927500
2026-08-03,QQQ,688.3,701.59,685.82,700.07,699.3413,44965100
2026-08-03,XLK,174.01,178.92,173.04,178.04,177.8325,9343400
2026-08-03,XLF,57.29,57.55,57,57.38,57.1776,31019400
2026-08-03,XLV,163.63,164.73,161.35,162.24,161.6215,10986300
2026-08-03,XLY,117.64,119.12,117.64,118.21,117.9502,10041500
2026-08-03,XLC,109.83,112.01,109.79,111.34,110.9743,7789800
2026-08-03,XLI,180.46,183.35,180.1,183.16,182.6691,8814000
2026-08-03,XLP,85.92,86.34,84.63,84.86,84.3055,12592500
2026-08-03,XLE,58.69,59.33,58.16,58.79,58.4426,26038400
2026-08-03,XLU,44.24,44.66,43.94,44.36,44.0362,25872600
2026-08-03,XLB,50.74,51.04,50.35,51.01,50.7763,11963900
2026-08-03,XLRE,45.08,45.39,44.87,45.18,44.8029,7515000
2026-08-03,SMH,530.43,548.49,524.77,545.46,545.46,7283800
2026-08-03,IGV,96.75,97.85,96.14,97.42,97.42,13356900
2026-08-03,XBI,146.98,148.15,143.78,147.31,147.31,6719000
2026-08-03,GNOM,54.05,55.01,53.08,54.892,54.892,42000
2026-08-03,ARKG,38.57,39.96,37.68,39.62,39.62,3099000
2026-08-03,KRE,76.46,77.28,76.34,77.06,76.6236,12751900
2026-08-03,XHB,105.09,106.94,105.09,106.36,105.7686,1452000
2026-08-03,XME,99.87,103.18,99.01,103.11,103.0407,1548900
2026-08-03,URA,39.29,40.98,38.97,40.81,40.81,2782700
2026-08-03,ITA,241.94,246.47,240.49,246.08,245.7951,582200
2026-08-03,PAVE,56.69,57.625,56.33,57.54,57.54,1383200
2026-08-03,DRAM,49,51.57,47.68,51.13,51.13,64583400
2026-08-04,SPY,760.63,773.41,760.52,771.33,769.4194,69154800
2026-08-04,QQQ,708.16,725.66,707.53,723.85,723.0965,59778600
2026-08-04,XLK,182.52,187.71,181.87,186.9,186.6821,13495800
2026-08-04,XLF,57.22,58.02,57.19,57.88,57.6759,31466100
2026-08-04,XLV,162,162.49,160.97,162.1,161.482,15129600
2026-08-04,XLY,117.53,118.57,117.12,118.29,118.03,10500800
2026-08-04,XLC,110.535,112.275,110.45,112.04,111.672,5461000
2026-08-04,XLI,185.64,186.87,183.28,186.4,185.9004,10498000
2026-08-04,XLP,84.29,85.43,83.86,85.37,84.8122,13262100
2026-08-04,XLE,57.7,58.72,57.13,58.52,58.1742,37661500
2026-08-04,XLU,44.25,44.29,43.59,44.11,43.788,26772300
2026-08-04,XLB,51.31,52.07,51.03,52,51.7618,16876700
2026-08-04,XLRE,44.65,45.235,44.43,45.17,44.793,6248200
2026-08-04,SMH,564.29,578.63,562.28,575.71,575.71,9566200
2026-08-04,IGV,98.18,102.38,98.14,102,102,12306800
2026-08-04,XBI,148.77,152.21,147.94,151.88,151.88,7841300
2026-08-04,GNOM,55.6,55.87,55.03,55.813,55.813,15500
2026-08-04,ARKG,40.17,40.89,39.63,40.7,40.7,1559700
2026-08-04,KRE,77.06,78.35,76.87,77.84,77.3992,13839700
2026-08-04,XHB,107.14,109.8,106.78,109.61,109.0005,2088300
2026-08-04,XME,105.3,108.52,105.3,107.86,107.7876,2256400
2026-08-04,URA,41.66,43.03,41.55,42.49,42.49,5838900
2026-08-04,ITA,248.24,251.34,246,250.65,250.3598,556100
2026-08-04,PAVE,57.99,58.725,57.3,58.58,58.58,1719500
2026-08-04,DRAM,53.52,55.41,53.33,54.89,54.89,53900200
2026-08-05,SPY,775.85,776.85,769.51,769.79,767.8832,44689100
2026-08-05,QQQ,726.25,728.54,716.92,717.3,716.5533,33540200
2026-08-05,XLK,187.34,188.62,185.71,185.91,185.6933,7571400
2026-08-05,XLF,58.18,58.41,57.8,58,57.7955,34275600
2026-08-05,XLV,163.64,165.35,162.62,164.16,163.5341,15216000
2026-08-05,XLY,119.28,119.64,118.07,118.64,118.3793,6117400
2026-08-05,XLC,112.895,112.955,109.94,110.87,110.5058,5777000
2026-08-05,XLI,186.58,188.19,185.99,186.35,185.8505,5641100
2026-08-05,XLP,85.74,85.88,84.79,85.33,84.7725,7739100
2026-08-05,XLE,58.77,58.98,57.21,57.31,56.9714,33213500
2026-08-05,XLU,44.1,44.13,43.29,43.66,43.3413,26062300
2026-08-05,XLB,52.59,52.96,52.45,52.64,52.3989,12070300
2026-08-05,XLRE,45.28,45.32,44.695,45.2,44.8227,6007500
2026-08-05,SMH,574.41,585,568.38,569.7,569.7,6209400
2026-08-05,IGV,103.35,103.72,101.21,101.31,101.31,9771500
2026-08-05,XBI,153.13,155.12,151.49,153.01,153.01,8973800
2026-08-05,GNOM,56.2,56.87,56.035,56.323,56.323,11500
2026-08-05,ARKG,40.82,41.69,40.79,41.24,41.24,2098900
2026-08-05,KRE,78.02,78.21,77.32,77.34,76.902,8977800
2026-08-05,XHB,109.36,111.59,108.79,110.88,110.2634,3104200
2026-08-05,XME,110.48,113.25,109.97,111.92,111.8448,4255600
2026-08-05,URA,43.22,43.32,42.56,42.89,42.89,6029200
2026-08-05,ITA,252,253.63,250.48,252.28,251.9879,740800
2026-08-05,PAVE,58.79,59.38,58.62,58.65,58.65,1642200
2026-08-05,DRAM,53.43,55.44,53.32,53.74,53.74,48149600
2026-08-06,SPY,770.21,771.82,767.46,768.56,766.6562,38416900
2026-08-06,QQQ,710.82,719.32,708.5,714.65,713.9061,33035900
2026-08-06,XLK,183.19,186.91,182.06,185.33,185.114,6706000
2026-08-06,XLF,58.38,58.38,57.59,57.81,57.6061,27704200
2026-08-06,XLV,166.14,167.02,163.03,164.45,163.823,9435100
2026-08-06,XLY,118.61,118.8,117.71,118.1,117.8405,4827900
2026-08-06,XLC,111.18,111.92,110.8,111.18,110.8148,3904200
2026-08-06,XLI,186.7,187.46,184.5,184.76,184.2648,5520400
2026-08-06,XLP,86.31,86.41,84.69,85.11,84.5539,8275700
2026-08-06,XLE,58.39,58.56,57.58,58.16,57.8163,25084300
2026-08-06,XLU,44.15,44.27,43.16,43.38,43.0634,27020100
2026-08-06,XLB,52.63,52.86,52.01,52.17,51.931,9000600
2026-08-06,XLRE,45.535,45.54,44.66,44.81,44.436,4976400
2026-08-06,SMH,565.48,580.43,559.56,571.48,571.48,6231700
2026-08-06,IGV,97.61,99.62,97.61,99.42,99.42,16800700
2026-08-06,XBI,153.95,156.89,153.14,154.5,154.5,8778700
2026-08-06,GNOM,55.79,56.17,55.29,55.705,55.705,4900
2026-08-06,ARKG,40.89,41.07,40.36,40.55,40.55,1582900
2026-08-06,KRE,77.8,78.01,76.42,76.49,76.0568,14312100
2026-08-06,XHB,110.47,110.97,108.44,108.81,108.2049,1651700
2026-08-06,XME,111.67,112.89,109.83,110.35,110.2759,2877400
2026-08-06,URA,42.83,43.84,42.29,43.2,43.2,2337200
2026-08-06,ITA,253.6,256.6,249.03,249.99,249.7005,1114300
2026-08-06,PAVE,59.07,59.48,58.265,58.35,58.35,1042900
2026-08-06,DRAM,49.55,53.03,48.79,51.44,51.44,54819600
2026-08-07,SPY,771.02,773.92,769.61,773.26,771.3446,43586300
2026-08-07,QQQ,720.15,723.63,716.51,723.03,722.2774,31070400
2026-08-07,XLK,187.99,188.73,185.74,187.97,187.7509,6361200
2026-08-07,XLF,57.61,57.79,57.34,57.6,57.3969,20816700
2026-08-07,XLV,163.92,165.77,162.92,165.68,165.0483,7971800
2026-08-07,XLY,118.52,120.44,118.5,119.86,119.5966,5077300
2026-08-07,XLC,110.27,111.685,110.27,111.25,110.8846,3166300
2026-08-07,XLI,185.45,185.87,183.99,185.18,184.6836,6170200
2026-08-07,XLP,84.5,85.21,84.25,85.12,84.5638,5690700
2026-08-07,XLE,57.53,58.05,57.11,57.5,57.1602,21092700
2026-08-07,XLU,43.2,43.87,42.95,43.61,43.2917,18693800
2026-08-07,XLB,52.34,52.94,52.17,52.86,52.6179,13068200
2026-08-07,XLRE,44.83,45.255,44.71,44.98,44.6045,3863600
2026-08-07,SMH,583.58,586.09,572.32,582.7,582.7,6505000
2026-08-07,IGV,101.66,103.01,101.29,102.69,102.69,8175300
2026-08-07,XBI,156.87,157.85,154.96,157.37,157.37,8397100
2026-08-07,GNOM,57.22,58.26,57.08,58.174,58.174,48400
2026-08-07,ARKG,41.32,43.13,41.32,43.04,43.04,2279700
2026-08-07,KRE,76.41,76.56,75.84,76.21,75.7784,9932800
2026-08-07,XHB,109.96,111.38,109.04,110.8,110.1839,2243900
2026-08-07,XME,113.71,116.1,112.47,115.74,115.6623,3151400
2026-08-07,URA,44.24,45.12,43.73,44.91,44.91,3680600
2026-08-07,ITA,251.12,251.69,247.29,250.75,250.4597,408100
2026-08-07,PAVE,58.78,58.93,58.26,58.69,58.69,1059000
2026-08-07,DRAM,51.99,52.06,48.77,50.6,50.6,50283500
2026-08-10,SPY,772.6,775.05,771.62,773.03,771.1152,39249500
2026-08-10,QQQ,722.39,724.67,720.33,720.87,720.1196,26243200
2026-08-10,XLK,188.08,188.84,186.27,186.32,186.1028,6486800
2026-08-10,XLF,57.54,58.02,57.46,57.81,57.6061,26070800
2026-08-10,XLV,165.68,168.5,165.55,168.44,167.7978,6995900
2026-08-10,XLY,119.23,119.86,118.86,119.67,119.407,4466100
2026-08-10,XLC,111.24,111.83,110.7,111.83,111.4626,4257000
2026-08-10,XLI,185.93,185.93,184.37,184.6,184.1052,3438400
2026-08-10,XLP,84.66,85.05,84.33,84.95,84.395,6917500
2026-08-10,XLE,58.19,60.21,58.1,60.18,59.8244,33677800
2026-08-10,XLU,43.43,43.52,43.06,43.13,42.8152,25438200
2026-08-10,XLB,52.81,53.2,52.61,53.18,52.9364,11932600
2026-08-10,XLRE,44.705,44.75,44.24,44.4,44.0294,5294800
2026-08-10,SMH,585.99,586.24,569.2,569.41,569.41,6476700
2026-08-10,IGV,102.21,105.48,102.15,105.01,105.01,9120500
2026-08-10,XBI,155.98,158.55,155,158.03,158.03,7454700
2026-08-10,GNOM,58.25,59.915,58.25,59.76,59.76,30600
2026-08-10,ARKG,42.89,44.625,42.775,44.31,44.31,3109600
2026-08-10,KRE,75.84,76.33,75.48,76.03,75.5994,7336500
2026-08-10,XHB,109.72,110.1,107.85,108.24,107.6381,1744100
2026-08-10,XME,115.78,117.84,115.66,117.54,117.4611,2144100
2026-08-10,URA,44.93,45.04,44.22,44.38,44.38,3099100
2026-08-10,ITA,251.56,253.38,250.53,251.13,250.8392,485200
2026-08-10,PAVE,58.76,58.9,58.215,58.3,58.3,970500
2026-08-10,DRAM,49.42,50.94,49.17,49.6,49.6,27639400
2026-08-11,SPY,774.53,774.61,769.2,770.56,768.6513,36740600
2026-08-11,QQQ,723.29,723.35,715.5,718.45,717.7021,29286100
2026-08-11,XLK,187.69,187.71,185.07,186.09,185.8731,5759200
2026-08-11,XLF,57.78,58.1,57.72,57.8,57.5962,19797000
2026-08-11,XLV,168.28,169.66,167.64,168.01,167.3694,6680900
2026-08-11,XLY,119.67,119.96,119.11,119.24,118.978,3788600
2026-08-11,XLC,111.56,112.275,111.11,111.27,110.9045,3383300
2026-08-11,XLI,185.08,187.26,185.03,185.7,185.2022,4893700
2026-08-11,XLP,84.62,84.98,84.35,84.69,84.1367,7358300
2026-08-11,XLE,59.99,61.08,59.99,60.93,60.57,22400800
2026-08-11,XLU,43.13,43.71,43.08,43.63,43.3115,19690800
2026-08-11,XLB,53.07,53.6,53,53.24,52.9961,11450900
2026-08-11,XLRE,44.26,44.4,44.01,44.08,43.7121,5552300
2026-08-11,SMH,578.57,578.6,569.17,572.93,572.93,5029000
2026-08-11,IGV,104.4,104.87,103.17,103.92,103.92,8259500
2026-08-11,XBI,158.5,159.18,156.79,158.07,158.07,6203700
2026-08-11,GNOM,59.84,59.96,59.45,59.684,59.684,15600
2026-08-11,ARKG,44.28,44.88,43.79,44.55,44.55,3250900
2026-08-11,KRE,76.11,77.02,76.11,76.81,76.375,8304900
2026-08-11,XHB,108.88,110.42,108.88,110.3,109.6867,1318800
2026-08-11,XME,117.84,118.85,116.83,117.83,117.7509,1312600
2026-08-11,URA,44.81,45.49,44.68,45.17,45.17,2851100
2026-08-11,ITA,251.5,253.35,250.59,251.9,251.6083,372200
2026-08-11,PAVE,58.49,59.2,58.405,58.7,58.7,1457000
2026-08-11,DRAM,50.99,51.46,50.36,50.89,50.89,32397500
2026-08-12,SPY,774.71,774.9,771.28,772.49,770.5765,33179100
2026-08-12,QQQ,727.08,727.25,722.92,723.7,722.9467,29066000
2026-08-12,XLK,189.47,189.59,188.33,188.86,188.6399,5887200
2026-08-12,XLF,57.83,58,57.68,57.92,57.7157,18531700
2026-08-12,XLV,166.42,168.88,165.76,168.44,167.7978,7138300
2026-08-12,XLY,119.32,119.32,117.55,117.89,117.6309,4486900
2026-08-12,XLC,111.31,111.425,109.895,110.27,109.9078,5534200
2026-08-12,XLI,187.17,187.41,185.15,185.88,185.3818,4052000
2026-08-12,XLP,84.09,85.13,84.01,85.08,84.5241,6448300
2026-08-12,XLE,60.47,61.17,60.34,61.03,60.6694,22584200
2026-08-12,XLU,43.76,43.96,43.64,43.84,43.52,15979000
2026-08-12,XLB,53.45,53.48,52.54,52.58,52.3391,9843200
2026-08-12,XLRE,44.2,44.535,44.1,44.49,44.1186,4723500
2026-08-12,SMH,590.55,590.57,583.79,584.83,584.83,7414100
2026-08-12,IGV,103.07,104.15,102.42,103.08,103.08,16041000
2026-08-12,XBI,158.14,160.09,157.19,159.39,159.39,6047300
2026-08-12,GNOM,59.24,59.99,59.15,59.53,59.53,7300
2026-08-12,ARKG,44.76,45.05,44.07,44.69,44.69,4151100
2026-08-12,KRE,76.92,77.55,76.81,77.38,76.9418,8782500
2026-08-12,XHB,110.86,110.88,107.85,108.35,107.7475,1720000
2026-08-12,XME,119.59,119.73,116.21,116.79,116.7116,1371700
2026-08-12,URA,45.9,45.98,45.06,45.2,45.2,1671500
2026-08-12,ITA,252.23,252.77,249.64,251.62,251.3286,352400
2026-08-12,PAVE,59.26,59.38,58.36,58.49,58.49,1073100
2026-08-12,DRAM,54.61,55.21,53.85,54.8,54.8,53541800
2026-08-13,SPY,774.87,779.37,774.11,777.88,775.9532,35634500
2026-08-13,QQQ,725.15,733.96,724.03,732.07,731.308,31599700
2026-08-13,XLK,189.13,191.74,188.86,190.77,190.5476,4873900
2026-08-13,XLF,58.19,58.31,57.75,58.26,58.0545,23193500
2026-08-13,XLV,169.49,169.71,167.84,168.38,167.7381,6730100
2026-08-13,XLY,118.04,118.93,117.89,118.45,118.1897,4521100
2026-08-13,XLC,110.86,112.605,110.825,112.55,112.1803,5538700
2026-08-13,XLI,186.48,186.67,184.74,185.79,185.292,4942500
2026-08-13,XLP,85.61,86.2,85.51,86,85.4381,10352900
2026-08-13,XLE,60.52,61.13,60.23,61.06,60.6992,20703600
2026-08-13,XLU,43.89,44.2,43.88,44.04,43.7185,17855900
2026-08-13,XLB,52.6,52.78,52.22,52.31,52.0704,10407100
2026-08-13,XLRE,44.74,45.2,44.69,45.12,44.7434,5761000
2026-08-13,SMH,586.38,597.95,585.01,589.12,589.12,6786000
2026-08-13,IGV,103.73,106.58,103.34,106.28,106.28,25265200
2026-08-13,XBI,160.25,160.67,156.55,156.86,156.86,7535100
2026-08-13,GNOM,59.99,59.99,59.05,59.061,59.061,13600
2026-08-13,ARKG,44.92,45.13,44.18,44.32,44.32,1663900
2026-08-13,KRE,77.81,78.16,77.54,77.75,77.3097,7308800
2026-08-13,XHB,109.67,110.01,108.41,109.53,108.9209,1351900
2026-08-13,XME,116.05,116.9,115.17,115.27,115.1926,1605800
2026-08-13,URA,45.4,45.75,44.82,45.25,45.25,3225400
2026-08-13,ITA,251.75,252.1,248.14,249.69,249.4009,413800
2026-08-13,PAVE,58.78,58.78,58.11,58.31,58.31,1054200
2026-08-13,DRAM,54.53,58.18,54.21,56.93,56.93,78210600
2026-08-14,SPY,778.54,778.8,775.43,776.34,774.417,31367900
2026-08-14,QQQ,733.41,734.39,728.32,731.07,730.309,23790600
2026-08-14,XLK,191.14,191.35,189.25,190.01,189.7885,3634400
2026-08-14,XLF,58.22,58.29,58.06,58.16,57.9549,28130100
2026-08-14,XLV,167.66,167.77,166.45,167.37,166.7319,5023800
2026-08-14,XLY,118.47,119.18,118.09,118.2,117.9402,3839300
2026-08-14,XLC,112.76,113.5,112.645,112.95,112.579,2982800
2026-08-14,XLI,186.18,186.88,185.6,186.51,186.0101,3590300
2026-08-14,XLP,86,86.3,85.82,86.09,85.5275,6970200
2026-08-14,XLE,61.37,62.11,61.25,61.91,61.5442,22777700
2026-08-14,XLU,44.01,44.41,43.98,44.31,43.9866,17154200
2026-08-14,XLB,52.46,52.65,52.27,52.54,52.2993,7479600
2026-08-14,XLRE,45.118,45.32,45.04,45.27,44.8921,4545900
2026-08-14,SMH,587.51,590.33,581.87,587.82,587.82,5524300
2026-08-14,IGV,106.47,106.75,104.07,104.08,104.08,9198200
2026-08-14,XBI,156.54,157.77,154.15,157.41,157.41,6322600
2026-08-14,GNOM,58.76,58.86,57.86,58.31,58.31,11800
2026-08-14,ARKG,44.14,44.3,43.08,43.45,43.45,1627100
2026-08-14,KRE,77.55,78.23,77.4,77.93,77.4887,7300600
2026-08-14,XHB,109.42,109.73,108.35,109.02,108.4138,1292200
2026-08-14,XME,116.06,118.91,115.82,117.14,117.0613,1472700
2026-08-14,URA,45.3,45.94,44.79,44.93,44.93,1693100
2026-08-14,ITA,250.3,253.26,250.3,253.22,252.9268,411000
2026-08-14,PAVE,58.39,58.665,58.058,58.59,58.59,846900
2026-08-14,DRAM,58.1,58.8,56.54,57.32,57.32,64902600
2026-08-17,SPY,776.18,776.78,772.51,772.67,770.756,34356600
2026-08-17,QQQ,732.95,734.58,729.27,729.87,729.1102,26452600
2026-08-17,XLK,190.79,191.75,190.11,190.32,190.0982,6099500
2026-08-17,XLF,57.96,58.27,57.55,57.58,57.3769,45636700
2026-08-17,XLV,166.45,167.87,165.86,167.05,166.4131,7225500
2026-08-17,XLY,117.96,117.96,116.49,116.75,116.4934,6884900
2026-08-17,XLC,112.505,112.57,110.66,110.82,110.456,3690000
2026-08-17,XLI,186.39,187.39,186.18,186.32,185.8206,5363000
2026-08-17,XLP,85.36,85.61,84.59,84.68,84.1267,10513400
2026-08-17,XLE,62.22,62.69,61.79,62.58,62.2102,23550300
2026-08-17,XLU,44.2,44.25,43.82,44.18,43.8575,16377500
2026-08-17,XLB,52.35,52.44,52.07,52.24,52.0007,7654900
2026-08-17,XLRE,45.1,45.15,44.73,44.83,44.4558,8542800
2026-08-17,SMH,593.72,600.37,591.5,594.07,594.07,7700500
2026-08-17,IGV,103.25,104.1,101.84,101.99,101.99,13169700
2026-08-17,XBI,156.83,159.86,155.86,159.53,159.53,6362100
2026-08-17,GNOM,58.36,59.223,58.29,59.09,59.09,6700
2026-08-17,ARKG,43.115,44.19,42.91,44.04,44.04,1575400
2026-08-17,KRE,77.6,78.24,77.31,77.39,76.9517,11420600
2026-08-17,XHB,108.61,108.68,107.28,108.19,107.5884,1069800
2026-08-17,XME,117.28,118.3,115.96,118.1,118.0207,1288200
2026-08-17,URA,45.03,46,44.59,45.25,45.25,2008900
2026-08-17,ITA,253.1,253.93,251.07,251.2,250.9091,406500
2026-08-17,PAVE,58.59,58.88,58.39,58.73,58.73,926700
2026-08-17,DRAM,59.82,62.04,59.66,60.39,60.39,56200500
2026-08-18,SPY,768.7,769.5,766.92,767.45,765.549,43920900
2026-08-18,QQQ,720.21,722.13,715.92,717.51,716.7631,48997200
2026-08-18,XLK,186.29,187.5,184.33,185.62,185.4036,8436300
2026-08-18,XLF,57.73,57.98,57.57,57.84,57.636,25389400
2026-08-18,XLV,168.67,170.3,168.45,169.73,169.0829,7529600
2026-08-18,XLY,116.7,117.58,116.07,116.36,116.1043,5287000
2026-08-18,XLC,110.86,111.455,110.44,110.48,110.1171,3985200
2026-08-18,XLI,185.21,185.58,183.51,183.57,183.078,4646800
2026-08-18,XLP,85.76,86.19,85.13,85.58,85.0208,10663000
2026-08-18,XLE,63.41,63.71,63.12,63.68,63.3037,27280500
2026-08-18,XLU,44.53,44.65,43.95,44.02,43.6987,19424700
2026-08-18,XLB,52.22,52.31,51.75,51.78,51.5428,7774300
2026-08-18,XLRE,45.18,45.18,44.61,44.63,44.2575,6155700
2026-08-18,SMH,574.36,577.76,562.63,569.77,569.77,11364400
2026-08-18,IGV,102,103.1,101.62,101.96,101.96,8370500
2026-08-18,XBI,158.34,160.6,157.88,160.11,160.11,6522000
2026-08-18,GNOM,59.07,59.15,58.38,58.509,58.509,6500
2026-08-18,ARKG,43.47,44.03,42.925,43.21,43.21,1763700
2026-08-18,KRE,77.53,77.73,76.6,76.85,76.4148,12307600
2026-08-18,XHB,108.16,108.37,105.92,105.95,105.3608,1378800
2026-08-18,XME,115.85,116.5,112.85,113.63,113.5537,1884300
2026-08-18,URA,44.24,44.8,43.16,43.62,43.62,2962200
2026-08-18,ITA,250.5,252.52,249.46,252.16,251.868,420700
2026-08-18,PAVE,58.3,58.38,57.27,57.31,57.31,1505600
2026-08-18,DRAM,56.74,57.59,54.76,55.1,55.1,68321900
2026-08-19,SPY,770.36,772.47,768.1,769.06,767.155,40306000
2026-08-19,QQQ,720.39,721.5,712.61,716.08,715.3346,35801700
2026-08-19,XLK,186.39,186.91,182.41,183.64,183.4259,7310400
2026-08-19,XLF,57.88,58.2,57.42,57.48,57.2773,35648300
2026-08-19,XLV,172.47,176.6,172.29,175.68,175.0102,16538900
2026-08-19,XLY,116.9,119.06,116.73,118.59,118.3294,7526400
2026-08-19,XLC,110.43,112.16,110.25,111.32,110.9543,3385700
2026-08-19,XLI,184.24,184.62,181.72,181.95,181.4623,8312100
2026-08-19,XLP,85.72,87.19,85.72,86.54,85.9746,11244000
2026-08-19,XLE,63.85,64.25,63.4,63.58,63.2043,25537800
2026-08-19,XLU,44.26,44.38,43.8,44.02,43.6987,15856400
2026-08-19,XLB,52.52,53.15,52.28,52.52,52.2794,10882900
2026-08-19,XLRE,44.89,45.085,44.645,44.99,44.6145,4617600
2026-08-19,SMH,575.06,576.84,556.32,560.92,560.92,8713300
2026-08-19,IGV,102.12,103.51,101.23,102.81,102.81,7195600
2026-08-19,XBI,165.7,169.68,164.5,169.55,169.55,14090500
2026-08-19,GNOM,62.21,66.476,62.21,66.476,66.476,55900
2026-08-19,ARKG,45.17,47.73,45.17,47.73,47.73,7160300
2026-08-19,KRE,77.02,77.15,74.9,75,74.5753,23671600
2026-08-19,XHB,108.15,109.87,107.71,108.23,107.6282,2752600
2026-08-19,XME,116.65,118.69,114.63,117.07,116.9914,3986000
2026-08-19,URA,44.33,45.03,43.97,45.01,45.01,2319300
2026-08-19,ITA,252.89,252.89,245.82,246.15,245.865,564300
2026-08-19,PAVE,57.74,57.74,56.625,56.78,56.78,1229400
2026-08-19,DRAM,56.97,57.1,54.33,55.14,55.14,45017800
2026-08-20,SPY,765.96,768.15,762.04,762.6,760.711,45520300
2026-08-20,QQQ,712.09,714.94,708.52,710.93,710.1899,33396400
2026-08-20,XLK,183.47,184.71,182.66,183.1,182.8866,5012100
2026-08-20,XLF,57.47,57.66,56.91,56.95,56.7492,30704200
2026-08-20,XLV,174.19,175.19,172.34,172.39,171.7328,9673400
2026-08-20,XLY,117.05,117.4,116.38,116.68,116.4236,5155600
2026-08-20,XLC,111.19,111.535,110.31,110.68,110.3164,3599100
2026-08-20,XLI,181.01,182.03,179.55,179.77,179.2881,6497700
2026-08-20,XLP,85.2,86,85,85.32,84.7625,11495300
2026-08-20,XLE,64.25,64.7,63.69,63.75,63.3733,24304100
2026-08-20,XLU,43.83,44.26,43.75,43.77,43.4505,17077400
2026-08-20,XLB,52.1,53.04,52.04,52.42,52.1799,9367300
2026-08-20,XLRE,45.02,45.31,44.83,45.08,44.7037,4409000
2026-08-20,SMH,559.38,566,557.26,562.65,562.65,6240600
2026-08-20,IGV,102.5,103.01,101.77,101.91,101.91,6636300
2026-08-20,XBI,166.66,167.53,162.53,163.38,163.38,15031000
2026-08-20,GNOM,65.43,66.065,64.55,64.903,64.903,36000
2026-08-20,ARKG,46.915,48.88,46.915,47.64,47.64,5157000
2026-08-20,KRE,74.76,75.23,74.48,74.71,74.2869,15940300
2026-08-20,XHB,105.83,106.76,105.07,105.62,105.0327,2662200
2026-08-20,XME,115.42,116.22,113.86,114.7,114.623,1934200
2026-08-20,URA,44.31,44.62,43.29,43.84,43.84,3012800
2026-08-20,ITA,244.51,244.51,237.27,237.56,237.2849,768100
2026-08-20,PAVE,56.45,56.715,55.985,56.04,56.04,1039900
2026-08-20,DRAM,56.3,57.73,55.9,57.58,57.58,36856900
2026-08-21,SPY,766.05,767.85,764.17,765.72,763.8232,39188700
2026-08-21,QQQ,715.23,715.67,709.2,713.44,712.6974,33399400
2026-08-21,XLK,184.42,184.56,181.9,183.31,183.0963,5781100
2026-08-21,XLF,57.32,57.7,57.25,57.48,57.2773,27273100
2026-08-21,XLV,171.91,175.6,171.79,174.62,173.9543,10166900
2026-08-21,XLY,117.44,118.43,116.74,118.02,117.7606,6561400
2026-08-21,XLC,111.02,112.02,110.77,111.4,111.0341,5055200
2026-08-21,XLI,180.95,181.24,179.79,180.25,179.7669,5470900
2026-08-21,XLP,85.6,86.01,85.28,85.99,85.4282,11194000
2026-08-21,XLE,63.91,64.3,63.35,63.64,63.264,27791900
2026-08-21,XLU,43.9,43.96,42.75,42.77,42.4578,22073000
2026-08-21,XLB,53.07,53.72,52.95,53.54,53.2947,14467100
2026-08-21,XLRE,45.2,45.255,44.934,45.08,44.7037,3968900
2026-08-21,SMH,569.44,569.44,556.1,560.42,560.42,9619300
2026-08-21,IGV,102.5,103.75,101.3,103.37,103.37,9539500
2026-08-21,XBI,164.6,167.91,163.74,165.73,165.73,10010500
2026-08-21,GNOM,65.2,66.88,65.19,66.77,66.77,42500
2026-08-21,ARKG,47.93,49.56,47.545,49.45,49.45,11296400
2026-08-21,KRE,75.23,75.42,74.25,74.86,74.4361,14326700
2026-08-21,XHB,106.61,107.04,105.85,106.5,105.9078,1122900
2026-08-21,XME,117.54,119.74,117.11,119.34,119.2598,4356200
2026-08-21,URA,44.65,46.19,44.6,46.07,46.07,4149500
2026-08-21,ITA,239,239.24,237.01,237.34,237.0652,544100
2026-08-21,PAVE,56.41,56.695,56.168,56.39,56.39,1638400
2026-08-21,DRAM,58.64,58.82,57.4,57.68,57.68,27605300
2026-08-24,SPY,764.78,765.22,762.08,763.47,761.5788,32430900
2026-08-24,QQQ,709.66,709.79,702.7,706.32,705.5848,37443100
2026-08-24,XLK,181.68,181.88,178.82,180.05,179.8401,6540100
2026-08-24,XLF,57.7,58.38,57.64,58.22,58.0147,31462900
2026-08-24,XLV,174.41,174.92,173.33,174.7,174.034,5930800
2026-08-24,XLY,118.38,118.79,118.07,118.3,118.04,4662300
2026-08-24,XLC,111.46,112.81,111.4,112.32,111.951,4133500
2026-08-24,XLI,180.09,180.3,178.36,179,178.5202,5242400
2026-08-24,XLP,86.45,87.47,86.45,87.45,86.8786,9105200
2026-08-24,XLE,63.24,63.72,62.56,63.11,62.7371,23007900
2026-08-24,XLU,42.87,43.26,42.7,43.22,42.9045,20055700
2026-08-24,XLB,54.01,54.19,53.28,53.58,53.3346,12836600
2026-08-24,XLRE,45.195,45.4,44.97,45.33,44.9516,4020900
2026-08-24,SMH,554.18,554.18,540.75,546.8,546.8,7743300
2026-08-24,IGV,102.8,103.25,102,102.45,102.45,6221600
2026-08-24,XBI,164.99,165.55,161.49,164.17,164.17,8522000
2026-08-24,GNOM,66.06,66.06,64.03,65.127,65.127,41500
2026-08-24,ARKG,48.99,48.99,47.36,48.01,48.01,4358700
2026-08-24,KRE,74.95,75.59,74.64,74.76,74.3366,7806900
2026-08-24,XHB,106.8,107.86,105.77,106.29,105.699,812300
2026-08-24,XME,120.38,121,117.27,117.87,117.7908,2760500
2026-08-24,URA,46.1,46.39,45.2,45.69,45.69,2654600
2026-08-24,ITA,236.68,236.68,232.93,233.4,233.1297,806000
2026-08-24,PAVE,56.47,56.655,55.75,55.92,55.92,1136400
2026-08-24,DRAM,55.59,55.61,53.13,54.28,54.28,44813400
2026-08-25,SPY,766.16,766.78,763.05,765.91,764.0128,27422300
2026-08-25,QQQ,711.22,714.04,707.45,710.72,709.9802,23869600
2026-08-25,XLK,182.11,183.02,180.59,181.74,181.5282,5363500
2026-08-25,XLF,58.19,58.36,57.87,58.31,58.1044,23685100
2026-08-25,XLV,174.45,175.82,174.04,175.29,174.6217,5434000
2026-08-25,XLY,118.41,118.57,117.75,117.95,117.6908,4156100
2026-08-25,XLC,112.41,113.275,112.295,113.18,112.8082,2701500
2026-08-25,XLI,180.76,180.96,178.16,178.4,177.9218,6564300
2026-08-25,XLP,86.86,87.01,86.25,86.52,85.9547,7022700
2026-08-25,XLE,62.2,62.79,62.04,62.06,61.6933,27426400
2026-08-25,XLU,43.24,43.48,43.07,43.31,42.9939,13430200
2026-08-25,XLB,53.48,53.65,53.01,53.58,53.3346,8182800
2026-08-25,XLRE,45.34,45.465,45.16,45.36,44.9814,3148800
2026-08-25,SMH,555.38,560.38,550.66,555.82,555.82,6038900
2026-08-25,IGV,102.21,103.34,101.32,101.85,101.85,8493200
2026-08-25,XBI,166.18,169.89,165.79,169.1,169.1,9899700
2026-08-25,GNOM,66.13,68,66.13,67.853,67.853,41800
2026-08-25,ARKG,48.47,50.535,48.22,50.06,50.06,5724100
2026-08-25,KRE,74.81,75.05,74.17,74.33,73.9091,10053900
2026-08-25,XHB,107.52,107.52,105.74,106.38,105.7884,850800
2026-08-25,XME,117.28,121.04,116.42,120.94,120.8588,1683100
2026-08-25,URA,46.61,48.48,46.34,48.14,48.14,4237200
2026-08-25,ITA,234.79,235.98,233.2,234.3,234.0287,547100
2026-08-25,PAVE,56.42,56.51,55.55,55.63,55.63,1477600
2026-08-25,DRAM,55.98,56.7,55.21,56.24,56.24,23022800
2026-08-26,SPY,764.73,767.35,763.93,766.08,764.1824,28751600
2026-08-26,QQQ,708.41,713.02,707.97,711.37,710.6295,20392400
2026-08-26,XLK,180.71,183.35,180.71,182.84,182.6269,4662700
2026-08-26,XLF,58.25,58.38,58.02,58.26,58.0545,20054000
2026-08-26,XLV,174.33,174.84,173.45,173.54,172.8784,5617400
2026-08-26,XLY,117.69,117.84,116.75,117.16,116.9025,3271600
2026-08-26,XLC,113.83,114,112.465,112.61,112.2401,3679700
2026-08-26,XLI,178.9,180.9,178.9,180.34,179.8566,8142000
2026-08-26,XLP,86.62,86.69,86.25,86.27,85.7063,7315400
2026-08-26,XLE,61.43,63.02,61.31,62.43,62.0611,24394100
2026-08-26,XLU,43.31,43.71,43.28,43.51,43.1924,12240200
2026-08-26,XLB,53.59,54.09,53.52,53.67,53.4241,7073000
2026-08-26,XLRE,45.37,45.46,45.06,45.09,44.7136,3429200
2026-08-26,SMH,554.47,557.78,550.54,555.77,555.77,3865000
2026-08-26,IGV,99.81,102.78,99.72,102.39,102.39,7225500
2026-08-26,XBI,168.08,169.05,166.5,168.39,168.39,8943200
2026-08-26,GNOM,67.45,67.45,66.9,67.35,67.35,20900
2026-08-26,ARKG,49.64,50.09,48.8,49.45,49.45,6710700
2026-08-26,KRE,74.6,74.91,74.1,74.58,74.1576,5158000
2026-08-26,XHB,106.34,107.15,105.62,106,105.4106,844400
2026-08-26,XME,120.08,122.76,119.59,120.31,120.2292,1841000
2026-08-26,URA,48.5,50.09,47.85,48.05,48.05,5975300
2026-08-26,ITA,234.72,237.52,234.7,236.38,236.1063,524800
2026-08-26,PAVE,55.67,56.43,55.67,56.21,56.21,1275800
2026-08-26,DRAM,55.8,56.74,55.73,56.39,56.39,17773500
2026-08-27,SPY,768.5,772.36,767.16,771.1,769.1899,34557100
2026-08-27,QQQ,716.93,721.35,714.53,721.11,720.3594,28723500
2026-08-27,XLK,186.47,188.74,185.67,188.61,188.3902,8136000
2026-08-27,XLF,57.91,58.23,57.73,57.88,57.6759,26082100
2026-08-27,XLV,171.95,173.11,171.43,171.58,170.9258,7110400
2026-08-27,XLY,116.54,116.62,115.81,115.88,115.6253,5231500
2026-08-27,XLC,112.03,112.37,111.37,111.41,111.044,4425600
2026-08-27,XLI,180.47,180.49,178.18,178.8,178.3207,5464700
2026-08-27,XLP,85.31,85.86,85.07,85.08,84.5241,8492100
2026-08-27,XLE,62.23,62.72,61.55,62.29,61.9219,29599300
2026-08-27,XLU,43.22,43.33,42.92,43.18,42.8648,16033500
2026-08-27,XLB,53.22,53.49,53.1,53.23,52.9862,7784600
2026-08-27,XLRE,44.79,45.045,44.63,44.66,44.2872,4637800
2026-08-27,SMH,569.37,573.21,562.54,573,573,6562500
2026-08-27,IGV,105.69,110.41,105.45,110.32,110.32,24499300
2026-08-27,XBI,167.76,169.27,166.88,168.23,168.23,4512300
2026-08-27,GNOM,67.24,67.665,67.11,67.24,67.24,20500
2026-08-27,ARKG,49.37,50.46,49.16,49.87,49.87,5300500
2026-08-27,KRE,73.94,74.44,73.46,74.35,73.9289,10752000
2026-08-27,XHB,105.57,105.71,104.34,104.52,103.9388,1275400
2026-08-27,XME,120.25,123.19,119.83,123,122.9174,1577700
2026-08-27,URA,48.26,48.6,47.66,48.37,48.37,3481800
2026-08-27,ITA,236.4,236.69,233.18,234.26,233.9888,675700
2026-08-27,PAVE,56.27,56.348,55.72,56.06,56.06,1261500
2026-08-27,DRAM,57.95,58.06,55.53,56.83,56.83,36209700
2026-08-28,SPY,771.76,775.3,768.31,769.35,767.4443,36744300
2026-08-28,QQQ,719.74,724.13,715.09,716.43,715.6843,34105400
2026-08-28,XLK,188.07,188.67,185.51,185.69,185.4736,6300200
2026-08-28,XLF,57.98,58.41,57.92,58.1,57.8951,25142600
2026-08-28,XLV,171.43,171.71,170.59,171.16,170.5074,4911700
2026-08-28,XLY,116.71,117.57,116.38,117.21,116.9524,4505600
2026-08-28,XLC,111.87,113.53,111.83,112.99,112.6188,3743500
2026-08-28,XLI,179.44,179.52,176.65,177.14,176.6652,8234400
2026-08-28,XLP,85.5,85.61,85.21,85.45,84.8917,6807200
2026-08-28,XLE,62.35,62.74,62.12,62.68,62.3096,20624500
2026-08-28,XLU,43.34,43.38,42.56,42.73,42.4181,20360500
2026-08-28,XLB,53.66,53.8,52.84,53.18,52.9364,13594400
2026-08-28,XLRE,44.885,44.9,44.385,44.48,44.1087,3959400
2026-08-28,SMH,568.72,570.12,552.3,553.11,553.11,6461800
2026-08-28,IGV,109.81,110.49,108.23,109.5,109.5,15558000
2026-08-28,XBI,166.72,167.12,162.16,162.38,162.38,9792600
2026-08-28,GNOM,66.61,66.61,64.73,64.807,64.807,39600
2026-08-28,ARKG,49.41,49.6,47.49,47.64,47.64,4852500
2026-08-28,KRE,74.52,74.86,74.1,74.3,73.8792,13411800
2026-08-28,XHB,104.93,105.9,103.78,104.6,104.0183,1370600
2026-08-28,XME,123.26,123.81,118.38,118.74,118.6602,1682600
2026-08-28,URA,48.35,48.55,45.48,45.57,45.57,6299700
2026-08-28,ITA,235.24,235.26,231.69,232.82,232.5504,667300
2026-08-28,PAVE,56.15,56.32,55.125,55.31,55.31,1283700
2026-08-28,DRAM,55.97,57.06,54.76,55.83,55.83,25884100
2026-08-31,SPY,767.33,768,764.72,767.05,765.15,38810800
2026-08-31,QQQ,715.17,717.58,713.16,716.76,716.0139,32237200
2026-08-31,XLK,185.78,186.65,185.28,186.5,186.2826,4874800
2026-08-31,XLF,57.86,57.93,57.69,57.71,57.5065,25215700
2026-08-31,XLV,170.25,170.98,169.2,170.54,169.8898,7312600
2026-08-31,XLY,116.56,117.14,116.29,116.59,116.3338,4912700
2026-08-31,XLC,112.48,112.59,111.25,111.46,111.0939,3317200
2026-08-31,XLI,176.09,176.26,174.73,175.13,174.6606,7362100
2026-08-31,XLP,85.35,85.35,84.9,84.98,84.4248,7012600
2026-08-31,XLE,63.8,64.44,63.14,63.96,63.5821,27148800
2026-08-31,XLU,42,42.4,41.86,42.23,41.9218,31622300
2026-08-31,XLB,53.16,53.26,52.57,52.69,52.4486,12112700
2026-08-31,XLRE,44.3,44.345,43.865,44.11,43.7418,7404900
2026-08-31,SMH,554.38,558.43,552.79,556.63,556.63,4317100
2026-08-31,IGV,108.71,110.57,108.57,109.98,109.98,8787400
2026-08-31,XBI,161,163.22,159.62,162.5,162.5,7354700
2026-08-31,GNOM,64.34,64.54,63.5,64.421,64.421,44900
2026-08-31,ARKG,47.18,47.425,46.12,47.23,47.23,3282100
2026-08-31,KRE,74.15,74.22,73.45,73.56,73.1434,13148600
2026-08-31,XHB,103.63,104.27,102.75,102.81,102.2383,1564800
2026-08-31,XME,119.08,119.52,117.6,118.13,118.0507,1125000
2026-08-31,URA,45.61,45.85,45.27,45.51,45.51,2038600
2026-08-31,ITA,230.82,231.47,227.63,228.35,228.0856,613100
2026-08-31,PAVE,55.055,55.15,54.65,54.7,54.7,1283700
2026-08-31,DRAM,56.07,57,55.82,56.9,56.9,19267000
2026-09-01,SPY,762.01,764.67,759.48,761.78,759.8931,41126300
2026-09-01,QQQ,707.39,712.3,704.66,707.64,706.9034,35236100
2026-09-01,XLK,183.7,184.92,182.63,183.64,183.4259,7648700
2026-09-01,XLF,57.61,57.98,57.13,57.2,56.9983,32396200
2026-09-01,XLV,172.62,173.53,171.03,171.67,171.0155,7821200
2026-09-01,XLY,115.42,115.62,114.32,114.59,114.3382,5883300
2026-09-01,XLC,110.56,111.63,110.31,110.88,110.5158,5152000
2026-09-01,XLI,174.34,175.44,172.15,172.73,172.267,9138900
2026-09-01,XLP,85.51,86.16,85.15,85.25,84.693,9353100
2026-09-01,XLE,64.87,64.95,64.05,64.77,64.3873,33275900
2026-09-01,XLU,42.3,42.61,42.09,42.56,42.2493,30615800
2026-09-01,XLB,52.44,52.46,52.02,52.07,51.8315,15500500
2026-09-01,XLRE,44.13,44.395,43.895,44.04,43.6724,6776000
2026-09-01,SMH,546.48,549.88,540.85,545.22,545.22,6195100
2026-09-01,IGV,108.1,108.73,105.86,106.18,106.18,12775900
2026-09-01,XBI,161.75,163.45,161.16,163.4,163.4,8443600
2026-09-01,GNOM,64.17,65,64.1,64.76,64.76,24600
2026-09-01,ARKG,46.97,47.405,46.67,46.84,46.84,2414500
2026-09-01,KRE,73.36,73.82,72.42,72.62,72.2087,14072400
2026-09-01,XHB,102.21,102.72,100.51,100.56,100.0008,2260500
2026-09-01,XME,115.81,117.8,114.79,115.77,115.6922,1967500
2026-09-01,URA,44.27,44.63,43.55,43.94,43.94,2893800
2026-09-01,ITA,227.19,229.77,224.88,225.46,225.1989,1021500
2026-09-01,PAVE,54.365,54.7,53.735,53.92,53.92,2303500
2026-09-01,DRAM,55.52,56.76,54.59,55.06,55.06,24861100
2026-09-02,SPY,762.45,766.43,761.73,765.16,763.2646,29566200
2026-09-02,QQQ,707.1,709.8,705.1,709.24,708.5017,23476200
2026-09-02,XLK,183.46,183.78,182.27,183.6,183.386,5698700
2026-09-02,XLF,57.38,58.23,57.32,57.66,57.4566,31321800
2026-09-02,XLV,172.09,174.48,172.09,172.95,172.2906,7805000
2026-09-02,XLY,114.99,115.11,114.25,114.86,114.6076,4238600
2026-09-02,XLC,110.93,113.06,110.905,112.42,112.0507,5123100
2026-09-02,XLI,173.34,173.34,171.62,172.78,172.3169,10830300
2026-09-02,XLP,85.37,86.08,85.04,85.53,84.9712,8445200
2026-09-02,XLE,64.27,65.35,64.25,65.1,64.7153,27393300
2026-09-02,XLU,42.4,42.71,42.02,42.67,42.3585,29769100
2026-09-02,XLB,52.36,53.19,52.27,52.95,52.7074,12846600
2026-09-02,XLRE,44.01,44.05,43.565,43.73,43.365,7661600
2026-09-02,SMH,545.23,553.19,541.72,550.48,550.48,5127100
2026-09-02,IGV,105.27,105.31,102.6,103.42,103.42,12271000
2026-09-02,XBI,164.45,168.06,162.27,165.37,165.37,8653700
2026-09-02,GNOM,65.4,66.32,64.415,65.68,65.68,49100
2026-09-02,ARKG,46.95,48.72,46.08,47.15,47.15,5450300
2026-09-02,KRE,72.99,74.73,72.94,74.24,73.8196,14638000
2026-09-02,XHB,101.06,102.01,100.36,101.17,100.6074,1425200
2026-09-02,XME,117,120.32,117,119.46,119.3798,1585400
2026-09-02,URA,44,44.84,43.57,44.32,44.32,5298400
2026-09-02,ITA,226.39,226.63,222.87,223.37,223.1114,796500
2026-09-02,PAVE,54.08,54.43,53.71,54.28,54.28,1767800
2026-09-02,DRAM,55.45,56.4,55.12,56.21,56.21,21051900
2026-09-03,SPY,767.9,774.03,767.45,773.17,771.2548,43531600
2026-09-03,QQQ,710.85,718.92,709.69,717.67,716.9229,29449800
2026-09-03,XLK,183.52,186.32,182.49,185.97,185.7532,6091100
2026-09-03,XLF,58,58.6,57.99,58.56,58.3535,32670500
2026-09-03,XLV,174.07,174.16,171.38,173.26,172.5994,5933900
2026-09-03,XLY,115.93,117.07,115.83,116.46,116.2041,5658600
2026-09-03,XLC,113.415,114.29,112.84,113.38,113.0076,3367500
2026-09-03,XLI,173.76,174.56,172.02,174.56,174.0921,8340600
2026-09-03,XLP,85.37,85.65,84.78,85.26,84.7029,10265000
2026-09-03,XLE,65.12,65.52,64.58,64.62,64.2382,24070700
2026-09-03,XLU,42.82,43.13,42.77,43.03,42.7159,22875900
2026-09-03,XLB,53.45,53.52,52.34,52.62,52.379,14287800
2026-09-03,XLRE,44.08,44.265,43.84,44.25,43.8806,4414600
2026-09-03,SMH,546.77,553.74,540.07,552.6,552.6,5623500
2026-09-03,IGV,105.21,107.41,105.05,106.95,106.95,9971600
2026-09-03,XBI,165.22,165.96,162.85,164.38,164.38,5399000
2026-09-03,GNOM,65.54,65.54,64.02,64.97,64.97,30400
2026-09-03,ARKG,47.49,47.69,46.26,47.2,47.2,2110200
2026-09-03,KRE,74.53,75.39,74.5,74.87,74.446,10600200
2026-09-03,XHB,102.17,103.24,101.03,102.27,101.7013,2296300
2026-09-03,XME,121.53,121.72,117.68,118.38,118.3005,1208000
2026-09-03,URA,45.31,45.98,45.19,45.7,45.7,2525900
2026-09-03,ITA,225.08,226.18,222.78,225.98,225.7183,385700
2026-09-03,PAVE,54.66,54.815,53.91,54.69,54.69,5115400
2026-09-03,DRAM,55.64,56.19,54.29,55.99,55.99,22361500
2026-09-04,SPY,772.01,772.87,769,770.19,768.2822,34054200
2026-09-04,QQQ,719.35,721.86,716.56,718.96,718.2116,32871100
2026-09-04,XLK,187.19,188.2,186.42,187.28,187.0617,5103800
2026-09-04,XLF,58.04,58.38,57.92,58.1,57.8951,26361500
2026-09-04,XLV,171.39,172.53,171.24,171.45,170.7963,6083000
2026-09-04,XLY,115.26,115.74,114.46,114.91,114.6575,5120000
2026-09-04,XLC,113.125,113.29,111.875,112.03,111.662,2689600
2026-09-04,XLI,174.34,175.78,174.1,175.27,174.8002,5841600
2026-09-04,XLP,84.82,85.3,84.54,84.58,84.0274,9903700
2026-09-04,XLE,64.04,64.33,63.38,64.06,63.6815,26281800
2026-09-04,XLU,42.77,43.23,42.75,43.08,42.7655,18858100
2026-09-04,XLB,52.16,52.67,51.98,52.44,52.1998,10873800
2026-09-04,XLRE,44.04,44.28,43.875,43.93,43.5633,3829200
2026-09-04,SMH,560.5,569.4,557.72,567.01,567.01,9451200
2026-09-04,IGV,105.9,106.22,104.36,104.57,104.57,12209900
2026-09-04,XBI,162.74,164.35,162.51,163.81,163.81,3804400
2026-09-04,GNOM,64.61,64.61,63.59,64.26,64.26,52700
2026-09-04,ARKG,47.04,47.29,46.63,47.14,47.14,1445900
2026-09-04,KRE,74.58,75.5,74.46,75.27,74.8437,12811900
2026-09-04,XHB,101.84,103.53,101.77,103.25,102.6758,1537000
2026-09-04,XME,117.42,119.18,117.33,118.62,118.5403,801500
2026-09-04,URA,45.32,46.12,45.13,46.06,46.06,2653900
2026-09-04,ITA,225.34,226.27,224.42,225.61,225.3488,564600
2026-09-04,PAVE,54.72,55.255,54.63,55.16,55.16,1192000
2026-09-04,DRAM,56.92,59.79,56.74,59.69,59.69,40953500
2026-09-08,SPY,769.07,769.7,765.14,765.96,764.0627,44746100
2026-09-08,QQQ,720.91,721.89,715.57,718.36,717.6122,28341400
2026-09-08,XLK,188.64,189.08,187.02,187.87,187.651,8421300
2026-09-08,XLF,57.71,57.82,57.26,57.3,57.0979,38239200
2026-09-08,XLV,168.29,168.75,166.94,167.13,166.4928,11066600
2026-09-08,XLY,114.47,114.63,113.75,113.99,113.7395,7821200
2026-09-08,XLC,111.59,111.805,110.965,111.52,111.1537,5657900
2026-09-08,XLI,175.14,175.71,174.27,174.42,173.9525,6225400
2026-09-08,XLP,84.28,84.57,83.81,84.02,83.471,13542700
2026-09-08,XLE,64.83,65.24,64.31,64.77,64.3873,28088200
2026-09-08,XLU,43.05,43.71,43.04,43.45,43.1328,19711400
2026-09-08,XLB,52.36,52.58,51.94,51.94,51.7021,11935500
2026-09-08,XLRE,43.665,44.26,43.661,43.9,43.5336,4883400
2026-09-08,SMH,578.7,580.57,572,573.73,573.73,8300300
2026-09-08,IGV,103.75,103.75,102.08,102.66,102.66,12890300
2026-09-08,XBI,160.77,163.43,158.8,161.93,161.93,8518800
2026-09-08,GNOM,63.8,64.13,63.12,63.441,63.441,27100
2026-09-08,ARKG,46.56,47.415,45.939,46.85,46.85,2134400
2026-09-08,KRE,75,75.25,74.25,74.31,73.8892,9578400
2026-09-08,XHB,102.94,103.02,100.7,100.75,100.1898,1220600
2026-09-08,XME,119.1,121.55,119.1,119.95,119.8694,1456400
2026-09-08,URA,46.9,48.32,46.65,47.5,47.5,4665800
2026-09-08,ITA,225.38,226.42,223.28,223.53,223.2712,471000
2026-09-08,PAVE,55.06,55.26,54.775,54.81,54.81,1131700
2026-09-08,DRAM,61.68,62.08,60.72,61.1,61.1,39008900
2026-09-09,SPY,764.08,764.47,760.94,762.4,760.5115,32812400
2026-09-09,QQQ,716.4,719.7,714.02,716.31,715.5644,26763400
2026-09-09,XLK,187.53,188.83,187.15,187.87,187.651,5990000
2026-09-09,XLF,57.13,57.33,56.73,57.06,56.8588,27523000
2026-09-09,XLV,167.31,167.41,166.39,166.58,165.9449,8018100
2026-09-09,XLY,112.96,113.27,112.27,112.46,112.2129,7683800
2026-09-09,XLC,111.92,111.93,110.53,110.83,110.4659,4817200
2026-09-09,XLI,173.53,174.16,171.71,171.79,171.3295,6411800
2026-09-09,XLP,83.51,83.52,82.85,83.05,82.5074,12245300
2026-09-09,XLE,65.56,65.92,65.01,65.31,64.9241,25392400
2026-09-09,XLU,43.4,43.53,42.83,42.94,42.6266,16901700
2026-09-09,XLB,52.02,52.15,51.38,51.39,51.1546,13120900
2026-09-09,XLRE,43.75,43.91,43.375,43.41,43.0477,5897400
2026-09-09,SMH,569.9,577.57,569.9,574.29,574.29,3458300
2026-09-09,IGV,102.79,103,101.76,101.83,101.83,8247500
2026-09-09,XBI,160.5,162.97,159.35,159.38,159.38,5477100
2026-09-09,GNOM,63.3,63.5,62.69,62.753,62.753,115500
2026-09-09,ARKG,46.61,47.21,46.05,46.31,46.31,2282800
2026-09-09,KRE,73.62,74.17,73.12,73.45,73.034,10842100
2026-09-09,XHB,100.34,100.9,98.9,99.23,98.6782,1979700
2026-09-09,XME,120.68,122.2,119.05,119.19,119.1099,1887000
2026-09-09,URA,47.18,47.76,46.6,46.86,46.86,2160400
2026-09-09,ITA,222.87,222.91,219.29,219.45,219.1959,968100
2026-09-09,PAVE,54.56,54.925,54.135,54.19,54.19,1502700
2026-09-09,DRAM,60.82,62.59,60.71,61.58,61.58,27314600
2026-09-10,SPY,758.03,760.11,756.64,757.83,755.9528,42740400
2026-09-10,QQQ,707.55,712.06,706.86,708.69,707.9523,31414400
2026-09-10,XLK,185.24,186.52,184.57,185.22,185.0041,5568800
2026-09-10,XLF,56.91,57.11,56.69,56.87,56.6694,25355100
2026-09-10,XLV,166.5,167.08,165.58,165.66,165.0284,7932400
2026-09-10,XLY,111.49,112.65,111.02,111.96,111.714,5814100
2026-09-10,XLC,110.62,111.895,110.37,111.5,111.1337,4965600
2026-09-10,XLI,170.83,171.68,170,170.55,170.0928,7830400
2026-09-10,XLP,83.37,83.81,83.06,83.09,82.5471,10349500
2026-09-10,XLE,66.14,66.17,64.34,64.93,64.5463,37212600
2026-09-10,XLU,42.99,43.25,42.51,42.52,42.2096,20625300
2026-09-10,XLB,50.76,51.05,50.58,50.76,50.5275,9651600
2026-09-10,XLRE,43.47,43.61,42.94,43.05,42.6907,4729700
2026-09-10,SMH,561.54,565.15,557.09,560.28,560.28,6621000
2026-09-10,IGV,100.85,102.72,100.59,101.2,101.2,7532500
2026-09-10,XBI,157.59,158.72,155.82,156.82,156.82,9706200
2026-09-10,GNOM,62,62.47,61.18,61.97,61.97,32500
2026-09-10,ARKG,45.46,46.27,44.755,45.38,45.38,2281200
2026-09-10,KRE,73.2,73.84,72.63,73.81,73.392,10242100
2026-09-10,XHB,97.93,98.51,96.22,96.91,96.3711,2962500
2026-09-10,XME,116.14,116.86,114.69,114.77,114.6929,1193800
2026-09-10,URA,45.59,46,44.85,45,45,2819500
2026-09-10,ITA,218.03,220.76,217.46,218.32,218.0672,868900
2026-09-10,PAVE,53.74,53.88,53.145,53.36,53.36,1416200
2026-09-10,DRAM,59.5,59.81,58.2,58.56,58.56,32924200
2026-09-11,SPY,764.72,766.38,763.6,764.29,762.3968,45512700
2026-09-11,QQQ,715.68,717.63,713.63,714.88,714.1359,26649100
2026-09-11,XLK,187.35,188.64,186.88,187.67,187.4512,6534700
2026-09-11,XLF,57.44,57.62,56.96,57.25,57.0481,34701500
2026-09-11,XLV,166.83,167.13,165.11,165.36,164.7296,6501800
2026-09-11,XLY,112.87,113.25,112.55,112.96,112.7118,4536700
2026-09-11,XLC,112.34,113.04,112.31,112.6,112.2301,3979800
2026-09-11,XLI,172.45,172.92,171.87,172.37,171.908,5577100
2026-09-11,XLP,83.51,83.69,83.04,83.38,82.8352,10836500
2026-09-11,XLE,64.89,65.73,64.71,65.14,64.7551,30546300
2026-09-11,XLU,42.89,42.96,42.31,42.39,42.0806,15174000
2026-09-11,XLB,51.19,51.21,50.87,50.95,50.7166,8969600
2026-09-11,XLRE,43.4,43.55,43.23,43.42,43.0576,4389300
2026-09-11,SMH,568.83,572.8,564,568.53,568.53,5199300
2026-09-11,IGV,101.9,102.78,101.13,101.52,101.52,5435700
2026-09-11,XBI,158.27,159.66,156.13,156.2,156.2,8412600
2026-09-11,GNOM,62.57,62.82,62.219,62.219,62.219,17600
2026-09-11,ARKG,45.76,46.25,45.29,45.56,45.56,1751200
2026-09-11,KRE,74.54,74.85,73.13,73.9,73.4815,10395000
2026-09-11,XHB,97.95,98.96,97.3,98.46,97.9125,1895000
2026-09-11,XME,116.03,116.42,113.52,113.63,113.5537,1773700
2026-09-11,URA,45.13,45.27,43.53,43.53,43.53,2862700
2026-09-11,ITA,220.28,221.55,218.02,219.01,218.7564,632300
2026-09-11,PAVE,53.92,54.26,53.82,54.08,54.08,1141300
2026-09-11,DRAM,60.03,60.04,58.58,59.1,59.1,22078700
2026-09-14,SPY,759,763.52,757.93,760.88,758.9952,43992400
2026-09-14,QQQ,703.33,712.95,702.74,709.18,708.4418,35219000
2026-09-14,XLK,183,185.6,182.08,184.28,184.0652,8532300
2026-09-14,XLF,57.34,57.57,56.76,57.03,56.8289,38162400
2026-09-14,XLV,168.01,168.77,167.03,167.75,167.1104,9414400
2026-09-14,XLY,112.31,113.28,112.11,112.85,112.602,5276300
2026-09-14,XLC,113.63,115.26,113.58,115.07,114.692,4352100
2026-09-14,XLI,168.67,170.14,168.34,169.93,169.4745,7359400
2026-09-14,XLP,84.38,84.89,84.25,84.42,83.8684,10520300
2026-09-14,XLE,65.96,66.05,64.18,64.53,64.1487,47236500
2026-09-14,XLU,42.38,42.44,41.75,41.82,41.5147,23581300
2026-09-14,XLB,50.68,50.81,50.34,50.49,50.2587,11410300
2026-09-14,XLRE,43.39,43.59,42.965,43.12,42.7601,6178500
2026-09-14,SMH,539.99,546.76,537.73,541.5,541.5,10627900
2026-09-14,IGV,103.57,107.04,102.99,106.64,106.64,13170900
2026-09-14,XBI,156.86,158.97,156.2,157.6,157.6,6183400
2026-09-14,GNOM,62.31,63.76,62.22,63.569,63.569,11300
2026-09-14,ARKG,45.125,46.97,45.125,46.8,46.8,7271900
2026-09-14,KRE,73.86,74.69,73.68,74.11,73.6903,15453000
2026-09-14,XHB,97.19,98.67,96.81,98.27,97.7235,1394900
2026-09-14,XME,111.22,111.55,109.96,110.17,110.096,1796100
2026-09-14,URA,42.25,42.62,41.64,42.19,42.19,4206400
2026-09-14,ITA,216.53,217.45,215.41,216.77,216.519,1068700
2026-09-14,PAVE,53,53.305,52.655,53.02,53.02,1527400
2026-09-14,DRAM,54.63,55.72,54.29,54.8,54.8,42685000
2026-09-15,SPY,760.12,760.35,756.15,757.39,755.5139,46195000
2026-09-15,QQQ,708.8,709.53,703.64,704.54,703.8066,26631700
2026-09-15,XLK,184.5,185.07,183.46,183.74,183.5258,6147600
2026-09-15,XLF,56.97,56.99,56.46,56.85,56.6495,30161600
2026-09-15,XLV,167.79,168.2,166.18,167.66,167.0208,7428600
2026-09-15,XLY,112.53,112.63,110.56,110.88,110.6363,12691100
2026-09-15,XLC,114.25,114.66,113.82,114.03,113.6554,5533400
2026-09-15,XLI,170.47,171.03,168.42,168.85,168.3974,8890100
2026-09-15,XLP,84,84.07,83.57,83.73,83.1829,14382200
2026-09-15,XLE,64.88,66.12,64.81,65.93,65.5404,34571900
2026-09-15,XLU,41.92,41.95,41.29,41.32,41.0184,24210500
2026-09-15,XLB,50.55,50.75,50.26,50.73,50.4976,9844200
2026-09-15,XLRE,43.11,43.16,42.7,43.07,42.7105,4641200
2026-09-15,SMH,546.57,548.19,540.11,542.11,542.11,6113700
2026-09-15,IGV,105.22,107.03,104.97,105.55,105.55,11346700
2026-09-15,XBI,157.08,157.53,152.63,154.03,154.03,11293500
2026-09-15,GNOM,63.41,63.98,63,63.652,63.652,33300
2026-09-15,ARKG,46.71,47.835,46.56,47.71,47.71,3042400
2026-09-15,KRE,74.08,74.73,73.74,74.05,73.6306,16808400
2026-09-15,XHB,98.3,98.85,97.16,97.76,97.2164,3919300
2026-09-15,XME,110.5,110.82,107.98,109.44,109.3665,1385600
2026-09-15,URA,42.26,42.48,41.49,41.77,41.77,2995900
2026-09-15,ITA,217,217.82,212.67,214,214,1192300
2026-09-15,PAVE,53.16,53.33,52.59,52.84,52.84,1607700
2026-09-15,DRAM,55.83,55.96,54.4,55.01,55.01,19714300
2026-09-16,SPY,759.5,761.67,749.6,754.05,752.1822,59217700
2026-09-16,QQQ,708,711.88,700,704.72,703.9864,35688000
2026-09-16,XLK,184.93,186.13,182.42,183.93,183.7156,8061600
2026-09-16,XLF,56.82,56.85,55.44,55.93,55.7328,53072800
2026-09-16,XLV,167.75,168.8,167.41,167.77,167.1304,7160500
2026-09-16,XLY,111.1,111.46,109.63,110.18,109.9379,8874600
2026-09-16,XLC,114.22,114.515,112.49,113,112.6288,4395900
2026-09-16,XLI,169.61,170.68,167.49,168.71,168.2578,8909600
2026-09-16,XLP,83.68,84.06,83.32,83.33,82.7855,9644400
2026-09-16,XLE,65.22,65.22,63.68,64.03,63.6517,48608400
2026-09-16,XLU,41.63,41.66,41.15,41.32,41.0184,23577400
2026-09-16,XLB,50.93,51.11,49.91,50.36,50.1293,9587300
2026-09-16,XLRE,43.072,43.49,42.605,42.81,42.4527,5311000
2026-09-16,SMH,549.95,553.17,540.45,545.56,545.56,5998800
2026-09-16,IGV,104.37,105.94,104.1,104.96,104.96,7604700
2026-09-16,XBI,154.37,156.04,152.5,154.18,154.18,8847200
2026-09-16,GNOM,64.15,64.9,62.76,63.58,63.58,33400
2026-09-16,ARKG,48.04,49.165,47.22,47.85,47.85,3817900
2026-09-16,KRE,73.93,74.17,71.58,72.74,72.3281,25939800
2026-09-16,XHB,98.04,98.85,95.93,96.8,96.2617,2313700
2026-09-16,XME,110.9,110.9,106.86,108.77,108.6969,2009100
2026-09-16,URA,42.08,42.38,40.71,41.37,41.37,2854800
2026-09-16,ITA,215.15,217.97,213.71,215.27,215.27,839400
2026-09-16,PAVE,53.18,53.53,52.32,52.75,52.75,1305600
2026-09-16,DRAM,56.41,56.6,54.75,55.33,55.33,24475900
2026-09-17,SPY,763.15,763.57,759.96,762.6,760.711,49652800
2026-09-17,QQQ,715.95,718.04,713.32,716.92,716.1737,37270300
2026-09-17,XLK,187.3,188.53,186.73,188.06,187.8408,7390700
2026-09-17,XLF,56.27,56.4,55.56,55.88,55.6829,29191300
2026-09-17,XLV,168.44,169.1,167.76,168.81,168.1664,5832200
2026-09-17,XLY,112.04,112.24,111.17,111.39,111.1452,4508600
2026-09-17,XLC,113.81,113.975,112.205,112.35,111.9809,4251200
2026-09-17,XLI,171.51,171.51,168.66,169.01,168.557,5851100
2026-09-17,XLP,83.51,83.72,83,83.49,82.9445,7635600
2026-09-17,XLE,63.5,64.52,63.46,64.48,64.099,35534300
2026-09-17,XLU,41.5,41.76,41.32,41.69,41.3857,20994900
2026-09-17,XLB,50.9,51.01,50.52,50.71,50.4777,9063800
2026-09-17,XLRE,43.095,43.17,42.845,42.94,42.5816,4356100
2026-09-17,SMH,560.1,561.77,557.56,560.61,560.61,6164200
2026-09-17,IGV,105.08,106.51,104.08,105.78,105.78,6139500
2026-09-17,XBI,157.31,160.33,156.94,158.25,158.25,10016100
2026-09-17,GNOM,65.16,67.16,65.16,66.92,66.92,31500
2026-09-17,ARKG,49.05,52.09,49.05,51.59,51.59,8575800
2026-09-17,KRE,73.53,73.79,72.57,72.74,72.3281,13233100
2026-09-17,XHB,99.17,99.63,96.9,97.07,96.5302,1589900
2026-09-17,XME,111.52,112.27,110.57,111.32,111.2452,1157500
2026-09-17,URA,42.41,43,42.17,42.68,42.68,3275100
2026-09-17,ITA,217.45,217.74,213.08,213.88,213.88,1047900
2026-09-17,PAVE,53.64,53.8,52.685,52.91,52.91,1208600
2026-09-17,DRAM,56.91,58.13,56.91,57.78,57.78,22850100
2026-09-18,SPY,761.31,762,757.97,761.69,761.69,65395100
2026-09-18,QQQ,718.83,721.73,715.08,721.45,720.699,48478700
2026-09-18,XLK,189.23,189.81,187.52,189.6,189.379,6996200
2026-09-18,XLF,55.66,55.98,55.46,55.86,55.663,36017900
2026-09-18,XLV,168.27,169.06,167.78,168.39,167.748,11436300
2026-09-18,XLY,111.46,111.77,110.63,111.03,110.786,5418200
2026-09-18,XLC,112.37,112.4,110.735,110.81,110.446,7159100
2026-09-18,XLI,169,169.92,168.48,169.75,169.295,8562500
2026-09-18,XLP,83.14,83.2,82.8,82.8,82.259,10629700
2026-09-18,XLE,64.2,64.75,64.1,64.31,63.93,29418800
2026-09-18,XLU,41.38,41.5,41.08,41.1,40.8,22574400
2026-09-18,XLB,50.43,50.62,49.88,49.99,49.761,10500900
2026-09-18,XLRE,42.59,42.795,42.5,42.53,42.175,6191600
2026-09-18,SMH,562.88,580.81,562.75,573,573,6296500
2026-09-18,IGV,106.4,106.4,103.48,104.35,104.35,6989200
2026-09-18,XBI,158.21,159.19,155.89,156.72,156.72,9873700
2026-09-18,GNOM,66.96,66.96,66.066,66.398,66.398,24800
2026-09-18,ARKG,51.59,52.08,50.93,51.64,51.64,6724500
2026-09-18,KRE,72.61,72.91,71.99,72.75,72.338,11631200
2026-09-18,XHB,96.38,96.98,95.8,96.39,95.854,1477800
2026-09-18,XME,111.4,111.82,108.29,108.68,108.607,1742200
2026-09-18,URA,42.76,43.1,41.54,41.65,41.65,4288700
2026-09-18,ITA,213.4,214,211.8,213.84,213.84,1267400
2026-09-18,PAVE,52.73,53,52.54,52.96,52.96,899000
2026-09-18,DRAM,58.03,59.7,57.89,59.61,59.61,31042300
2026-09-21,SPY,766.25,774.89,766.03,773.5,773.5,50484700
2026-09-21,QQQ,727.89,743.22,727.81,741.47,741.47,46730600
2026-09-21,XLK,191.79,195.09,190.97,194.85,194.85,9038700
2026-09-21,XLF,56.05,56.21,55.72,55.9,55.9,30640800
2026-09-21,XLV,167.32,169.53,166.85,169.01,169.01,7617100
2026-09-21,XLY,111.54,112.61,111.12,112.23,112.23,4977200
2026-09-21,XLC,111.62,115.51,111.61,114.75,114.75,8394100
2026-09-21,XLI,170.36,170.69,168.56,169.98,169.98,8548900
2026-09-21,XLP,82.1,82.31,81.73,81.92,81.92,8564200
2026-09-21,XLE,63.17,63.7,62.37,62.46,62.46,36482200
2026-09-21,XLU,40.77,40.93,40.58,40.66,40.66,20935300
2026-09-21,XLB,50.13,50.18,49.66,49.71,49.71,10586100
2026-09-21,XLRE,42.35,42.635,42.29,42.59,42.59,5259200
2026-09-21,SMH,581.9,598.62,578.51,596.03,596.03,9886000
2026-09-21,IGV,105.02,107.15,104.62,107.13,107.13,8777900
2026-09-21,XBI,158.49,159.57,156.58,158.23,158.23,7845500
2026-09-21,GNOM,67.43,67.95,66.995,67.604,67.604,24700
2026-09-21,ARKG,52.31,52.435,51.44,51.81,51.81,4387900
2026-09-21,KRE,72.59,72.87,71.97,71.99,71.99,10767700
2026-09-21,XHB,96.79,97.39,95.72,96.96,96.96,1792700
2026-09-21,XME,110.04,110.37,108.65,109,109,1341700
2026-09-21,URA,42.84,43.43,42.51,42.98,42.98,3737200
2026-09-21,ITA,215.07,217.07,213.76,216.14,216.14,658000
2026-09-21,PAVE,53.32,53.32,52.66,53.08,53.08,1050200
2026-09-21,DRAM,61.45,61.94,60.68,61.58,61.58,32627000
2026-09-22,SPY,774.03,775.14,772.57,773.38,773.38,34802300
2026-09-22,QQQ,740.98,748.35,740.93,747.46,747.46,40128800
2026-09-22,XLK,194.59,196.51,194.47,196.27,196.27,8730500
2026-09-22,XLF,56,56.05,54.55,54.8,54.8,69837400
2026-09-22,XLV,168.79,170.72,167.86,169.89,169.89,7124900
2026-09-22,XLY,112.98,113.29,111.98,112.33,112.33,7643400
2026-09-22,XLC,114.95,115.61,113.44,113.53,113.53,7403900
2026-09-22,XLI,170.68,170.71,169.13,170.27,170.27,7206400
2026-09-22,XLP,82.46,82.9,82.29,82.73,82.73,10294500
2026-09-22,XLE,61.63,62.67,61.42,61.78,61.78,39289100
2026-09-22,XLU,40.59,40.82,40.45,40.53,40.53,18870400
2026-09-22,XLB,50.07,50.64,49.91,50.53,50.53,10405300
2026-09-22,XLRE,42.58,42.67,42.42,42.5,42.5,4837300
2026-09-22,SMH,591.67,608.67,591.01,607.46,607.46,6631100
2026-09-22,IGV,108.29,108.44,105.81,106.75,106.75,8136900
2026-09-22,XBI,159.11,162.48,158.42,161.87,161.87,7640500
2026-09-22,GNOM,67.73,69.59,67.52,69.282,69.282,19400
2026-09-22,ARKG,51.97,53.405,51.13,52.87,52.87,3485200
2026-09-22,KRE,72.45,72.68,71.17,71.19,71.19,16647300
2026-09-22,XHB,98.77,99.67,98.3,99.41,99.41,1381700
2026-09-22,XME,109.4,112.44,108.74,111.94,111.94,1527100
2026-09-22,URA,43.45,43.91,42.77,43.74,43.74,1908700
2026-09-22,ITA,217.68,217.76,211.43,214,214,1195400
2026-09-22,PAVE,53.43,53.645,53.155,53.57,53.57,1374600
2026-09-22,DRAM,60.81,63.82,60.67,63.62,63.62,30683400
2026-09-23,SPY,772.79,773.05,766.5,767.81,767.81,54931700
2026-09-23,QQQ,746.97,747.13,738.19,741.21,741.21,33191800
2026-09-23,XLK,196.66,196.68,193.82,195.34,195.34,5852800
2026-09-23,XLF,54.5,55.08,54.46,54.54,54.54,42703400
2026-09-23,XLV,169.93,171.02,168.19,168.8,168.8,7429100
2026-09-23,XLY,111.71,112.08,110.36,110.65,110.65,6961700
2026-09-23,XLC,113.53,113.54,112.27,112.56,112.56,5629800
2026-09-23,XLI,169.71,171.13,169.58,170.1,170.1,8006400
2026-09-23,XLP,82.66,82.98,82.25,82.43,82.43,10778900
2026-09-23,XLE,62.18,62.97,62.05,62.37,62.37,36551700
2026-09-23,XLU,40.38,40.41,39.71,39.75,39.75,27874300
2026-09-23,XLB,50.25,50.54,50.04,50.28,50.28,10467000
2026-09-23,XLRE,42.1,42.425,41.81,41.84,41.84,6793300
2026-09-23,SMH,604.39,606.29,593.79,601.41,601.41,6116400
2026-09-23,IGV,107.06,108.33,106.49,108.1,108.1,6868500
2026-09-23,XBI,161.94,162.68,154.44,155.2,155.2,13318100
2026-09-23,GNOM,69.07,69.36,67.63,67.759,67.759,19300
2026-09-23,ARKG,52.53,53,50.66,50.92,50.92,5295600
2026-09-23,KRE,71.02,71.38,70.36,70.38,70.38,16429900
2026-09-23,XHB,98.25,98.74,97.03,97.09,97.09,1763800
2026-09-23,XME,110.22,110.44,108.74,109.58,109.58,1239800
2026-09-23,URA,42.82,43,41.96,41.99,41.99,1981900
2026-09-23,ITA,213.73,216.99,213.35,213.92,213.92,857300
2026-09-23,PAVE,53.32,53.745,53.14,53.39,53.39,2032100
2026-09-23,DRAM,63.22,63.44,61.54,61.9,61.9,24477700
2026-09-24,SPY,764.07,768.95,763.25,767.18,767.18,43983700
2026-09-24,QQQ,735.29,742.66,734.62,741.1,741.1,29000900
2026-09-24,XLK,193,195.2,192.61,194.71,194.71,6356900
2026-09-24,XLF,54.61,54.82,54.25,54.53,54.53,28808000
2026-09-24,XLV,168.85,171.54,168.72,169.87,169.87,8870900
2026-09-24,XLY,110.16,110.9,109.62,110.32,110.32,5000300
2026-09-24,XLC,112.515,114.08,112.515,113.99,113.99,5487800
2026-09-24,XLI,168.75,170.05,168.25,168.83,168.83,8598900
2026-09-24,XLP,82.91,83.08,81.7,81.7,81.7,10636300
2026-09-24,XLE,63.07,63.41,62.46,62.6,62.6,38168900
2026-09-24,XLU,39.88,39.89,39.36,39.36,39.36,25586500
2026-09-24,XLB,50.14,50.23,49.57,49.68,49.68,12868100
2026-09-24,XLRE,42.03,42.095,41.625,41.65,41.65,5728900
2026-09-24,SMH,591.62,602.03,588.92,600.52,600.52,5645400
2026-09-24,IGV,107.48,108.03,106.46,107.15,107.15,6430600
2026-09-24,XBI,154.83,156.82,152.56,156.05,156.05,13798500
2026-09-24,GNOM,67.33,70.465,67.33,70.249,70.249,13400
2026-09-24,ARKG,50.57,53.71,50.18,53.53,53.53,5737000
2026-09-24,KRE,70.61,71.1,70.09,70.94,70.94,16284600
2026-09-24,XHB,96.93,97.33,95.89,96.8,96.8,2110500
2026-09-24,XME,108.69,108.9,107.08,107.96,107.96,2139400
2026-09-24,URA,41.65,41.72,40.68,40.86,40.86,2287000
2026-09-24,ITA,212.77,215.07,211.83,212.76,212.76,676400
2026-09-24,PAVE,53.15,53.39,52.85,53.07,53.07,1390400
2026-09-24,DRAM,60.89,61.4,60.17,60.72,60.72,33141100
2026-09-25,SPY,768.78,772.28,766.29,771.35,771.35,36666700
2026-09-25,QQQ,742.83,745.92,739.64,744.5,744.5,30283800
2026-09-25,XLK,195.53,196.94,195.05,196.27,196.27,6000400
2026-09-25,XLF,54.63,54.89,54.31,54.84,54.84,29101300
2026-09-25,XLV,169.94,170.97,168.67,170.7,170.7,6003700
2026-09-25,XLY,110.67,110.92,109.65,110.56,110.56,6128700
2026-09-25,XLC,113.462,113.52,112.54,112.96,112.96,4991700
2026-09-25,XLI,169.53,171.03,169.03,170.43,170.43,7292700
2026-09-25,XLP,81.41,82.16,81.33,82.06,82.06,8611100
2026-09-25,XLE,61.92,62.33,61.66,62.04,62.04,37559500
2026-09-25,XLU,39.41,39.6,39.13,39.51,39.51,30294900
2026-09-25,XLB,49.78,49.96,49.45,49.8,49.8,10013700
2026-09-25,XLRE,41.78,41.795,41.33,41.56,41.56,5782200
2026-09-25,SMH,605.57,609.66,602.22,606.56,606.56,4656600
2026-09-25,IGV,107.5,107.81,105.86,106.01,106.01,7272900
2026-09-25,XBI,156.8,157.17,153.85,155.03,155.03,8234900
2026-09-25,GNOM,70.73,70.83,69.33,70.206,70.206,76500
2026-09-25,ARKG,53.98,53.98,52.265,53.36,53.36,3495700
2026-09-25,KRE,71.22,71.93,71.16,71.55,71.55,12527300
2026-09-25,XHB,97.2,98.84,96.57,98.32,98.32,1815100
2026-09-25,XME,108.02,108.93,106.92,108.33,108.33,923700
2026-09-25,URA,41.05,41.37,40.65,40.91,40.91,2077700
2026-09-25,ITA,213.29,215.13,212.16,213.81,213.81,600400
2026-09-25,PAVE,53.33,53.64,53.038,53.47,53.47,1558500
2026-09-25,DRAM,61.98,62.38,61.06,61.91,61.91,18105600
2026-09-28,SPY,768.35,769.54,763.72,765.61,765.61,42694500
2026-09-28,QQQ,740.46,741.42,731.63,736.53,736.53,41775000
2026-09-28,XLK,195.24,196.15,192.68,194.53,194.53,6957700
2026-09-28,XLF,54.67,54.73,54.14,54.19,54.19,39822200
2026-09-28,XLV,169.97,171.87,169.58,171.26,171.26,6068500
2026-09-28,XLY,109.64,109.93,108.91,109,109,6449200
2026-09-28,XLC,112.77,112.795,110.96,111.18,111.18,5299500
2026-09-28,XLI,169.36,169.94,167.94,168.78,168.78,7822800
2026-09-28,XLP,81.81,82.51,81.55,82.28,82.28,14114000
2026-09-28,XLE,62.77,62.79,61.83,62.1,62.1,35162800
2026-09-28,XLU,39.49,39.55,39.06,39.25,39.25,33073600
2026-09-28,XLB,49.3,49.74,48.94,49.47,49.47,10938400
2026-09-28,XLRE,41.62,41.715,41.215,41.35,41.35,8790000
2026-09-28,SMH,605.29,607.95,591.92,600.01,600.01,5823900
2026-09-28,IGV,103.73,106.05,103.57,105.43,105.43,8458400
2026-09-28,XBI,154.66,157.63,153.74,156.61,156.61,7140200
2026-09-28,GNOM,69.89,70.812,69.48,70.303,70.303,90500
2026-09-28,ARKG,52.77,54.06,52.57,53.35,53.35,2506800
2026-09-28,KRE,71.48,71.56,70.53,70.55,70.55,16103000
2026-09-28,XHB,97.44,98.48,96.49,97.3,97.3,1928900
2026-09-28,XME,105.97,106.9,105,105.42,105.42,1384500
2026-09-28,URA,40.47,40.64,39.92,40.13,40.13,2486600
2026-09-28,ITA,211.98,211.98,208.76,209.26,209.26,849900
2026-09-28,PAVE,53.14,53.47,52.69,53.08,53.08,1234100
2026-09-28,DRAM,60.35,60.85,58.27,59.7,59.7,27675600
2026-09-29,SPY,766.83,766.98,762.35,764.2,764.2,36910500
2026-09-29,QQQ,740.15,740.58,735.34,737.93,737.93,27052300
2026-09-29,XLK,196.04,196.16,193.95,194.5,194.5,6178000
2026-09-29,XLF,54.17,54.35,53.72,54.01,54.01,53090100
2026-09-29,XLV,170.55,171.54,168.82,170.73,170.73,8979600
2026-09-29,XLY,109.35,109.57,108.68,109.15,109.15,7693300
2026-09-29,XLC,111.46,111.52,110.6,111.47,111.47,11079300
2026-09-29,XLI,169.12,170.48,168.25,169.13,169.13,6599900
2026-09-29,XLP,81.59,81.87,81.29,81.85,81.85,14543800
2026-09-29,XLE,61.15,61.79,60.95,61.54,61.54,30944100
2026-09-29,XLU,39.16,39.8,39.03,39.71,39.71,49172600
2026-09-29,XLB,49.39,49.55,48.91,49.1,49.1,12115700
2026-09-29,XLRE,41.23,41.52,41.07,41.34,41.34,6548700
2026-09-29,SMH,609,613.27,604.99,606.9,606.9,5671500
2026-09-29,IGV,104.82,105.54,103.76,105.22,105.22,7124100
2026-09-29,XBI,156.14,157.82,154.52,156.81,156.81,8389800
2026-09-29,GNOM,69.92,71.1,69.27,70.352,70.352,18600
2026-09-29,ARKG,53.62,54.95,53.03,53.95,53.95,3583200
2026-09-29,KRE,70.66,70.98,69.45,69.83,69.83,19935800
2026-09-29,XHB,97.61,97.99,96.27,96.97,96.97,1528100
2026-09-29,XME,105.8,105.88,102.65,103.9,103.9,2299000
2026-09-29,URA,40.53,40.74,39.75,40.04,40.04,2620400
2026-09-29,ITA,209.84,211.91,208.5,209.3,209.3,846500
2026-09-29,PAVE,53.21,53.49,52.535,52.91,52.91,2994200
2026-09-29,DRAM,61.48,61.68,60.39,61.29,61.29,21343100
2026-09-30,SPY,766.45,769.41,762.18,762.63,762.63,62110000
2026-09-30,QQQ,740.19,745.1,739.46,739.77,739.77,29820400
2026-09-30,XLK,195.47,197.06,195.26,195.75,195.75,9106200
2026-09-30,XLF,53.99,54.03,53.37,53.4,53.4,55804700
2026-09-30,XLV,170.16,170.54,168.39,168.42,168.42,12134500
2026-09-30,XLY,109.26,109.7,108.61,108.84,108.84,5635000
2026-09-30,XLC,111.47,112.53,110.96,110.97,110.97,10342800
2026-09-30,XLI,169.57,169.79,166.93,166.98,166.98,7542800
2026-09-30,XLP,82.16,82.3,80.57,80.6,80.6,11463100
2026-09-30,XLE,61.82,62.1,61.41,61.5,61.5,24870000
2026-09-30,XLU,39.83,39.94,39.42,39.44,39.44,55592900
2026-09-30,XLB,49.29,49.43,48.69,48.7,48.7,11242700
2026-09-30,XLRE,41.52,41.56,40.87,40.91,40.91,7953400
2026-09-30,SMH,609.76,611.95,606.01,609,609,4423600
2026-09-30,IGV,105.61,107.43,105.24,106.48,106.48,7985600
2026-09-30,XBI,157.84,159.98,156.48,157.68,157.68,6867500
2026-09-30,GNOM,70.35,71.095,70.34,70.48,70.48,16100
2026-09-30,ARKG,54.25,55.3,54.06,54.22,54.22,3575700
2026-09-30,KRE,69.82,70.26,69.11,69.44,69.44,22328600
2026-09-30,XHB,97.68,97.82,96,96.03,96.03,1479200
2026-09-30,XME,104.69,106.59,103.52,103.56,103.56,1211600
2026-09-30,URA,40.3,41.05,39.84,39.85,39.85,2268300
2026-09-30,ITA,209.75,209.86,206.89,207.18,207.18,734600
2026-09-30,PAVE,53.01,53.05,52.44,52.5,52.5,1284100
2026-09-30,DRAM,61.04,61.35,60.06,60.36,60.36,27093300
2026-10-01,SPY,764.36,765.65,758.79,763.99,763.99,47708100
2026-10-01,QQQ,742.51,744.67,736.25,742.03,742.03,35728900
2026-10-01,XLK,196.87,198.54,195.54,197.81,197.81,10920200
2026-10-01,XLF,53.25,53.62,52.81,53.46,53.46,41547200
2026-10-01,XLV,168.15,168.6,165.83,166.2,166.2,10029700
2026-10-01,XLY,109.21,109.38,107.99,108.81,108.81,7752600
2026-10-01,XLC,111.74,111.85,109.66,109.94,109.94,6655800
2026-10-01,XLI,167.14,169.01,166.18,168.64,168.64,9334600
2026-10-01,XLP,80.57,80.66,80.15,80.33,80.33,12895900
2026-10-01,XLE,61.16,62.75,61.04,62.7,62.7,41681200
2026-10-01,XLU,39.44,39.73,39.1,39.68,39.68,61370500
2026-10-01,XLB,48.34,48.64,47.81,48.54,48.54,25569900
2026-10-01,XLRE,40.78,40.86,40.405,40.68,40.68,9514100
2026-10-01,SMH,610.88,620.91,607.25,617.81,617.81,5105000
2026-10-01,IGV,108.15,108.66,106.66,108.23,108.23,10467900
2026-10-01,XBI,156.99,159.08,154.46,154.51,154.51,11568400
2026-10-01,GNOM,70.19,70.75,68.73,68.78,68.78,45600
2026-10-01,ARKG,54.19,54.867,53.04,53.17,53.17,3875400
2026-10-01,KRE,69.06,70.01,67.97,69.95,69.95,21331200
2026-10-01,XHB,95.55,96.91,94.08,96.78,96.78,2478000
2026-10-01,XME,102.93,104.69,101.89,104.29,104.29,1412800
2026-10-01,URA,39.65,39.9,38.89,39.59,39.59,3940600
2026-10-01,ITA,207.09,208.72,206.43,208.04,208.04,912900
2026-10-01,PAVE,52.4,53.052,51.951,53.04,53.04,1334400
2026-10-01,DRAM,60.64,62.12,59.34,62.03,62.03,34079800
2026-10-02,SPY,770.58,772.65,767.15,769.64,769.64,46335300
2026-10-02,QQQ,751.31,754.54,747.53,749.58,749.58,34498900
2026-10-02,XLK,201.16,201.39,199.35,199.81,199.81,8941200
2026-10-02,XLF,53.54,53.76,53.21,53.49,53.49,30292500
2026-10-02,XLV,166.55,166.85,165.27,166.18,166.18,7148000
2026-10-02,XLY,109.89,110.64,109.61,110.04,110.04,8619400
2026-10-02,XLC,110.31,111.125,109.96,110.32,110.32,5598000
2026-10-02,XLI,170.2,171,168.81,169.95,169.95,6115800
2026-10-02,XLP,80.47,80.74,80.13,80.53,80.53,9318800
2026-10-02,XLE,61.86,62.95,61.86,62.82,62.82,29238100
2026-10-02,XLU,39.88,40.21,39.68,39.83,39.83,63663300
2026-10-02,XLB,48.83,49.36,48.8,48.86,48.86,13935700
2026-10-02,XLRE,40.96,41.295,40.752,40.81,40.81,6394600
2026-10-02,SMH,632.27,636.25,628.55,630.6,630.6,7324900
2026-10-02,IGV,109.55,110.13,108.05,108.43,108.43,6263200
2026-10-02,XBI,156.41,156.74,153.58,154.43,154.43,8747700
2026-10-02,GNOM,69.5,69.707,68.72,69.621,69.621,16800
2026-10-02,ARKG,53.89,54.78,53.1,54,54,3026000
2026-10-02,KRE,70.55,71.36,70.34,70.78,70.78,18654200
2026-10-02,XHB,98.41,99.13,96.11,96.7,96.7,2464400
2026-10-02,XME,105.66,106.86,105.36,105.74,105.74,1835300
2026-10-02,URA,40.09,40.3,39.63,39.79,39.79,1983100
2026-10-02,ITA,209.45,209.9,206.7,207.79,207.79,882500
2026-10-02,PAVE,53.63,54.05,53.44,53.88,53.88,1360600
2026-10-02,DRAM,62.45,62.51,61.11,61.78,61.78,26824200
2026-10-05,SPY,769.69,776.61,769.63,774.83,774.83,44840200
2026-10-05,QQQ,749.35,756.92,749.08,756.2,756.2,25603200
2026-10-05,XLK,200.27,201.3,199.95,200.93,200.93,6587400
2026-10-05,XLF,53.5,53.97,53.3,53.88,53.88,28810700
2026-10-05,XLV,166,167.78,165.49,167.37,167.37,7301100
2026-10-05,XLY,109.77,110.86,109.5,110.42,110.42,7061400
2026-10-05,XLC,110.22,111.735,110.22,111.61,111.61,6240400
2026-10-05,XLI,169.64,170.83,168.15,170.1,170.1,6406200
2026-10-05,XLP,80.51,81.04,80.1,81.04,81.04,9270000
2026-10-05,XLE,62.75,63.75,62.05,63.45,63.45,29430100
2026-10-05,XLU,39.87,40.21,39.58,39.97,39.97,38491800
2026-10-05,XLB,48.83,49.77,48.51,49.5,49.5,13539600
2026-10-05,XLRE,40.77,40.89,40.431,40.67,40.67,9105800
2026-10-05,SMH,631.47,634.78,626.96,633.9,633.9,3598700
2026-10-05,IGV,109.4,110.43,108.79,109.72,109.72,5467700
2026-10-05,XBI,155.56,156.73,152.56,156.19,156.19,6989500
2026-10-05,GNOM,69.94,72.44,69.8,72.3,72.3,61800
2026-10-05,ARKG,53.93,57.04,53.44,56.77,56.77,5728000
2026-10-05,KRE,70.78,71.05,69.92,70.39,70.39,9793600
2026-10-05,XHB,96.6,96.99,95.34,96.3,96.3,1607900
2026-10-05,XME,105.99,108.98,105.21,107.76,107.76,1611100
2026-10-05,URA,39.89,40.4,39.57,40.19,40.19,2722700
2026-10-05,ITA,207.49,208.1,205.63,206.98,206.98,765000
2026-10-05,PAVE,53.83,54.56,53.34,54.11,54.11,1499700
2026-10-05,DRAM,61.68,62.07,61.38,61.67,61.67,16694800
2026-10-06,SPY,778.15,781.62,777.96,779.09,779.09,36054300
2026-10-06,QQQ,760.52,762.86,759.1,759.66,759.66,26513600
2026-10-06,XLK,202.48,203.25,201.87,202,202,6124000
2026-10-06,XLF,53.97,54.3,53.88,54.01,54.01,21760200
2026-10-06,XLV,168,169.03,165.82,167.09,167.09,7339400
2026-10-06,XLY,110.85,111.78,110.65,111.72,111.72,5896700
2026-10-06,XLC,111.98,112.025,111.07,111.65,111.65,5814100
2026-10-06,XLI,170.7,172.34,170.26,171.58,171.58,5846300
2026-10-06,XLP,81.07,82.03,81.03,81.8,81.8,12023400
2026-10-06,XLE,63.02,64.06,62.93,63.75,63.75,27824500
2026-10-06,XLU,40.41,41.19,40.41,41.16,41.16,52078400
2026-10-06,XLB,49.55,49.97,49.45,49.73,49.73,12922000
2026-10-06,XLRE,40.79,41.27,40.74,41.1,41.1,7385000
2026-10-06,SMH,638.38,639.47,631.49,632.5,632.5,5064600
2026-10-06,IGV,110.75,112.34,110.64,111.16,111.16,5143900
2026-10-06,XBI,156.87,157.47,149.68,150.9,150.9,17220200
2026-10-06,GNOM,73.38,74.191,67.49,67.6,67.6,85700
2026-10-06,ARKG,57.77,58.83,51.54,51.75,51.75,14267200
2026-10-06,KRE,70.5,71,69.91,70.07,70.07,10550800
2026-10-06,XHB,96.7,97.98,96.57,97.37,97.37,1828900
2026-10-06,XME,108.86,109.05,107.14,108.24,108.24,971100
2026-10-06,URA,40.82,42.46,40.72,41.8,41.8,8723300
2026-10-06,ITA,207.14,208.89,205.8,208.26,208.26,632200
2026-10-06,PAVE,54.49,54.92,54.32,54.65,54.65,996000
2026-10-06,DRAM,60.8,61.29,59.43,59.52,59.52,24796700
2026-10-07,SPY,775.77,779.1,773.61,777.22,777.22,30989200
2026-10-07,QQQ,753.79,758.3,751.75,757.73,757.73,25467900
2026-10-07,XLK,200.28,201.56,199.63,201.39,201.39,6326200
2026-10-07,XLF,53.53,53.82,53.41,53.75,53.75,36827300
2026-10-07,XLV,167.87,170.38,167.43,168.81,168.81,8880900
2026-10-07,XLY,111.03,111.51,110.58,111.36,111.36,6704400
2026-10-07,XLC,111.32,111.665,110.475,111.26,111.26,4260200
2026-10-07,XLI,169.7,170.21,167.23,167.84,167.84,8172800
2026-10-07,XLP,82.08,82.3,81.69,81.7,81.7,9440000
2026-10-07,XLE,64.04,64.51,63.04,63.36,63.36,27139200
2026-10-07,XLU,40.99,41.33,40.82,41.15,41.15,45079400
2026-10-07,XLB,49.3,49.41,48.87,48.98,48.98,9797200
2026-10-07,XLRE,41.18,41.18,40.555,40.57,40.57,9206700
2026-10-07,SMH,621.1,625.9,618.79,625.03,625.03,7182900
2026-10-07,IGV,110.57,110.93,109.27,109.84,109.84,4580900
2026-10-07,XBI,149.37,152.4,148.63,150.23,150.23,9535900
2026-10-07,GNOM,66.71,68.18,65.68,66.85,66.85,131300
2026-10-07,ARKG,50.61,51.83,49.67,50.14,50.14,7112800
2026-10-07,KRE,69.27,69.42,68.49,68.89,68.89,20355600
2026-10-07,XHB,95.55,96.07,93.97,94.89,94.89,2228400
2026-10-07,XME,105.7,105.79,104.35,104.84,104.84,1429400
2026-10-07,URA,40.66,40.66,39.75,39.93,39.93,4041400
2026-10-07,ITA,206.49,206.49,203.12,203.6,203.6,1120200
2026-10-07,PAVE,54.11,54.11,52.92,53.29,53.29,1718800
2026-10-07,DRAM,58.15,60.33,57.74,60.01,60.01,21812500
2026-10-08,SPY,774.86,777.09,770.44,773.93,773.93,40351800
2026-10-08,QQQ,753.97,757.18,743.23,747.58,747.58,49470700
2026-10-08,XLK,199.75,201.26,196.48,197.78,197.78,9130400
2026-10-08,XLF,53.48,54.34,53.47,54.23,54.23,47641500
2026-10-08,XLV,168.23,168.51,165.19,168.16,168.16,11123100
2026-10-08,XLY,110.82,111.76,110.72,111.71,111.71,5696500
2026-10-08,XLC,111.46,112.08,111.29,112.07,112.07,6003400
2026-10-08,XLI,166.92,168.66,166.58,168.4,168.4,9140100
2026-10-08,XLP,82.09,83.64,82.02,83.42,83.42,14621500
2026-10-08,XLE,64.51,65.47,64.31,65.24,65.24,51290700
2026-10-08,XLU,41.15,41.37,40.64,41.07,41.07,28764000
2026-10-08,XLB,48.81,49.28,48.7,49.27,49.27,13687600
2026-10-08,XLRE,40.46,40.92,40.285,40.85,40.85,7898600
2026-10-08,SMH,615.7,623.13,600.32,607.27,607.27,11186100
2026-10-08,IGV,109.7,110.83,108.83,109.59,109.59,8925100
2026-10-08,XBI,149,149.69,146.01,149.29,149.29,12923400
2026-10-08,GNOM,65.67,65.83,64.688,65.83,65.83,24700
2026-10-08,ARKG,49.11,49.49,48.29,49.29,49.29,5750300
2026-10-08,KRE,68.66,69.8,68.44,69.59,69.59,18920300
2026-10-08,XHB,94.16,95.79,93.63,95.68,95.68,2449300
2026-10-08,XME,104.23,105.56,103.95,104.61,104.61,1224500
2026-10-08,URA,39.31,39.55,38.09,38.56,38.56,5290600
2026-10-08,ITA,202.38,205.16,201,204.88,204.88,1062400
2026-10-08,PAVE,53,53.43,52.65,53.25,53.25,1470700
2026-10-08,DRAM,58.85,59.11,56.46,56.93,56.93,34555400
