date,SPY,QQQ,XLK,XLF,XLV,XLY,XLC,XLI,XLP,XLE,XLU,XLB,XLRE,SMH,IGV,XBI,GNOM,ARKG,KRE,XHB,XME,URA,ITA,PAVE,DRAM
2024-10-11,566.5066,488.4168,114.0914,45.1248,148.7046,96.6616,88.3064,134.7846,77.38,43.6661,37.4268,46.1719,40.5603,254.7646,92.8026,98.2132,43.3015,24.79,55.2005,118.9389,64.152,27.8781,151.0725,41.261,
2024-10-14,571.1396,492.5154,115.5793,45.4062,149.5259,97.0845,88.7165,135.5928,77.6928,43.6473,37.8991,46.4368,40.8405,259.3202,93.3125,98.6013,43.8691,25.2,55.6381,121.2627,64.1123,28.0361,151.9521,41.5568,
2024-10-15,566.702,485.932,113.0385,45.5032,147.6996,97.296,88.9118,134.5509,78.1857,42.2405,38.0691,46.3886,41.3541,245.3061,92.4127,98.8402,43.2779,24.78,56.2469,121.3902,63.6758,28.0918,151.1714,41.3202,
2024-10-16,569.1652,485.9914,113.3895,46.0659,148.1151,97.8074,88.8532,135.5928,78.1288,42.4428,38.8247,46.7498,41.765,245.4649,91.9828,99.7758,43.8297,25.02,57.0174,122.812,64.9952,30.0619,152.8811,41.7539,
2024-10-17,569.214,486.328,113.7355,46.1921,147.2551,97.7188,88.4333,135.2033,77.7781,42.6451,38.4799,46.822,41.4942,249.6929,92.0527,98.8303,42.9626,24.33,57.512,121.9491,65.1737,30.4429,153.0887,41.7736,
2024-10-18,571.4036,489.5157,114.1408,46.2018,147.9702,98.1024,89.0876,135.6123,77.9487,42.504,38.7019,47.0098,41.7837,249.6234,92.2927,99.3578,43.2582,24.78,56.732,123.0963,66.1161,31.0934,153.0491,41.882,
2024-10-21,570.4652,490.4562,114.6747,45.8331,146.2308,97.3402,88.736,135.1351,77.2947,42.3769,38.5508,46.6486,40.9245,250.9435,92.2627,97.6857,42.4502,24.36,55.0673,119.2428,65.7392,30.8982,153.7904,41.6257,
2024-10-22,570.1622,490.9908,114.556,45.7458,146.0183,96.9468,88.863,133.4993,77.7307,42.4757,38.4138,46.2201,40.9899,249.8021,92.0927,97.8051,42.5684,24.07,55.7617,116.1247,65.3424,30.4336,148.7599,41.1526,
2024-10-23,564.9523,483.4669,112.9149,45.707,145.3322,95.4225,88.1892,133.1098,77.579,42.2546,38.7822,46.0949,41.3915,247.1422,90.773,96.2127,41.9378,23.55,55.7998,115.5854,64.1718,29.337,149.2145,40.916,
2024-10-24,566.1742,487.3872,113.2461,45.7458,144.3755,98.4318,88.4919,132.1945,77.4748,42.2499,38.5319,45.5315,41.4849,248.1843,91.7728,96.79,41.4254,23.29,56.0852,115.86,63.9238,29.5229,147.6431,40.8569,
2024-10-25,565.9787,490.3572,113.8343,45.2412,143.5831,98.7416,88.7165,131.8439,76.8303,42.2358,37.9605,45.2426,41.158,251.0626,92.1827,96.6904,41.3466,23.3,55.0769,114.2715,63.4973,29.3277,147.8704,40.6203,
2024-10-28,567.7284,490.4364,113.7998,45.804,143.7958,98.9727,89.2829,132.2334,76.9725,41.9676,38.258,45.6182,41.2887,249.3257,92.3227,98.0241,41.989,24.06,56.6559,115.4678,65.1142,29.9039,146.9612,41.1625,
2024-10-29,568.6472,495.1487,115.3321,45.5226,143.3996,98.4564,90.1227,132.0581,76.2142,41.3278,37.441,45.3245,40.9152,254.9929,93.8724,98.0938,41.7722,23.94,56.323,113.0263,65.144,29.5694,145.8049,40.9062,
2024-10-30,566.9269,491.4066,113.4982,45.7264,143.129,98.3187,90.6695,131.8342,76.091,41.4218,37.3512,45.5701,41.0646,248.7997,93.6524,97.9544,41.6895,23.995,56.8937,112.7909,64.023,29.0861,145.6171,40.9062,
2024-10-31,555.8132,479.0022,109.8552,45.0957,141.9211,96.8141,89.8786,130.3152,75.9393,41.6806,37.7385,44.9682,40.3455,239.8672,91.2429,96.571,40.913,23.14,56.0757,111.9869,63.0806,28.5565,142.7411,40.5316,
2024-11-01,558.1591,482.5462,110.6806,45.2509,142.7618,98.3876,90.2301,130.4904,75.9678,41.4171,36.8979,44.843,39.9159,242.9142,92.2427,98.8004,41.3466,24,55.7808,112.3693,63.3485,28.3985,142.8498,40.6992,
2024-11-04,556.9569,481.1405,110.5966,44.9017,141.8245,98.0483,89.9274,130.3443,76.1763,42.1417,36.4587,45.0404,40.3642,242.4378,92.2327,98.7506,41.8589,24.27,55.2956,113.5753,63.031,27.7573,143.0672,40.6598,
2024-11-05,563.6915,487.2784,112.1537,45.3189,142.8681,99.784,90.9234,132.5255,76.6597,42.424,37.0065,45.1078,40.9152,246.4474,93.8424,100.144,42.1349,24.78,56.2469,116.3012,64.152,27.8874,144.777,41.7539,
2024-11-06,577.708,500.5143,115.3469,48.0743,143.0517,102.9753,93.1597,137.7155,75.4085,44.0189,36.624,45.729,39.8225,252.8987,97.6917,101.9554,42.529,25.49,63.7902,115.1932,69.3302,28.1755,149.3924,44.573,
2024-11-07,582.1749,508.3946,117.3588,47.2981,144.0857,104.298,94.3803,136.8879,75.6834,43.8166,36.6901,45.9071,40.3175,259.0621,100.1412,102.5227,42.8049,25.39,61.4787,115.8796,69.1119,29.2906,148.5029,44.2477,
2024-11-08,584.6967,508.9887,117.2302,47.725,145.1196,105.7781,93.9213,138.3582,76.6028,44.1083,37.3937,45.4882,41.0086,257.3947,101.221,103.6872,42.4502,25.895,61.8117,116.4385,68.7151,28.8074,153.9979,44.4448,
2024-11-11,585.2539,508.6916,116.5827,48.4042,144.2692,107.9121,94.4487,139.4293,76.3374,44.3577,37.4976,45.2908,40.6537,251.6283,103.5706,103.0403,42.9232,27.11,63.7236,116.9386,68.0604,28.3613,155.4705,44.8194,
2024-11-12,583.4359,507.7709,116.731,48.2586,142.2593,106.4714,94.8783,138.2316,76.4227,44.1225,37.0679,44.5204,40.14,249.9708,104.0705,100.0345,41.6619,26,63.3526,113.8989,66.3443,28.5472,153.6817,44.159,
2024-11-13,583.7194,507.1176,116.3257,48.2877,141.8824,107.3811,94.9174,138.5237,76.6502,44.4659,37.0018,44.6263,40.4576,245.7726,104.4004,99.5369,41.7801,25.65,62.9627,114.1833,65.3027,28.0268,154.245,44.1195,
2024-11-14,579.9659,503.5933,115.9302,48.1616,139.6503,105.8568,94.81,136.1868,76.4606,44.6353,36.8743,44.2603,40.0933,246.3184,103.0307,96.5013,40.2035,24.13,62.6202,114.448,64.5785,28.2498,149.4023,43.4591,
2024-11-15,572.5374,491.5947,113.0533,48.3848,137.0606,104.952,92.9155,135.4565,75.7877,44.5694,37.4268,43.9522,40.14,238.1502,101.111,91.3956,38.0357,22.66,62.6297,113.4283,64.5289,28.1569,148.3349,43.1831,
2024-11-18,574.8832,495.01,113.4191,48.5303,137.1572,105.9207,93.8334,135.2715,76.3184,45.1622,37.7527,44.2941,40.4949,239.7282,101.101,91.525,37.9174,22.68,62.5156,113.2126,65.8681,29.6344,148.5524,43.4,
2024-11-19,576.9849,498.4156,114.3484,48.2101,136.4518,105.9994,94.4487,135.1546,76.4227,44.8752,37.9935,44.1496,40.663,242.3484,102.5008,92.7293,38.4692,23.26,62.1541,113.1537,66.4534,30.2106,149.2145,43.4296,
2024-11-20,577.1802,498.1286,114.2496,48.0646,138.0656,105.5322,95.0541,135.3007,76.0341,45.3269,38.0124,44.5107,40.5976,240.7207,103.2906,93.5653,38.7057,23.36,61.9829,114.2813,66.5724,29.7087,149.8866,43.4099,
2024-11-21,580.2787,499.9204,115.4112,48.6758,139.1768,105.7191,94.81,136.995,76.8587,45.6939,38.6736,45.0548,40.8685,244.254,104.5204,93.8539,38.7451,23.22,62.9056,115.6149,67.9314,30.7588,151.1318,44.1688,
2024-11-22,582.0772,500.7223,115.4705,49.2191,139.3024,107.2434,94.6049,138.9035,77.5696,45.7645,38.4658,45.3052,41.1767,242.7851,106.0201,95.7848,39.7305,23.83,64.4846,117.6053,68.1001,30.7774,152.7032,44.7307,
2024-11-25,584.0518,501.5143,115.4656,49.5393,140.491,108.3399,95.0932,139.7701,77.9961,44.8611,38.5366,45.7723,41.7277,241.8323,105.7702,97.1682,40.8342,25.06,65.5405,122.7237,68.3382,29.8017,151.0923,45.2925,
2024-11-26,587.1012,504.207,116.0439,49.6363,141.2447,108.7333,95.4447,139.9356,78.3184,44.8,39.1506,45.4304,41.9331,239.6091,106.1701,98.3824,41.6225,24.84,64.8366,120.3802,67.7331,29.5136,152.8811,45.1742,
2024-11-27,585.3223,500.2372,114.472,49.7334,141.9984,108.1973,95.5717,139.4196,78.4795,44.7529,39.1506,45.4064,42.2227,236.4629,104.2804,99.527,42.6867,25.43,64.6273,120.1842,67.8819,29.5415,152.0608,44.9377,
2024-11-29,588.9584,504.6327,115.5348,49.811,142.4429,109.3086,96.0892,140.2083,78.8776,44.9458,39.1647,45.6375,42.0265,240.3138,104.7404,99.1488,42.7261,25.98,64.4276,120.4979,68.1993,30.0619,153.7509,45.0757,
2024-12-02,590.014,510.1271,116.6321,49.3162,142.1917,110.2625,96.8802,139.1761,78.7828,44.4706,38.3241,45.6086,41.3915,246.0107,104.8403,98.8402,43.2779,26.69,63.8188,120.1547,67.7132,29.653,151.5766,44.9278,
2024-12-03,590.2877,511.6913,117.0523,48.9475,141.8728,110.1789,97.6614,138.2998,78.3752,44.4659,37.9935,45.4641,41.1487,246.5566,105.7502,97.2279,42.1743,25.7,63.2575,119.8998,67.9116,29.6344,151.6161,44.8095,
2024-12-04,593.9531,518.0172,119.1926,48.7631,141.7955,111.2017,97.886,138.9035,78.1572,43.3932,37.9888,45.0211,41.0366,250.735,109.8594,98.3227,42.1349,26.13,63.4573,118.1544,66.9296,29.4393,153.4247,44.7208,
2024-12-05,592.9757,516.5817,118.5896,48.9087,140.2108,112.1114,97.6614,137.2189,78.47,43.5626,38.1069,44.4289,40.9338,246.4375,108.5297,96.8696,41.2677,25.2,63.1339,116.3993,66.5824,29.6902,150.9935,44.4054,
2024-12-06,594.0997,521.205,119.0493,48.899,139.4184,114.4716,98.5598,136.8684,78.0814,42.8239,37.6346,44.2555,40.8778,246.7452,110.0294,98.671,42.2531,26.43,63.3146,116.7719,64.9158,29.5508,150.3313,44.1294,
2024-12-09,591.0403,517.146,118.2732,48.2295,139.8242,114.1077,96.4603,135.6804,77.9582,42.7533,37.1623,44.2459,40.9619,244.2243,107.7498,97.7753,42.529,26.41,62.2873,117.6053,65.4316,28.2219,147.5542,43.607,
2024-12-10,589.2027,515.3839,116.6321,48.2198,139.2445,114.2946,97.9739,135.3494,78.3278,42.4616,36.8932,43.7933,40.2988,238.0807,106.1501,96.9592,42.4738,26.52,62.2778,115.2423,64.5388,28.2126,148.0285,43.1339,
2024-12-11,593.7576,524.6105,118.3227,48.3168,137.3505,116.3008,99.5754,135.0378,77.7307,42.5322,36.6617,43.6392,40.1961,243.9067,107.7998,96.5113,41.9851,26.13,62.6012,114.9677,64.5587,28.668,147.5443,43.3409,
2024-12-12,590.6982,521.2247,117.6603,48.1034,136.2586,115.337,99.7609,134.1711,77.9582,42.1887,36.6428,43.3359,40.168,241.5445,106.83,93.7544,41.1495,25.15,61.8402,113.8793,63.0608,27.971,145.8147,42.917,
2024-12-13,590.5809,525.2144,118.1645,48.0646,136.2392,115.7943,98.5696,133.8206,77.7591,41.977,36.6665,42.9651,39.9999,247.6186,105.7502,92.9582,40.4794,24.71,61.6119,112.1536,61.5331,27.3112,146.635,42.5523,
2024-12-16,593.1028,532.7778,119.3459,47.9773,134.6159,117.3629,98.9504,133.9375,77.3516,41.0549,36.3737,42.5847,39.7945,251.3504,106.89,94.3117,40.7317,25.23,61.9163,111.075,60.6602,26.8652,147.8704,42.4537,
2024-12-17,590.6591,530.4316,118.6242,47.6377,134.5192,117.7317,98.2082,132.7106,77.2189,40.749,36.2225,42.3488,39.617,248.0851,105.9201,94.1425,40.5661,24.7,60.4609,109.7513,59.5492,26.6793,146.5591,41.8327,
2024-12-18,573.0554,511.2953,114.7983,46.2115,132.6929,112.4261,95.4056,128.9616,76.0436,39.5446,35.3677,41.145,38.0667,240.1749,101.161,89.5046,38.2722,22.9,57.3218,104.9074,57.2874,25.8337,141.7716,40.2951,
2024-12-19,572.8795,509.0183,114.9218,46.3764,131.688,112.2736,95.142,128.7961,75.5033,39.2011,35.5283,40.702,37.413,237.0782,101.551,89.3852,38.2327,22.95,56.8176,102.613,56.6228,26.066,143.0403,40.1669,
2024-12-20,579.7603,513.4633,116.6371,47.0653,133.35,112.5588,95.6595,130.3054,75.7687,39.5869,36.095,41.2076,38.0947,240.8895,103.6006,90.8482,38.9816,23.68,57.845,103.9269,56.3649,25.9917,145.0326,40.4922,
2024-12-23,583.2321,518.4659,117.8729,47.1783,134.6817,112.9002,96.1824,130.276,75.3695,39.8194,36.2179,41.1756,38.2684,248.4469,102.9007,91.4583,39.0999,23.97,58.0384,103.8866,56.7075,26.2612,145.2209,40.4922,
2024-12-24,589.7147,525.4961,119.0909,47.7337,135.2351,115.5113,97.0929,131.2938,75.8661,40.1563,36.4179,41.3983,38.5233,250.5903,104.0805,91.5479,39.297,24.18,58.4598,104.4367,56.8763,26.0939,146.5591,40.7781,
2024-12-26,589.7539,525.1391,119.1701,47.8506,135.5069,115.0827,96.9656,131.3917,76.1049,40.1231,36.3322,41.3354,38.5799,250.1516,103.8505,92.2148,39.3285,24.66,58.7376,104.3482,56.9955,26.1032,147.1439,40.8569,
2024-12-27,583.5459,518.1585,117.5857,47.4998,134.8759,113.1811,96.104,130.413,75.7324,40.1183,36.2274,41.1127,38.2684,247.6295,102.2608,90.9209,38.7649,24.43,58.0097,103.091,56.3003,26.1125,146.3212,40.3739,
2024-12-30,576.8867,511.267,116.0905,47.0419,133.216,111.3632,95.0956,129.1017,74.8443,40.1136,36.075,40.5609,38.0891,243.9011,100.9211,89.4677,38.1145,23.71,57.866,102.6392,55.8832,25.6076,144.428,39.9773,
2024-12-31,574.788,506.9239,115.125,47.0906,133.5364,110.5257,94.7823,128.9451,75.0735,40.6402,36.0417,40.7255,38.3911,241.4188,100.1012,89.6369,38.2722,23.545,57.799,102.6392,56.3599,25.5599,144.0712,39.9674,
2025-01-02,573.3756,505.9323,114.8527,46.9737,133.5752,109.0724,95.2425,128.4949,74.8443,41.1146,36.3179,40.2754,38.0324,244.0307,99.8913,91.1,38.6506,24.46,57.1573,101.6374,57.2338,26.8293,143.5855,39.8092,
2025-01-03,580.5449,514.212,116.7242,47.3439,134.8856,111.2794,95.8299,129.8846,74.8061,41.4989,36.7036,40.2657,38.5516,251.0987,101.451,91.9759,39.3048,25.68,57.9905,102.9044,56.9856,27.526,144.9137,40.363,
2025-01-06,583.8892,520.1218,118.2096,47.1978,134.9439,111.7179,96.8677,129.6008,74.023,41.3091,36.2941,40.5367,38.023,259.4228,101.6609,91.7768,39.9158,26.16,58.1151,102.816,57.8297,27.9459,143.6945,40.4916,
2025-01-07,577.2888,510.8405,115.838,47.0906,135.6136,109.5552,95.7907,129.4736,73.7651,41.7219,36.2036,40.5125,37.7398,253.252,99.1714,92.4337,40.1365,25.59,57.5691,101.4213,57.6708,26.9247,143.5656,40.0861,
2025-01-08,578.1323,510.9299,115.7983,47.2465,136.3125,109.8655,95.2229,129.9825,73.8988,41.7646,36.1941,40.7352,37.9003,251.4476,99.1814,91.8763,40.5582,25.57,57.55,102.5803,57.353,26.5716,144.7154,40.1652,
2025-01-10,569.3057,502.9179,113.2732,46.1065,135.5457,108.7866,93.8032,128.5243,72.9056,41.9354,35.9893,40.3189,36.9846,246.4133,97.1918,89.0198,39.3364,24.74,55.8452,100.557,56.7373,25.9321,143.8035,39.6213,
2025-01-13,570.1884,501.3016,112.4711,46.4378,137.3123,109.4025,93.8424,130.0314,73.0297,42.8178,35.5703,41.2192,37.4566,243.8811,96.3419,88.7113,38.9422,24.46,56.6785,102.0303,58.0482,25.8653,144.8443,40.1356,
2025-01-14,570.9729,500.8257,112.7682,47.0126,135.8951,109.1906,93.5291,131.5678,73.0489,43.2781,36.0369,41.7323,37.7776,244.6787,97.3917,86.2529,37.7992,23.61,58.6035,105.0358,58.4455,25.9607,146.7771,40.996,
2025-01-15,581.3589,512.3478,115.0111,48.2111,136.4484,111.9691,95.0662,132.3997,72.8005,43.9185,36.5655,42.1292,37.938,250.4308,99.1514,88.134,38.0869,24.43,60.0784,107.4323,59.379,26.3902,147.58,41.6389,
2025-01-16,580.2408,508.7583,114.1248,48.5326,136.992,111.3632,94.5277,134.0046,73.3449,44.2364,37.4893,42.4777,38.7876,251.5074,99.3314,87.4771,37.8662,24.25,59.5133,108.2476,59.3889,26.1134,149.0272,42.0741,
2025-01-17,586.0664,517.3453,115.9122,48.9419,136.0699,112.9249,95.3502,134.8071,73.7651,44.578,37.5416,42.7535,38.7782,257.4489,100.3012,87.5567,37.8583,24.11,60.404,108.6994,59.9153,26.7529,150.286,42.4203,
2025-01-21,591.431,520.3795,116.8777,49.3511,138.3218,113.7525,96.2117,137.5767,74.1089,44.3503,38.1178,43.3005,39.4861,261.5761,101.9309,90.0848,39.3167,25.96,61.1511,109.5539,60.7892,27.8505,155.123,43.3401,
2025-01-22,594.7558,527.0331,119.5167,49.1172,138.0112,113.3239,97.1712,137.2537,73.746,43.5437,37.294,42.952,38.797,266.3413,104.0905,90.7815,40.1247,27.12,60.4232,109.5441,60.0047,28.9672,154.2111,43.2214,
2025-01-23,598.0019,528.1535,119.7296,49.3998,139.8555,114.0087,97.4257,138.6434,74.0134,43.743,37.4702,43.1892,39.1085,266.0222,104.2705,92.5432,40.5582,27.54,60.2029,109.9173,60.392,29.5685,157.1055,43.3302,
2025-01-24,596.2562,525.1689,118.4819,49.546,140.0787,113.3141,98.3069,138.0562,74.3954,43.3208,37.8512,43.0778,39.2218,260.7188,103.8305,92.0257,40.1247,27.08,60.653,109.1905,60.2728,29.139,155.3411,43.2115,
2025-01-27,587.822,509.8788,112.6741,50.0916,143.2237,113.9594,98.816,136.2066,76.4105,42.87,36.975,43.102,39.6088,235.0785,102.1109,92.1749,39.8094,26.56,61.2947,110.4477,58.2766,25.8653,153.6561,41.5796,
2025-01-28,592.8727,517.4148,115.6795,50.0039,142.2239,114.0974,99.2957,135.3062,75.2167,42.462,36.4655,42.9617,39.1274,239.7041,104.9703,92.7423,39.9394,26.66,60.9882,108.6306,58.4852,26.3234,153.5668,41.5697,
2025-01-29,590.215,516.4431,114.7388,49.9649,141.3891,113.7722,99.7363,134.8463,75.3982,42.5569,36.5417,42.8842,38.6743,238.787,103.4606,92.1451,39.4152,26.23,60.9212,106.7939,59.3194,27.0679,152.6054,41.5993,
2025-01-30,593.3826,518.6443,114.9517,50.4424,143.0199,114.8856,99.8342,136.3534,76.1431,42.7752,37.3036,43.2908,39.1841,244.4095,102.7407,93.1006,40.2311,27.28,61.6012,108.9547,59.667,27.6024,155.8367,42.1631,
2025-01-31,590.2247,517.8907,114.2783,50.1501,142.5637,114.3782,100.2356,135.3943,75.4268,41.5796,37.0845,42.9762,39.0991,242.8643,102.8707,92.2347,40.1247,26.84,61.448,106.4698,58.8924,27.0201,155.2023,41.8268,
2025-02-03,586.2527,513.746,112.7385,49.9454,143.117,112.8658,100.451,134.0536,75.7229,41.8405,37.2845,43.0198,39.033,238.0393,102.4708,90.9905,39.3285,26.57,60.1742,103.8081,58.4256,26.7147,155.4105,41.2136,
2025-02-04,590.1855,520.0523,114.3625,49.8285,142.7287,114.1959,101.3518,134.0927,75.083,42.7182,36.9559,43.1456,39.033,240.721,104.2904,92.1351,39.3167,26.86,61.3426,104.6134,60.0146,27.5928,154.4589,41.2433,
2025-02-05,592.5785,522.4123,115.9518,50.3547,144.0974,112.9002,100.3727,134.1906,75.551,42.8084,37.3274,43.1117,39.6466,246.3734,104.9503,94.2551,40.4006,28.14,62.013,105.7332,60.5608,27.6596,155.9358,41.3719,
2025-02-06,594.638,525.1391,116.2687,50.7736,142.8064,113.3486,100.8035,134.7973,75.8948,42.0208,37.2845,43.2618,39.7599,247.5796,105.2203,92.9314,39.7345,27.37,62.7313,105.6349,60.2232,27.0679,155.6484,41.6389,
2025-02-07,589.1949,518.5155,115.2735,50.4911,142.1366,111.1316,100.5881,134.3961,75.7802,42.0161,37.2083,42.7342,39.6183,244.24,104.6004,90.8114,38.7333,26.99,61.8981,103.0223,59.8358,27.7742,155.0735,41.2532,
2025-02-10,593.1964,524.7921,116.9569,50.0916,142.0104,111.511,101.0385,135.5998,76.2481,42.9412,37.6131,42.952,39.6749,248.8457,106.3801,89.9156,37.9963,26.48,61.1798,104.2206,62.1101,27.7742,155.797,41.6587,
2025-02-11,593.6475,523.5427,117.0114,50.2183,141.7483,110.2449,101.2049,135.6487,76.9835,43.2875,37.8035,43.2037,39.892,249.0949,105.3003,88.6317,37.2868,26.16,62.1854,104.5545,61.6433,27.2969,156.0944,41.6389,
2025-02-12,591.735,523.85,116.7589,50.0429,141.5445,110.2252,101.3126,134.8071,76.9262,42.2438,37.7369,42.8939,39.5522,247.7391,104.9403,89.5473,37.7519,26.78,60.7297,103.0223,61.1766,27.6214,155.0338,41.085,
2025-02-13,597.9823,531.3861,118.4126,50.3742,142.0978,111.8805,102.4777,134.9441,77.7571,42.5617,37.8226,43.6393,39.8637,251.1385,106.65,90.3436,38.1736,27.66,60.9978,104.1027,62.1598,27.6405,153.6858,41.3323,
2025-02-14,597.9529,533.6172,118.8136,50.4716,140.5544,111.8312,103.1043,134.6114,76.9835,42.7324,37.6655,43.4893,39.7032,251.7965,106.74,90.9806,39.0605,29.42,61.1894,104.8001,60.5707,26.7529,152.199,41.4609,
2025-02-18,599.7084,534.8268,119.8979,50.8321,140.2826,111.5208,102.6245,135.6683,77.2604,43.316,38.0178,44.041,39.8448,255.4252,107.8098,90.9009,39.4743,29.47,61.7353,103.6018,61.4646,26.9152,153.3785,41.8763,
2025-02-19,601.1207,534.9756,119.9078,50.8516,142.1075,111.4568,102.742,135.8053,77.8812,43.6576,38.2178,43.5231,39.9204,256.5417,105.9201,92.0953,40.0853,29.81,61.5054,102.2562,60.6105,26.1325,153.0118,41.5993,
2025-02-20,598.6198,532.7049,119.5266,50.0721,142.9034,110.4961,102.2623,134.9148,77.5756,44.0561,38.213,43.4215,40.1941,257.0003,103.9805,92.2844,39.5847,28.56,60.3945,102.1187,60.819,26.0084,151.5745,41.1642,
2025-02-21,588.3809,521.6487,116.2885,49.4485,142.1366,107.5895,100.8622,131.9593,78.4829,43.1405,38.2226,42.6277,39.8637,249.2146,100.4312,91.2692,38.7451,26.94,58.8238,99.3096,58.2468,24.8727,148.036,40.007,
2025-02-24,585.7036,515.491,114.6249,49.6629,143.2917,107.1855,101.058,131.3623,78.7216,43.15,38.0321,42.5793,40.0431,242.6649,99.1814,89.6867,38.1539,26.49,58.3928,98.789,58.3561,24.4909,148.2738,39.6015,
2025-02-25,582.7906,508.9963,113.1395,49.6531,144.5245,106.6239,99.5601,132.0376,79.839,42.5284,37.8416,42.9084,40.4679,237.511,97.5717,88.2733,36.9912,25.14,58.4311,101.4999,57.7602,24.0328,149.1263,39.5322,
2025-02-26,583.085,510.2258,114.3724,49.546,143.4858,106.1854,99.3839,132.1159,78.311,42.2865,37.9988,42.8891,40.2696,243.0637,98.9314,87.8354,37.1685,25.63,58.5843,100.5472,57.8397,24.5386,149.8102,39.7399,
2025-02-27,573.7777,496.0562,110.2085,49.8188,142.9034,104.6533,98.4244,131.6559,78.3014,42.5142,37.1559,42.5987,40.449,228.0803,96.3119,86.6908,36.1004,24.54,58.6705,98.9265,57.1941,23.5937,150.96,39.2949,
2025-02-28,582.7319,503.8897,111.6641,50.8419,144.5633,106.3924,99.8636,133.4174,79.3424,43.1737,37.7226,42.9617,40.7322,232.048,97.4517,88.2933,36.3802,24.62,59.4463,99.5846,57.7006,23.6701,153.4281,39.7696,
2025-03-03,572.5225,492.8633,108.2676,50.4131,145.1942,104.4316,98.865,131.5189,79.7626,41.665,37.775,42.1001,41.0814,222.3182,95.6121,85.1979,35.0007,23.14,58.5939,97.2273,55.8236,22.4198,151.7034,38.6915,
2025-03-04,565.7456,491.376,108.1834,48.6398,143.845,102.5891,98.0817,128.9549,78.4064,41.2617,37.1607,41.529,40.6095,224.5313,95.4221,85.7254,34.9219,23.53,56.5444,96.4416,55.1681,22.9542,148.036,37.8607,
2025-03-05,571.8262,497.7815,109.7034,48.9224,145.2913,104.1508,99.3447,130.9904,78.7312,40.6592,36.8988,42.6132,40.987,228.6884,97.0818,87.4074,35.9073,23.98,56.2283,98.848,56.9061,23.546,151.1781,38.6817,
2025-03-06,561.6755,484.0879,106.6585,48.1137,144.8933,101.5102,97.5628,129.865,78.8744,40.7825,36.1322,42.3905,39.8637,219.0983,93.4225,86.651,35.7338,23.22,55.3185,99.673,56.0024,23.1165,148.1153,38.2168,
2025-03-07,564.8237,487.6476,108.2032,47.8603,144.903,101.323,98.1894,131.3819,79.1323,41.4799,36.8036,42.5067,40.0903,224.3918,93.4025,86.8899,36.0334,23.33,55.2514,100.0659,55.625,22.8492,148.4225,38.4146,
2025-03-10,549.7792,468.7482,103.6036,46.7885,143.3402,97.707,95.7418,129.3268,78.9604,41.7883,37.2083,41.6209,39.7032,213.8645,88.6634,85.8349,34.5671,21.99,53.0678,99.4275,53.4401,22.0571,146.8168,37.5146,
2025-03-11,545.2091,467.6277,103.1827,46.3891,141.7774,96.7512,94.3319,127.3401,77.8048,41.4562,36.8607,41.3015,39.2879,213.5555,89.5232,85.7652,34.7051,22.45,52.7805,96.9916,55.1284,22.582,147.0249,37.4157,
2025-03-12,548.1022,472.9029,104.8067,46.4573,140.3602,97.3129,94.8019,127.3303,76.1144,41.646,36.7464,41.1079,39.1463,219.836,91.3129,86.7406,35.3357,22.97,53.3934,96.2648,55.3568,22.7538,148.0161,37.5245,
2025-03-13,540.7957,464.3951,102.8163,46.2039,139.6128,94.8841,92.8536,126.0288,75.7611,41.3613,36.8369,41.0788,38.3817,218.869,88.2834,85.5661,34.4489,22.03,52.7997,93.829,55.625,22.4388,147.6196,36.9014,
2025-03-14,551.9663,475.6198,105.9257,47.2757,140.6806,96.904,94.5571,128.3286,75.933,42.5854,37.5559,41.6161,39.1274,225.8672,91.6428,86.7207,34.8312,22.75,54.3608,95.7737,57.3034,22.8111,149.9093,37.9102,
2025-03-17,556.2227,478.7036,106.6634,47.8311,142.4666,97.0567,95.2327,130.0999,77.0408,43.2638,37.7131,42.1388,39.8165,228.2498,92.8526,87.8752,35.387,23.46,54.7151,96.6282,57.7205,23.5174,152.08,38.2663,
2025-03-18,550.2108,470.5429,105.0394,47.7726,142.5346,95.3275,93.9012,129.0625,76.1622,43.335,37.4512,42.0662,39.5711,224.7208,91.4929,85.7652,34.2321,22.65,54.5619,96.088,57.9489,23.336,151.6362,38.0289,
2025-03-19,556.2031,476.8395,106.4059,48.2988,142.6122,97.1552,95.0173,130.7751,76.1622,44.0419,37.5893,42.2066,39.6183,226.7046,92.9326,87.0491,34.7642,23.1,55.2419,97.414,58.3064,24.0423,155.2601,38.5234,
2025-03-20,554.5947,475.2232,105.6484,48.367,142.6996,96.9237,94.8117,130.1195,75.7897,44.2032,37.7416,41.9404,39.5711,226.3457,92.5527,86.1832,34.1651,22.86,54.8684,97.0604,57.9092,24.2236,154.0191,38.286,
2025-03-21,554.7776,476.7899,105.9356,48.1916,142.3016,97.2734,95.5558,129.4246,75.7611,43.8948,37.4988,41.5241,39.1841,224.0728,93.0925,86.7107,34.3306,23.32,54.8396,95.6853,57.0054,23.861,153.6319,37.8311,
2025-03-24,564.7128,487.2527,107.9419,49.0414,143.3881,100.9202,96.9089,131.8247,76.2296,44.3949,37.4868,42.0868,39.7294,229.9146,95.3921,88.4078,35.1584,24.09,56.332,98.7232,58.1578,24.2332,156.9877,38.8597,
2025-03-25,566.0704,490.0332,108.299,49.3152,141.5562,101.7254,98.1363,132.0211,75.5383,44.5766,36.8874,42.0771,39.2544,228.9376,96.3519,86.6759,34.2755,23.49,56.1585,98.1516,58.5755,23.7369,158.3578,38.9091,
2025-03-26,559.3124,481.0163,105.8835,49.1685,141.0397,100.3965,97.3017,131.1474,76.7096,44.8396,37.1319,42.1549,39.4539,221.3213,94.1124,84.6852,33.3847,22.49,55.9271,97.59,57.9988,23.1833,156.0047,38.4443,
2025-03-27,557.827,478.2755,104.9064,49.0707,141.2638,100.4607,96.8696,130.4504,77.5833,44.4045,37.1223,42.1354,39.3589,217.0746,92.5027,85.1331,33.5423,22.24,55.4836,97.3338,58.0684,22.5629,155.2502,38.1377,
2025-03-28,546.5934,465.6835,102.362,48.1222,140.8253,97.3386,94.0121,127.7607,77.1993,44.1941,37.3957,41.3622,39.3399,211.5119,89.8532,84.0083,32.9117,21.55,54.3846,94.693,56.2985,22.0475,152.1327,37.1981,
2025-03-31,550.2626,465.6637,102.4116,48.7089,142.2772,97.5461,94.7093,128.6639,78.409,44.6818,37.8129,41.8145,39.7579,210.814,88.9733,80.7236,31.3351,20.76,54.8088,95.4813,55.672,21.8757,152.0036,37.3168,
2025-04-01,551.8168,469.4174,103.1605,48.6502,139.6755,98.5638,94.7682,129.3903,78.5242,44.9448,37.9088,41.9701,39.7864,211.8309,90.3031,77.7973,30.6256,20.2,54.3942,95.7769,55.5925,22.0284,153.1057,37.5739,
2025-04-02,555.3088,472.8434,103.9244,49.0512,140.611,100.4361,95.1021,130.6075,78.2938,45.007,38.0862,42.3154,39.9764,213.4259,91.5028,80.216,31.4533,20.87,55.1655,97.3732,56.1593,22.1143,153.6716,38.2069,
2025-04-03,527.9428,447.5305,96.8317,46.6358,139.4709,94.3697,90.8601,123.5397,78.745,41.4735,37.8465,40.4041,38.7794,194.9634,86.6138,77.7774,30.2709,19.74,49.4677,90.4757,51.9533,21.4367,146.7217,35.6749,
2025-04-04,497.0355,419.7348,90.4533,43.2229,131.8216,90.2991,85.6557,115.7749,75.3271,37.658,35.7412,37.8752,37.0123,180.2392,81.2848,73.3182,28.7337,19,47.4913,91.5103,48.2047,19.8714,134.341,34.0232,
2025-04-07,496.1501,420.7477,90.9939,43.1154,131.0323,89.232,85.7735,115.235,74.4535,37.4142,35.1945,37.2673,36.1193,184.3264,81.2348,72.6513,28.5366,19.2,47.5009,88.6725,49.2189,19.5755,134.8275,33.954,
2025-04-08,488.3791,413.1708,89.1439,42.9491,129.5804,87.1127,84.5756,114.2828,73.3014,36.5487,35.0507,36.1196,35.2263,179.3918,80.135,69.4761,27.4724,18.34,47.0574,85.5193,48.4632,19.3369,136.416,33.41,
2025-04-09,539.6683,462.7639,101.1121,46.186,135.2126,96.5976,92.0482,124.433,76.1432,39.3793,36.4318,39.2758,37.2498,210.176,89.4732,74.5325,30.1526,20.56,50.7403,92.1508,53.1664,21.1122,148.757,36.5552,
2025-04-10,516.0206,443.0816,96.4052,44.8951,131.4415,92.8234,88.8667,121.223,76.1816,36.8069,36.1584,38.0211,36.4613,195.6014,86.4738,71.2777,28.3789,19.36,47.6263,89.0174,51.476,20.6063,146.0267,35.3288,
2025-04-11,525.2278,451.2444,98.3792,45.6383,133.3709,93.7225,89.6228,123.363,77.1417,37.7202,36.5996,39.1494,36.9743,200.6855,87.1836,73.9851,29.7979,21.03,47.4913,89.9337,53.4945,21.618,148.0422,35.9222,
2025-04-14,530.3232,454.3031,99.2769,46.1077,134.9982,93.9942,90.2218,124.6489,78.457,37.854,37.2566,39.6211,37.7913,200.9846,87.9635,76.1848,30.5862,21.35,48.3204,90.4658,54.1806,21.7994,149.7896,36.2585,
2025-04-15,528.8379,454.8096,99.639,46.2251,134.17,93.3174,90.4476,124.0305,77.7945,37.7967,37.2518,39.3099,37.8484,202.2906,89.0733,76.1848,30.5468,21.32,49.1399,89.7662,54.0314,21.6944,149.2336,36.0805,
2025-04-16,517.0829,441.0955,96.177,45.5014,132.8057,91.0154,88.0124,122.3323,76.9593,38.1075,36.9161,39.0035,37.8293,193.7471,86.9237,74.7813,29.8767,20.8,49.1302,87.7265,54.449,21.6753,148.5882,35.6156,
2025-04-17,517.8207,441.016,95.6562,45.6188,132.0262,91.5884,88.5819,122.9998,78.601,38.9681,37.295,39.271,38.4279,191.9328,86.5738,75.5776,29.8373,20.67,49.5737,89.5199,54.4192,21.828,148.479,35.8134,
2025-04-21,505.4951,430.1024,93.1862,44.6409,129.1808,89.1431,86.5886,120.2413,77.8521,37.9497,36.4126,38.6728,37.6298,187.2474,83.8943,75.1596,30.0738,20.43,48.9181,87.5098,53.0172,21.4271,145.4112,34.9134,
2025-04-22,518.647,441.3934,95.4578,46.1175,131.6072,91.9639,88.8471,122.3421,78.9562,38.9155,37.4053,39.5774,38.3994,191.3047,86.1439,77.2797,31.0592,21.3,50.4896,90.8403,53.7232,21.6276,145.1133,35.8332,
2025-04-23,526.6836,451.4034,98.2254,46.6651,132.26,94.0189,90.2709,123.8734,78.505,38.8438,37.5635,39.626,38.4469,198.293,88.7934,78.7329,31.8475,21.77,51.6273,90.7023,55.0357,22.582,149.1641,36.4959,
2025-04-24,537.7698,464.1046,101.8908,47.1834,133.8776,95.8912,92.0777,126.6515,77.8137,39.4654,37.6211,40.4819,38.5609,208.3218,93.1825,80.5146,32.2811,22.45,52.4949,92.9687,56.8752,23.4696,151.7653,37.5739,
2025-04-25,541.6553,469.2784,103.3986,46.9585,134.5207,97.6153,92.657,126.6417,77.6121,39.3936,37.506,40.1804,38.5039,211.3125,94.7422,79.8776,31.9263,22.4,52.0129,92.2395,56.2189,23.336,153.6219,37.5344,
2025-04-28,541.8619,469.1294,103.23,47.1052,135.0567,97.6499,93.0105,127.0638,77.3529,39.671,37.7362,40.2534,38.7414,209.9966,94.8622,80.9924,31.9815,22.35,52.3214,92.3971,56.5968,23.9087,154.6048,37.5146,
2025-04-29,545.2753,472.2277,103.7111,47.5941,135.7193,98.3415,93.6881,127.8884,77.9961,39.5562,38.0287,40.5889,39.0549,209.6377,96.082,81.5,31.9263,22.28,52.7938,92.5252,56.557,23.985,155.3098,37.7223,
2025-04-30,545.4917,472.1682,104.1426,47.6821,136.8789,97.4473,93.7175,128.8111,78.5626,38.49,37.8369,40.798,39.2354,210.6246,96.052,82.5651,32.2811,21.99,52.1864,93.3135,56.03,23.861,155.7863,37.9597,
2025-05-01,549.3576,478.3351,105.6702,47.6723,133.1468,97.9858,94.1987,129.7829,77.8809,38.6334,37.9472,40.6181,39.3494,211.6415,96.9918,82.1171,31.8199,21.75,52.7649,93.7865,56.1493,24.1568,157.4146,38.4047,
2025-05-02,557.5124,485.4354,107.4359,48.66,134.9885,99.5073,95.6618,132.1094,78.3034,39.1976,38.2445,41.3038,39.8339,218.3506,99.4514,83.1125,32.3205,22.67,54.2207,95.8164,57.1934,24.6627,160.2045,39.2256,
2025-05-05,554.3153,482.5555,106.8656,48.3471,134.6084,98.4501,95.8877,132.1781,78.2361,38.49,38.1486,40.9974,39.7864,216.935,99.3514,82.2664,32.3205,21.92,54.0278,95.1759,57.1337,24.4813,160.0952,39.1465,
2025-05-06,549.6822,478.0669,105.9777,48.0733,130.8959,97.5906,95.868,131.0198,78.1017,38.4995,38.6137,40.7008,39.5109,214.9212,97.9416,76.8119,29.7191,20.34,53.4687,93.55,57.7899,25.1876,158.9833,38.7707,
2025-05-07,551.9938,479.9438,107.0391,48.3569,131.8995,98.3513,95.6913,131.6873,78.2265,38.5139,38.724,40.4771,39.4824,219.3375,98.7615,76.991,29.5102,20.82,53.5169,93.7077,57.1039,25.5503,159.162,38.8894,
2025-05-08,555.84,484.8991,108.0609,48.7578,130.7107,99.5123,95.9171,133.5033,78.1305,39.0207,38.4123,41.0169,39.2924,221.2615,100.3912,77.6778,30.2709,21.73,54.8088,95.3335,57.5414,25.4644,162.2695,39.6114,
2025-05-09,555.1318,484.5814,107.927,48.7578,129.288,99.9914,95.4261,133.6113,77.6793,39.4128,38.4795,41.1239,39.5299,222.707,99.6713,76.0355,29.5772,21.13,54.5485,94.9788,58.0684,25.9225,162.1603,39.7202,
2025-05-12,573.4775,504.3233,112.9364,49.7455,132.4842,104.9611,97.4097,137.7244,77.7945,40.4408,38.2493,42.0771,39.5679,236.6736,102.7607,79.0813,30.7833,22.07,57.0551,99.3833,58.7942,26.0466,164.4538,41.1048,
2025-05-13,577.2646,512.0096,115.3767,49.9508,128.4987,106.3493,98.3622,138.6864,76.748,41.0098,38.1965,41.868,39.0359,244.7983,104.7104,77.1901,30.3891,21.96,57.3251,99.7282,59.3013,26.5716,165.7445,41.4609,
2025-05-14,578.0023,515.0781,116.1256,49.8139,125.478,106.7593,98.8728,138.0189,76.3352,40.7611,38.0287,41.4838,38.7034,247.2207,104.7804,76.0156,29.2816,21.13,57.0647,97.2353,58.7544,26.8674,165.9232,41.3026,
2025-05-15,580.8256,515.6441,116.2844,50.1464,127.1248,106.5222,99.2656,139.5503,77.9001,40.9333,38.8391,41.9069,39.4159,246.3634,104.3804,77.22,29.6599,21.21,57.1226,97.7575,58.7445,26.7338,169.4478,41.4312,
2025-05-16,584.5046,517.8885,116.5026,50.4496,129.6875,107.53,99.9431,141.1405,78.793,40.8711,39.4098,42.3348,39.9099,245.6556,105.1403,78.6533,30.468,21.8,57.113,99.4129,59.1024,26.4475,170.7087,41.9356,
2025-05-19,585.144,518.3849,116.334,50.4789,130.9348,107.278,100.0413,141.6215,79.0234,40.3404,39.5777,42.4418,39.9954,245.2469,104.9203,79.3501,30.8227,21.74,56.8816,98.2896,59.1522,26.5429,172.059,41.8862,
2025-05-20,583.1766,516.6571,115.8975,50.2051,131.2564,106.7198,99.7958,141.1111,79.3018,39.9674,39.6927,42.3689,39.7864,244.7783,104.6704,81.0222,31.4533,21.87,56.6213,97.2254,59.2814,26.7338,172.1682,41.6488,
2025-05-21,573.3495,509.4773,113.7201,49.1783,128.2161,104.556,99.0495,138.7257,78.3801,39.2311,38.9686,41.8047,38.7319,240.721,102.1508,78.9619,30.2709,20.71,54.6159,94.1807,58.476,26.9438,169.5669,40.818,
2025-05-22,573.5759,510.4306,113.7499,49.1196,127.2125,105.0056,98.8335,138.6962,78.0537,39.0781,38.4123,41.761,38.5989,240.063,102.6907,78.8822,30.3891,20.82,54.6159,93.7569,57.8794,27.2206,168.9812,40.7191,
2025-05-23,569.6607,505.7036,112.495,48.9436,127.0079,104.062,98.3818,138.2447,78.3417,39.2024,38.8727,41.6783,38.6084,236.7035,101.9109,78.6732,30.3497,20.92,54.3749,93.3135,59.5201,30.3798,169.8251,40.7488,
2025-05-27,581.5044,517.6005,115.1684,49.8042,128.7813,107.1347,99.9824,140.6791,79.0522,39.5419,39.1652,42.4078,39.2449,244.2101,103.7805,78.932,30.5862,21.53,55.6668,95.3138,61.0811,31.4678,174.0248,41.629,
2025-05-28,578.1401,515.3065,114.6922,49.4717,128.1187,106.1517,99.9628,139.9822,78.5145,39.0398,38.6185,41.8291,39.2449,241.6082,103.0607,78.4044,30.4482,21.1,54.7606,92.8504,60.5243,31.401,174.2432,41.1543,
2025-05-29,580.4222,516.3195,114.8857,49.7259,128.9762,106.1961,99.1576,140.1098,78.8314,39.3315,38.8871,41.9847,39.6059,243.3229,102.3308,80.0866,30.8227,21.02,55.233,93.5402,59.9874,30.7902,175.0474,41.1741,
2025-05-30,579.7731,515.5051,114.5286,49.8335,129.249,105.6182,99.57,140.1982,79.5226,38.9825,39.2851,41.9895,39.6439,239.0063,103.6306,78.8225,30.6256,20.92,54.8377,92.88,59.7587,30.5516,175.9707,41.0554,
2025-06-02,583.0389,519.5767,115.5404,49.8531,129.327,105.8652,100.061,140.0214,79.5706,39.4941,39.4098,42.2376,39.7009,242.5453,103.9205,80.863,31.2168,21.64,54.4328,91.7074,61.7573,30.4179,176.9636,41.0949,
2025-06-03,586.3637,523.6381,117.2763,49.9508,129.6291,106.4283,99.7762,141.1013,79.4938,39.9626,39.5153,42.6704,39.5584,248.0183,104.9703,81.9579,31.7489,22.12,55.2908,93.3037,62.9704,31.2483,178.0656,41.6983,
2025-06-04,586.2063,525.0981,117.4499,49.6673,129.8824,106.1467,100.4145,141.1798,78.937,39.1833,38.8247,42.8309,39.6819,250.9691,104.7804,82.0972,32.084,22.61,54.6063,94.6142,63.7658,31.5728,178.85,41.7081,
2025-06-05,583.3733,521.1456,117.1176,49.5303,129.707,103.4692,100.5519,141.0816,78.1785,39.145,38.7624,42.578,39.6724,250.5205,104.6404,82.1769,31.9697,22.26,54.5677,94.5058,63.7658,31.6587,178.9492,41.7477,
2025-06-06,589.364,526.24,118.2237,50.1464,130.9445,104.8129,101.8383,142.2694,78.4282,39.8814,38.9351,42.6899,39.7864,251.946,105.9601,83.869,32.9511,23.28,55.9368,93.7372,64.0442,32.1073,180.6569,42.1631,
2025-06-09,589.8951,527.0146,118.804,49.8726,130.7204,105.6527,101.5437,142.1418,78.3225,39.9579,38.6857,42.9768,39.7674,256.1629,106.1101,83.8789,33.1088,23.79,56.2163,94.8014,64.9888,33.5771,181.3321,42.1433,
2025-06-10,593.2397,530.5004,119.4686,49.9313,132.2113,106.9174,102.8301,141.5234,78.4954,40.6703,38.7768,43.2443,40.1189,261.2571,105.8601,84.8842,33.4832,24.22,56.8141,96.6243,64.4221,32.4986,177.8472,42.2126,
2025-06-11,591.5477,528.7127,119.2057,49.8726,132.2795,106.0726,102.5944,141.5921,78.2265,41.2584,38.8008,42.8163,39.9004,261.0677,105.7702,83.9785,33.227,24.27,56.0428,95.0576,64.0045,34.2357,179.396,42.0444,
2025-06-12,593.8986,529.954,120.3118,49.8726,133.3124,105.5737,101.7597,141.2191,78.6874,41.4018,39.2707,42.9963,40.1189,262.3337,107.0199,83.9685,33.2152,23.65,55.7054,95.3828,64.5215,34.3693,178.1848,42.1137,
2025-06-13,587.2589,523.3006,118.6254,48.8556,132.6498,104.6005,100.7287,140.0312,77.7273,42.1238,39.0453,42.4953,39.7959,256.1928,106.2501,83.212,32.7146,23.47,54.211,92.8504,64.9888,34.4839,178.9294,41.5004,
2025-06-16,592.8462,530.5797,120.5449,49.413,132.2406,105.7268,102.4569,140.9933,77.9769,41.9995,38.8535,42.8552,39.8339,262.563,107.3799,82.9831,32.4781,23.92,54.4617,93.9245,65.8539,36.3355,178.0469,41.9257,
2025-06-17,587.7802,525.4059,119.6918,49.1294,130.0578,103.904,101.5535,139.9331,77.3145,42.3916,38.5322,42.437,39.6724,260.7786,106.63,81.719,32.2416,23.67,53.7868,91.7764,66.3809,35.8487,178.8618,41.5697,
2025-06-18,587.6917,525.3164,119.8356,49.1099,129.8337,103.9534,101.6026,139.5993,77.2185,42.1142,38.6329,42.3154,39.7484,261.7755,106.0701,82.2764,32.4781,24.15,54.5002,91.8946,66.3013,36.0491,177.6693,41.6092,
2025-06-20,586.3115,523.1715,119.3049,49.2468,129.2101,104.0769,100.984,139.7564,77.7849,42.5446,38.7384,42.0285,39.7389,259.4626,105.0903,81.9977,32.1628,23.8,54.9148,93.4219,65.1579,35.0947,179.319,41.5103,
2025-06-23,592.1027,528.551,120.6652,49.8669,129.3961,106.1398,102.2626,141.6489,78.6858,41.4687,39.2295,42.4967,40.3188,261.1075,106.3501,81.8952,32.2416,23.58,56.1778,96.1271,65.9046,35.8296,181.873,42.1235,
2025-06-24,598.6438,536.6336,122.8313,50.6126,130.9822,106.7289,103.5817,142.8304,78.6182,40.9288,39.3985,42.8487,40.5105,270.6977,108.0297,83.4381,33.0694,24.13,56.7117,97.0844,65.6557,36.9081,180.6208,42.6675,
2025-06-25,598.9793,538.0055,123.8796,50.4458,131.0997,105.4714,103.562,141.5701,77.5645,40.7505,38.8722,42.4381,39.5232,274.3463,107.7498,82.8906,32.9511,24.25,56.4399,95.5744,65.2475,36.1159,180.909,42.3016,
2025-06-26,603.6656,543.0359,124.7341,50.8187,131.413,106.4417,104.7629,143.1061,77.4968,41.3337,39.1957,42.9073,39.2739,276.3401,108.6896,83.2988,33.1285,24.56,57.7407,96.3245,67.0099,36.9463,183.3537,42.8851,
2025-06-27,606.6648,544.8952,124.585,50.9659,131.1291,108.214,105.9933,144.5338,77.8642,41.1168,39.273,42.9611,39.4177,277.5564,107.7598,82.6318,33.1403,24.3,57.7116,97.1733,66.0938,36.3355,186.3848,43.3115,
2025-06-30,609.5654,548.4245,125.8072,51.3878,131.9711,107.5903,106.83,145.2526,78.2702,40.8806,39.4323,42.922,39.7053,278.0149,109.4795,82.5522,33.2587,24.35,57.6533,97.2818,66.9302,37.0417,187.468,43.2123,
2025-07-01,609.3681,543.8015,124.6844,51.6724,133.851,108.0507,106.072,145.7351,79.2465,41.1939,39.5675,44.0316,39.9737,274.9843,108.2197,82.7015,33.4559,24.17,59.624,101.3184,66.8704,35.7151,183.8606,43.6486,
2025-07-02,612.1306,547.5894,126.0009,51.6331,132.5292,108.917,105.7669,145.8828,79.4785,41.9025,39.2247,44.6915,40.0504,280.3776,108.7896,84.4037,34.4423,25.17,60.6821,102.3645,69.7779,35.9919,183.5823,44.1147,
2025-07-03,616.955,552.9777,127.6603,52.1925,132.6663,109.5111,106.3476,147.1234,79.4398,41.9507,39.5193,44.6621,40.0696,282.7402,111.2491,84.8516,34.4423,25.39,61.381,101.2591,69.7679,36.1732,185.6991,44.422,
2025-07-07,612.3574,548.8123,126.6468,51.692,131.5501,108.12,105.3239,146.6114,79.3722,41.5458,39.6014,44.232,39.7628,278.8922,110.6892,83.1992,33.7716,24.35,60.75,99.8478,68.8718,36.2496,186.9016,44.0155,
2025-07-08,612.022,549.1204,127.3274,51.2308,132.1474,107.7536,105.1074,146.572,78.6375,42.6641,39.1812,44.5937,39.7053,282.6007,111.0592,84.3241,34.675,25.09,61.3034,100.4893,68.3242,35.3333,185.5997,44.1147,
2025-07-09,615.6921,553.0076,128.0925,51.4173,132.6565,108.3923,105.383,147.596,78.1252,42.4472,39.5482,44.8625,39.6861,284.5347,111.3991,87.4697,35.6258,26.07,61.2743,103.6278,68.1947,35.0565,187.7363,44.4716,
2025-07-10,617.4285,552.2122,127.6702,51.7215,133.4691,109.5903,105.0286,148.4231,78.4055,42.7702,39.8718,45.1021,39.8875,286.6281,109.1295,87.9773,35.5864,26.125,61.7111,104.6739,71.829,35.3428,187.4779,44.7096,
2025-07-11,615.258,550.9696,127.1088,51.1818,132.3627,109.62,104.3494,147.8914,78.1155,42.963,39.8138,44.7355,39.8491,286.5982,107.4599,86.6235,34.9157,25.265,61.051,103.381,72.8147,35.801,188.6009,44.5807,
2025-07-14,616.432,552.9678,127.0045,51.5645,132.2061,110.0259,105.3732,148.689,78.1832,42.4906,39.9732,44.4862,40.1175,284.435,109.0296,87.8678,34.8762,25.26,61.7402,102.6606,72.277,37.1945,192.4369,44.5807,
2025-07-15,613.7979,553.4749,128.1322,50.6813,129.8269,108.4517,104.3298,147.5764,77.4002,41.8784,39.5917,43.5721,39.5999,289.8979,108.9696,85.5186,33.7716,24.33,59.5754,99.0879,71.9684,37.3949,192.0196,44.1047,
2025-07-16,615.8499,554.0415,128.5297,51.0346,131.4424,108.6497,104.6447,148.0982,77.6708,41.5169,39.611,43.6894,40.0312,288.3827,109.7894,87.4199,34.2647,24.88,60.0996,99.6899,72.3169,38.168,193.222,44.2138,
2025-07-17,619.6188,558.5252,129.6972,51.5252,129.9444,109.021,105.0089,149.4668,78.4055,41.7724,39.7752,43.9974,39.9929,290.8051,111.2891,87.7185,34.4067,24.49,61.3228,101.0618,74.3182,38.5784,194.6432,44.9971,
2025-07-18,619.1649,557.9883,129.6128,51.5546,129.0828,109.9863,104.5266,149.1321,78.1928,41.4349,40.4416,44.1,40.1079,289.4095,111.0392,85.877,34.0675,24.92,61.4199,100.1044,74.8559,39.0652,194.8916,45.0467,
2025-07-21,620.339,560.8813,129.7817,51.4075,128.3485,110.5061,105.9244,148.3444,78.1832,41.0059,40.5719,44.3249,40.2613,289.6089,111.1892,85.4788,33.8307,25.13,61.2257,99.7294,75.7122,38.3111,193.4407,44.7592,
2025-07-22,620.4277,557.9785,128.5794,51.692,130.7374,111.625,106.1705,148.6988,78.8985,41.1987,41.0693,44.9359,40.9611,284.4848,110.8792,86.3349,34.8526,25.95,61.5072,105.3253,77.7832,38.3875,190.986,45.1756,
2025-07-23,625.7061,560.5236,129.3147,52.1041,133.4201,112.1547,106.7512,151.3671,78.9275,41.8447,40.7603,45.0874,41.0761,285.7209,111.789,87.8181,35.8231,26.55,61.5072,106.2925,78.062,39.3324,195.6667,45.7606,
2025-07-24,625.9132,561.7166,129.8611,52.0747,132.9208,110.2982,106.9284,151.1112,78.6472,42.1435,40.7072,44.623,41.0186,286.9073,112.069,87.0914,35.5864,26.03,60.3617,104.1706,76.9269,40.2391,195.6171,45.7111,
2025-07-25,628.5573,563.0685,130.1592,52.4378,133.6258,111.323,105.9342,152.6078,78.7825,41.9845,40.8134,45.1509,41.0186,286.5982,112.6689,87.2108,35.6653,26,60.119,105.1378,77.2654,39.9241,197.0382,46.4647,
2025-07-28,628.3995,564.8283,131.1975,52.0747,132.4606,111.9715,105.3633,152.1352,77.9705,42.4617,40.3788,44.4959,40.3092,290.5061,112.8588,86.1756,35.3299,25.68,60.0705,105.2069,75.8914,39.1224,196.8195,46.2663,
2025-07-29,626.7419,563.9534,131.2025,51.8098,131.6186,111.1992,104.4577,150.4022,78.4828,42.8762,40.8424,44.3249,40.9803,291.9914,112.9888,85.4489,34.9157,24.62,59.7793,104.0423,74.8459,38.4161,196.0046,45.9788,
2025-07-30,625.9527,564.7089,131.4956,51.7116,131.3837,110.4962,104.7826,149.6638,77.7868,42.264,41.1466,43.4303,40.4051,295.341,112.6989,85.8471,34.9946,24.5,59.0124,101.575,73.3325,38.2634,197.4059,45.6813,
2025-07-31,623.6047,561.7166,130.5318,51.3878,127.7023,109.62,105.7275,149.6736,77.1198,42.0375,41.3687,42.8829,39.6957,287.8842,111.6391,85.2697,34.2095,23.82,58.3037,100.5782,73.0039,37.5667,195.3786,45.3045,
2025-08-01,613.3834,550.6514,127.7149,50.436,128.3876,106.9764,104.4577,147.4385,77.4872,41.2566,41.4315,42.3892,39.5807,283.0692,108.6096,85.5385,34.0517,23.56,57.1,102.5027,72.0978,36.4786,194.5637,44.6303,
2025-08-04,622.7067,560.8118,130.3083,50.9365,130.2283,108.2338,106.4658,148.7973,77.8642,41.165,42.1655,42.9513,39.9162,289.2899,110.9592,86.4244,34.8526,24.16,57.9057,104.3285,73.4918,37.6908,196.6804,45.017,
2025-08-05,619.5496,557.0042,129.2302,50.7304,129.729,108.3725,105.6389,148.492,77.7868,41.218,41.7164,43.2544,40.0504,286.2094,110.5293,86.4543,34.5212,23.685,58.0999,105.8582,75.2542,38.5879,196.3127,45.1558,
2025-08-06,624.2952,564.0131,130.6859,50.9757,127.7806,110.625,106.0425,148.6102,78.8985,40.8372,41.3446,42.7851,39.7149,285.7309,111.789,85.7376,34.3831,23.09,57.6339,105.1378,75.0849,39.3133,196.1835,44.898,
2025-08-07,623.7723,565.9219,130.8051,50.4066,126.312,110.5903,105.5897,148.3936,79.4978,40.6782,41.7936,42.9709,39.8683,290.2169,109.5795,84.9313,34.3673,23.29,57.1291,106.4011,77.6139,38.7406,195.7363,45.1855,
2025-08-08,628.6362,571.2009,132.1117,50.8776,127.4379,110.7834,105.9441,148.5117,79.7298,40.9385,41.615,43.1859,39.5424,292.6195,109.6094,85.0408,34.3831,23.38,57.8184,106.7366,78.9482,38.1298,195.2295,45.364,
2025-08-11,627.3931,569.5107,131.2175,50.858,127.5652,111.0705,106.4855,148.0293,79.6622,40.6107,41.4846,43.0882,39.3123,292.4899,108.3497,84.772,34.4304,23.38,57.663,106.1148,78.3607,37.8244,195.0407,45.1161,
2025-08-12,634.0724,576.6689,133.2494,51.4761,128.4464,112.2487,108.523,149.5653,79.8748,40.8083,41.6633,43.6503,39.3794,299.1691,109.5395,86.524,35.113,24.08,59.7405,109.9441,80.6508,38.5688,197.0084,46.2168,
2025-08-13,636.2429,576.9572,133.2991,51.7705,130.5025,113.7883,109.3695,150.1364,79.8748,41.2807,41.755,44.4715,39.6382,300.3455,109.5195,89.1121,36.2926,25.16,60.8083,114.2175,81.1586,37.6526,195.5872,46.7125,
2025-08-14,636.302,576.5097,133.0109,52.0158,131.1585,113.6596,109.4581,148.8071,79.1595,41.2421,41.4653,44.0071,39.3602,300.9835,108.3197,89.1619,36.2452,25.08,60.7695,112.1746,80.2625,37.2517,194.7724,46.0482,
2025-08-15,634.8123,573.9747,132.0024,51.4761,133.3614,113.3874,109.7338,148.1277,79.2852,41.2421,41.3446,44.0071,39.619,294.7329,109.0895,90.2669,36.7108,25.24,59.789,111.8588,79.436,37.2326,193.868,45.6317,
2025-08-18,634.6741,573.746,132.2856,51.5154,133.0481,113.8428,109.0644,148.7087,79.1788,40.9963,41.1659,43.753,39.2452,295.9391,109.3895,89.799,36.4938,25.1,60.119,111.6614,78.7689,37.414,194.7127,45.7507,
2025-08-19,631.231,565.9616,129.9754,51.6135,133.8999,113.7883,108.4541,149.0336,79.9908,41.0108,41.5667,44.0169,39.945,289.9677,106.56,88.3954,35.9809,24.22,60.0123,113.2898,77.1061,35.276,192.0394,45.9193,
2025-08-20,629.5537,562.6013,129.0961,51.8785,134.6244,112.6646,108.1293,148.8957,80.4451,41.353,41.6101,44.0511,40.0983,288.0637,106.3101,88.8135,35.902,24.02,60.2258,110.8521,76.7676,34.7893,193.1028,45.483,
2025-08-21,627.0281,559.9966,128.6291,51.7116,134.174,111.9963,108.0112,148.364,79.7202,41.6374,41.3252,44.1831,39.9546,286.5683,105.9401,89.5103,36.0638,24.29,59.9831,109.8751,77.1559,35.486,193.7487,45.3938,
2025-08-22,636.6573,568.636,130.3729,52.5653,135.2804,115.3973,109.5664,150.7862,79.7202,42.4858,41.5474,45.0581,40.5872,292.7292,107.4399,90.5058,36.8725,25.24,62.944,115.471,79.7845,37.643,194.5935,46.4845,
2025-08-25,633.8552,566.9956,130.0797,52.2611,133.3516,115.1646,109.7436,149.2797,78.3572,42.5966,41.079,44.8088,40.3859,293.0083,106.67,88.3855,36.1782,24.73,62.6042,113.6846,80.3023,37.6908,194.1463,46.1374,
2025-08-26,636.5092,569.2722,130.6759,52.6635,134.1838,115.6943,109.2613,150.8158,77.8448,42.5291,41.1707,44.931,40.2709,295.8295,106.55,89.4904,36.3754,24.91,63.3226,113.428,80.83,38.607,198.7375,46.4448,
2025-08-27,637.9595,570.1471,131.3814,52.7714,134.1055,115.7191,109.4483,150.7961,78.0768,43.0064,41.1804,45.0434,40.4434,296.7367,107.4299,89.8786,36.4149,24.72,63.8273,113.3787,80.6807,37.8721,198.0022,46.4647,
2025-08-28,640.2188,573.7161,132.4197,52.8401,133.5768,115.9171,109.8617,151.0619,77.5838,43.3341,40.8665,45.0434,40.338,297.9529,109.0695,89.8786,36.336,24.76,63.6041,112.9049,81.2482,39.1129,198.9164,46.5341,
2025-08-29,636.4006,567.0751,130.3878,52.9775,134.5559,114.724,109.6452,149.6736,78.0865,43.5703,40.7168,45.1069,40.5585,289.3896,108.0797,89.4406,36.2374,24.72,63.5944,112.5102,81.9751,38.817,197.1873,46.1176,
2025-09-02,631.6848,562.3229,129.0712,52.5849,134.6832,113.8676,109.4581,148.2459,77.9608,43.633,40.5816,44.7697,39.8683,285.5914,107.2499,92.4568,36.5037,24.8,63.1769,111.5232,81.1884,38.7693,197.2667,45.7309,
2025-09-03,635.1082,566.7471,129.8413,52.4966,134.0468,114.328,111.289,147.4976,77.9028,42.6545,40.4802,44.4666,39.7628,285.5415,107.2999,93.2233,36.6023,24.86,63.2643,112.1351,81.1884,39.4565,195.7164,45.5227,
2025-09-04,640.4161,571.8769,130.4822,53.0461,134.5559,116.4171,112.293,149.1616,77.9512,42.9389,40.4319,44.6377,40.0312,288.9608,106.82,93.0441,36.5767,24.9,64.1962,115.6782,81.2183,38.5593,197.2867,46.2366,
2025-09-05,638.5613,572.7021,130.5915,52.0747,135.0161,116.3923,112.8935,148.6102,78.1735,42.1098,40.3064,44.9505,40.4339,292.3703,108.1197,95.035,37.4703,25.52,63.5361,117.8001,83.5681,38.8743,196.899,46.2465,
2025-09-08,640.1299,575.4957,131.5702,52.114,134.9671,116.8428,113.0214,148.945,77.8835,42.0134,39.8959,44.9896,40.1654,295.6002,109.9994,93.9998,36.7946,25.48,63.6041,118.0172,83.7175,39.6378,196.422,46.2068,
2025-09-09,641.6099,577.1262,131.8235,52.3396,135.6916,116.6795,113.6613,147.9407,78.0382,42.2158,40.1712,44.2564,40.1463,296.8862,110.4993,94.5473,36.7788,25.61,62.9537,114.5531,83.0006,40.0578,195.0109,45.5921,
2025-09-10,643.4647,577.3151,134.2132,52.163,134.458,115.2834,112.8246,149.0336,77.2745,42.9533,40.8617,44.3395,40.1271,299.8968,112.219,93.4722,35.9908,24.78,63.0216,114.2472,84.514,40.2964,197.6643,46.0085,
2025-09-11,648.812,580.6754,134.6653,53.0167,136.798,117.526,114.557,150.4515,77.9028,42.963,41.079,45.2683,40.7789,302.9872,112.3789,95.264,36.6654,26.19,63.3031,117.2178,85.6691,40.7068,198.827,46.7423,
2025-09-12,648.5949,583.2403,134.5759,52.791,135.2216,118.1349,115.5118,149.2502,77.6418,42.7075,41.2866,44.8137,40.5968,303.376,111.6491,93.6912,35.9543,25.6,63.0896,114.6419,85.2011,40.1341,198.181,46.1275,
2025-09-15,652.048,588.231,135.7881,52.6733,134.0663,119.1597,117.136,149.9395,76.7525,42.5629,41.3832,44.452,40.5489,306.2172,112.7888,93.0043,35.8132,25.93,62.478,113.9511,88.7059,43.8851,200.5661,46.3457,
2025-09-16,651.1502,587.7339,135.3161,52.5555,134.0663,119.8924,116.6635,149.4964,77.1005,43.2763,40.6299,44.3151,40.3092,306.257,112.6989,93.3129,36.476,26.55,61.8276,113.5168,87.8596,42.3389,201.3841,46.0879,
2025-09-17,650.3412,586.5609,134.8491,53.0658,134.3307,119.5904,116.9686,148.817,77.5645,43.3775,40.7313,44.4177,40.2901,304.3031,113.1988,93.3428,36.2522,26.27,62.5654,112.3621,87.3717,42.5202,200.0175,45.8499,
2025-09-18,653.3799,591.8499,137.1792,53.1148,134.595,119.0508,117.0572,150.4022,76.8878,43.2425,40.7603,44.4177,40.3188,315.9868,115.3484,96.2395,37.42,27.595,64.2351,113.0628,88.7059,43.6369,202.4614,46.5638,
2025-09-19,656.616,595.8563,138.5703,53.2326,134.4188,119.5013,117.5396,150.7666,76.7332,42.6689,41.021,44.3982,40.1175,314.7307,117.168,95.1644,37.0432,27.51,63.4293,111.543,90.0003,47.1779,202.8903,46.425,
2025-09-22,659.7225,599.3838,140.6088,53.1617,134.3844,119.112,117.1296,151.2708,75.8777,42.6198,41.4187,44.383,40.2498,321.1707,117.7679,96.8841,37.5689,27.85,62.6479,109.8312,90.6492,48.1037,203.778,46.663,
2025-09-23,656.1313,595.4025,139.395,52.9254,134.6893,117.9912,116.9617,151.3103,76.2572,43.3539,41.6326,44.2405,40.5686,320.7021,116.3782,96.3563,36.9603,27.51,62.5698,110.019,91.2074,48.0655,205.6434,46.5836,
2025-09-24,654.0437,593.3123,138.5344,52.7778,134.1483,118.8244,115.9937,150.5293,76.4227,43.9178,41.9291,43.7003,40.1533,320.1139,115.1984,97.0235,37.344,27,62.4428,109.3469,90.1907,46.3761,203.1596,46.2366,
2025-09-25,651.0263,590.7543,138.2907,52.6399,131.9255,117.1481,115.5986,149.5109,75.6927,44.3116,41.5256,43.1306,40.0567,320.0641,113.8786,95.4502,36.839,26.67,62.4038,107.8447,91.4068,46.9297,202.601,46.0085,
2025-09-26,654.7561,593.1829,138.7085,53.0239,133.273,118.8789,116.7246,150.8555,75.8777,44.7199,42.2014,43.6315,40.4527,320.8217,114.9484,97.5313,37.3539,26.91,62.6968,109.1097,91.9052,46.2043,205.1845,46.6729,
2025-09-29,656.5963,595.93,139.4497,53.2897,133.6664,119.3996,117.1,151.3202,76.0237,43.8984,42.3229,43.7985,40.53,321.6591,115.9583,98.9751,37.8115,27.27,62.0912,109.3371,93.1811,46.4907,204.9252,46.8514,
2025-09-30,659.0695,597.5623,140.2108,53.0337,136.8826,118.8442,116.9222,152.4869,76.2767,43.4317,42.3958,44.0146,40.6942,325.3476,114.9884,99.7717,38.3017,27.77,61.8275,109.5051,92.892,45.4981,208.7356,47.2282,
2025-10-01,661.3154,600.4288,141.5838,52.5612,141.112,119.5881,115.2825,152.0617,76.1599,43.4317,42.8042,43.553,40.6942,332.6549,115.0484,100.9566,39.3324,28.85,61.5052,110.2562,95.0052,46.0612,208.7256,47.2083,
2025-10-02,662.077,602.8973,142.3499,52.5218,140.8366,118.7252,115.0257,152.4572,75.8582,42.9942,42.7264,44.0588,40.4817,337.1908,115.6983,102.1514,39.9518,29.81,61.3586,110.3353,96.3609,47.9128,208.8553,47.4562,
2025-10-03,662.0672,600.3592,141.6335,52.886,142.4398,117.9614,114.9664,152.6648,75.9458,43.2226,43.2222,44.1325,40.6459,335.6356,114.8085,103.1571,40.3878,30.04,61.974,110.8096,97.248,47.3401,209.0249,47.5455,
2025-10-06,664.4415,604.868,143.0662,52.8664,141.7513,118.9731,115.0849,153.3767,75.391,43.4365,43.6403,44.0932,40.2402,342.3148,115.5983,103.197,40.5052,30.38,62.5991,108.5365,97.9159,48.8768,212.0174,47.5653,
2025-10-07,661.9781,601.683,142.1111,52.9353,141.8595,116.8902,114.6404,152.5067,76.0918,43.5046,43.8396,43.9164,40.1146,336.0045,114.3486,103.2368,40.2527,30,62.1498,105.7594,98.6535,48.8768,212.4263,47.1687,
2025-10-08,665.9255,608.5806,144.6033,52.6793,142.1349,117.2374,114.1663,153.8315,75.7122,43.2518,44.141,44.1521,39.9118,344.9965,115.6683,104.9893,41.5043,32.13,61.7689,106.5401,101.943,48.6954,214.6208,47.8628,
2025-10-09,663.9963,607.844,144.3595,52.4923,141.8201,116.6522,113.5144,151.5575,75.9555,42.6636,44.0292,43.548,39.7282,344.1392,115.6483,106.0646,41.4846,31.65,61.4856,104.1385,102.0327,49.144,210.7106,47.2381,
2025-10-10,646.05,586.7432,138.4847,51.3503,139.7743,113.4435,111.4203,148.2058,76.0139,41.4288,43.8494,42.6542,39.2936,324.3308,112.069,104.5412,40.4282,30.35,58.7898,102.5078,100.5574,49.5067,205.5237,46.0284,
2025-10-13,655.963,599.1946,141.8574,51.8425,139.617,115.9777,112.4476,149.7482,75.7609,41.9927,44.1848,43.3319,39.5157,338.6961,114.6185,104.82,40.4588,30.28,60.0791,103.1107,107.7344,52.9618,208.5959,46.6729,
2025-10-14,655.1617,595.2034,140.0367,52.4135,140.0005,116.2207,113.1884,151.5081,76.9775,41.9878,44.5786,43.7641,39.8925,332.4655,113.5687,104.6706,40.5002,30.51,61.9349,106.3523,108.5917,54.3648,210.2219,47.3075,
2025-10-15,658.0704,599.4037,141.4246,52.4135,140.2169,116.3893,113.9885,150.8753,77.1137,41.9635,45.1619,43.5677,40.472,340.7198,113.2688,107.9067,41.7903,32.27,60.5382,106.5302,107.5849,55.4624,207.1595,47.3769,
2025-10-16,653.5887,597.1841,141.5291,50.9565,139.9809,115.2636,112.7736,149.8866,76.5784,41.458,44.6709,43.2435,40.3464,342.2351,112.7789,107.4487,42.4147,32.08,56.7875,105.7989,106.2691,53.2004,205.7331,46.8613,
2025-10-17,657.2986,601.1057,141.7778,51.37,140.9153,116.2554,113.5341,150.0151,77.6004,41.7983,44.5154,43.1601,40.6072,341.7665,112.6589,107.3392,42.1277,31,57.6959,106.5006,101.933,50.8811,205.414,46.772,
2025-10-20,664.1349,608.6801,143.3596,51.9705,142.4103,117.1779,114.8182,151.7849,77.5323,42.2406,44.5008,43.6757,41.0322,346.1429,113.8687,109.699,43.9306,33.6,59.1317,107.3308,106.9569,50.9861,209.0847,47.5157,
2025-10-21,664.1249,608.5209,143.4343,51.9114,142.7447,118.6111,115.2232,153.1295,77.1721,42.1434,44.0487,43.5088,40.9067,344.2289,114.9884,109.0917,43.5914,32.66,59.2196,109.0208,99.9893,47.6265,212.8253,47.7735,
2025-10-22,660.6722,602.6584,142.0166,51.6161,143.5611,117.6837,114.2256,151.1422,77.6101,42.683,43.9466,43.3762,41.0902,337.5497,113.4887,106.8612,42.3752,30.57,59.034,106.6192,96.9789,46.7102,210.0124,46.782,
2025-10-23,664.59,607.7246,143.8074,51.7244,143.6397,118.2143,113.8403,153.0307,77.2305,43.2518,43.9126,43.8967,41.0516,343.7304,114.7685,107.1002,42.7914,31.38,58.7801,107.5877,98.4941,47.6646,215.1794,47.5256,
2025-10-24,670.0214,614.214,146.0409,52.2855,143.6299,117.8623,114.1367,153.1592,76.9775,42.8143,44.4279,43.715,41.1964,350.0508,115.9783,107.9267,43.1071,31.88,59.7959,107.5482,99.5008,49.1536,216.3165,47.9223,
2025-10-27,677.9261,625.1528,148.7371,52.5021,143.9643,119.5583,115.727,154.0292,77.104,42.9164,44.5494,43.6954,41.2834,358.8235,117.0581,111.113,43.9306,31.16,59.747,107.6668,97.4374,48.4473,218.3515,48.071,
2025-10-28,679.7266,629.9601,150.2095,52.1674,143.0594,119.5881,115.1541,152.9318,76.3351,42.4691,43.8153,43.7543,40.3658,361.9836,116.6981,111.5212,43.7334,30.45,59.5028,107.0145,97.9857,52.5132,216.9948,47.8925,
2025-10-29,680.0531,632.7968,151.289,51.2813,141.6136,118.6012,114.8676,153.3273,74.5345,42.7851,43.8007,42.8949,39.2646,367.4666,115.1984,110.4857,43.1712,29.97,58.4187,104.0298,97.8362,53.8971,216.9051,48.1503,
2025-10-30,672.5738,623.1222,149.4286,51.4192,141.9283,115.9232,112.9217,152.9417,74.4567,42.5323,43.616,42.3202,39.4868,362.6017,113.9486,111.4316,43.8517,29.79,58.4675,103.3083,96.1117,53.6299,214.7704,47.6248,
2025-10-31,674.78,626.1282,149.5728,51.557,141.8792,118.988,113.4057,153.3075,74.2425,42.8435,43.3146,42.0747,39.5061,361.8939,115.4883,112.2282,44.8134,31.13,58.6043,103.8025,96.2812,52.6086,215.2492,47.8528,
2025-11-03,676.0464,629.1241,150.1846,51.3404,142.0759,120.1038,112.2006,152.655,73.6586,42.8483,43.3389,41.8144,39.4385,364.9644,115.6783,109.3904,43.2836,30.66,58.741,102.2607,94.4271,50.1844,214.4413,47.714,
2025-11-04,668.0328,616.3541,146.22,51.6062,142.7152,118.1102,111.4302,150.8852,73.9603,42.3865,43.1834,41.6081,39.5447,351.6658,111.979,107.5781,42.0912,29.5,58.4284,102.2607,89.792,47.4642,211.2293,47.2282,
2025-11-05,670.3478,620.3652,146.7921,51.7834,143.266,119.5484,112.0327,151.4685,73.9116,42.4983,43.1931,41.8537,39.5351,358.3849,111.729,108.7431,42.5597,29.74,59.1512,102.9526,90.5495,47.7601,208.9451,47.4959,
2025-11-06,663.1555,608.8095,143.8422,51.5964,143.5414,116.7861,111.0252,150.8654,73.5807,42.9115,43.0035,41.6474,39.3419,350.0009,109.2895,108.8228,42.2519,28.36,58.7605,103.3083,90.8087,44.9922,207.0498,47.2579,
2025-11-07,663.8083,606.8885,143.3448,51.9606,143.7381,116.9696,110.7388,151.5971,74.661,43.5289,43.6014,42.1483,39.8635,347.0402,109.4595,108.4942,42.0044,28.03,59.5908,104.3263,93.2608,45.6412,208.5161,47.3571,
2025-11-10,674.1667,620.3154,147.0109,52.1477,144.8593,118.507,111.8944,152.4572,74.3885,43.9227,43.5868,42.5462,39.8345,357.6771,111.759,109.6194,42.4768,28.51,59.9033,104.5042,94.9355,46.672,210.4413,47.7239,
2025-11-11,675.71,618.6632,145.7574,52.384,148.2035,118.7996,112.8032,152.4968,75.3618,44.4963,43.6112,42.9882,40.2788,349.9611,111.0092,113.5226,43.4967,28.81,60.0205,104.9094,93.6795,45.2785,209.9825,47.5157,
2025-11-12,676.0859,618.1755,146.2101,52.8368,150.3083,118.0011,112.1513,152.6451,75.2548,43.8741,43.7132,43.2927,39.9601,354.4272,109.8294,113.6222,43.4641,28.3,60.0987,104.7612,96.0718,45.4694,209.1146,47.7735,
2025-11-13,664.8669,605.5548,142.5638,52.1575,150.2296,115.0553,110.561,150.2821,75.2548,43.9859,43.1104,43.0078,39.4385,343.7504,106.82,111.4316,42.5587,27.04,59.3759,102.9032,92.1145,43.2742,204.5262,46.7125,
2025-11-14,664.7582,606.0126,143.3398,51.6358,149.3346,114.5048,109.9683,150.292,75.1964,44.7345,43.1493,42.6149,39.5544,343.9099,107.4199,113.5226,42.609,26.89,59.5028,102.1125,91.5463,42.7111,205.4239,46.5936,
2025-11-17,658.5649,600.8369,141.0963,50.6513,149.2067,113.4286,109.8201,148.8188,74.7194,43.9178,43.5382,41.9666,39.2936,339.2444,105.4702,114.3391,42.5843,26.87,57.2661,99.2859,89.8318,41.728,203.2993,45.8895,
2025-11-18,653.0347,593.5213,138.803,50.5725,150.0821,111.3358,110.4424,148.1564,75.0406,44.2678,43.3729,42.001,39.4385,332.2562,104.3904,114.6876,42.4591,26.85,57.7838,98.94,90.39,41.7376,202.2519,45.7706,
2025-11-19,655.5575,597.0647,139.7681,50.7596,149.8264,111.3408,109.83,148.6507,74.4664,43.6942,43.0083,42.109,39.1294,338.3871,103.8705,114.0105,41.958,27.26,58.3991,98.6534,91.038,43.0833,202.621,45.9094,
2025-11-20,645.5652,582.9311,135.3806,50.3166,148.9313,109.6794,108.6249,146.1592,75.0017,43.1983,42.7896,41.4804,38.9942,324.0916,100.7811,113.3434,41.6187,27.21,58.2038,98.3174,87.1604,40.1914,198.2719,45.126,
2025-11-21,651.9959,587.3105,135.9029,50.8679,152.0689,111.8318,110.5313,147.9389,75.8193,43.4706,42.8528,42.4086,39.5061,325.1184,100.9011,116.1513,43.0331,29.02,60.1768,102.9229,88.3964,39.6951,197.7332,46.0581,
2025-11-24,661.5922,602.3299,139.1413,51.0844,152.7082,113.3245,111.6277,148.3047,74.9433,43.349,43.3389,42.4921,39.564,338.0681,102.2108,119.0688,44.3183,30.39,60.2256,102.241,91.1277,41.3176,200.1871,46.5836,
2025-11-25,667.8151,606.0425,139.5144,51.7244,156.1605,115.7496,112.902,150.203,75.975,43.0768,43.1736,43.1257,39.8828,338.9553,103.1707,120.8512,45.1734,31.14,61.9349,106.55,92.593,41.9094,201.8928,47.5752,
2025-11-26,672.4255,611.3973,141.1659,52.128,155.8163,116.5431,113.06,151.073,76.8023,43.4025,43.7473,43.6561,40.0567,346.6314,102.9507,122.3248,45.6646,30.86,61.7005,107.904,95.0351,42.7493,203.1895,47.8925,
2025-11-28,676.0958,616.3541,142.3797,52.5021,155.0589,117.2671,113.9786,151.953,77.25,43.9713,44.0584,43.9066,40.2498,351.1873,104.0705,122.6335,45.7474,31.19,61.5247,107.6075,96.7795,43.217,204.586,48.1305,
2025-12-01,673.0092,614.2838,142.4444,52.0689,152.7377,117.3366,113.4452,149.7284,77.1721,44.3942,43.0278,43.7985,39.6896,351.8651,104.0505,119.3377,44.6221,29.85,62.1986,107.311,95.5036,42.1862,198.7407,47.5554,
2025-12-02,674.2557,619.0911,143.9118,52.0197,151.823,117.2572,113.8206,151.0335,76.666,43.8206,42.7215,43.4007,39.593,358.3151,105.2003,117.9536,44.5155,29.74,61.8568,106.9849,96.2911,43.1979,200.8055,47.5355,
2025-12-03,676.5905,620.6041,144.2551,52.7187,152.5311,118.5218,113.7218,152.4671,76.7244,44.6422,42.5854,43.7052,39.6703,363.2397,106.66,121.3092,45.9053,30.83,63.1461,108.3092,99.3513,44.4959,201.1147,48.1106,
2025-12-04,677.0851,620.0268,144.7923,52.827,151.3705,118.1003,114.3737,153.2581,76.3546,44.8318,42.4979,43.4498,39.6027,360.4783,107.9298,122.7231,46.3284,31.9,63.361,106.4116,100.4777,46.9584,204.1571,48.3288,
2025-12-05,678.3713,622.5549,145.8519,52.8467,150.7411,118.7549,115.6973,152.8329,76.3643,44.647,42.0993,43.3074,39.593,363.2896,109.4395,122.8824,46.2376,30.93,63.2145,106.1547,99.4211,45.7367,201.9028,48.0611,
2025-12-08,676.3333,621.3605,146.8766,52.6498,148.9411,117.0291,114.838,152.6451,75.7317,44.1609,41.5354,42.7082,39.3515,367.4068,109.3795,123.1314,46.9695,31.17,63.4293,104.5042,97.886,45.6317,203.8379,48.0214,
2025-12-09,675.7495,622.1269,147.2646,52.4529,147.4953,117.0192,114.9664,151.5278,75.9069,44.4331,41.5645,42.6198,39.1197,367.8554,109.9294,120.6719,46.498,30.86,63.3024,103.4763,99.1519,45.9371,202.1222,47.6446,
2025-12-10,680.2313,624.675,147.971,53.0534,149.6395,118.7351,115.6381,154.2962,76.1307,44.8998,41.5451,43.4547,39.197,372.9396,110.0594,121.5283,46.7643,31.17,65.4903,106.639,99.8298,45.5172,203.9277,48.5965,
2025-12-11,681.8141,622.6545,147.2149,54.0182,151.0558,119.2013,115.3813,155.9473,76.6952,44.6859,41.8465,44.3191,39.4095,369.7395,109.7594,122.4941,46.5276,30.85,65.8321,107.7459,104.5446,46.7675,207.7481,49.3303,
2025-12-12,674.4832,610.7504,142.9567,54.0969,151.5279,119.717,115.1245,154.9685,77.2987,44.2484,41.6423,44.3486,39.3612,353.0215,107.9498,122.6036,46.1775,30.2,65.5196,106.6192,101.8134,43.9519,208.8852,48.656,
2025-12-15,673.4642,607.6848,141.5738,54.1363,153.5344,120.7386,115.1442,155.2157,77.5128,43.9373,42.0215,44.3191,39.5157,351.8053,105.3702,122.3149,46.141,29.86,65.6954,106.3326,100.5275,42.5966,209.1146,48.6163,
2025-12-16,671.6241,608.8891,141.8325,53.7918,151.5378,120.937,115.2232,154.2962,77.1624,42.5955,41.8465,44.2012,39.168,350.8483,106.2901,121.4884,45.6005,29.58,65.4414,105.4135,100.5873,42.253,207.4289,48.3486,
2025-12-17,664.2338,597.6021,138.6787,53.7819,151.2623,119.5385,114.3935,151.7948,77.5225,43.5386,41.5742,44.3879,39.3419,338.1877,104.6804,120.423,45.0008,29.08,65.7247,104.3757,100.707,40.7641,204.2868,47.476,
2025-12-18,669.2496,606.2614,140.8177,53.6933,151.3804,121.3437,115.0454,152.7835,77.0748,42.9067,41.9826,44.3682,39.1004,346.1729,106.1601,119.497,45.1379,28.99,65.9102,105.0972,102.0028,41.9571,207.7281,47.8925,
2025-12-19,675.3154,614.1642,143.8621,53.9887,152.3934,120.8577,115.0948,154.0985,76.6758,42.9067,41.4479,44.5647,38.9555,355.125,107.7398,122.9024,46.4556,29.61,65.6758,103.842,104.8337,43.7992,213.374,48.1503,
2025-12-22,679.5225,617.1083,144.6383,54.6515,153.398,121.5841,115.6062,155.8068,76.4079,43.3508,41.6016,45.0909,39.2445,359.7,108.9296,125.7865,47.3236,30.62,65.9982,103.5153,106.9485,44.076,218.8103,48.6312,
2025-12-23,682.6282,619.9984,145.4254,54.7602,153.0918,121.4152,116.3296,155.7473,76.0449,43.6352,41.7486,45.1699,39.2348,363.16,108.0497,124.7675,46.8255,30.14,65.5264,103.0698,107.7969,44.4386,219.1395,48.7353,
2025-12-24,685.0295,621.8123,145.7742,55.0566,153.8919,121.8326,117.0232,156.2533,76.6434,43.5077,41.9347,45.2588,39.4887,364.17,108.2097,126.1761,46.9942,30.18,65.5854,103.743,107.6571,44.4386,219.6482,48.8147,
2025-12-26,684.96,621.7725,146.0034,54.9479,154.1388,121.2959,116.9043,155.9656,76.7513,43.341,41.9053,45.5253,39.5668,365.86,108.0797,124.8574,46.5582,29.67,65.379,103.941,107.6272,43.7896,217.5235,48.8444,
2025-12-29,682.519,618.7626,145.3457,54.6515,153.9017,120.1033,116.825,155.6282,76.8004,43.7529,41.9837,45.16,39.6742,364.21,107.3699,123.269,46.0315,29.22,64.809,103.5054,105.3018,43.656,216.4562,48.5569,
2025-12-30,681.6856,617.3275,144.8874,54.5132,153.7733,119.6164,117.2214,155.1818,76.6728,44.0863,42.0816,45.1502,39.7621,363.31,106.9699,121.5507,45.563,29,64.3175,103.0104,104.5233,42.81,215.7979,48.2354,
2025-12-31,676.635,612.2249,143.4526,54.1082,152.9041,118.6722,116.6566,153.8921,76.2117,43.8411,41.8171,44.775,39.4008,360.13,105.6702,121.8104,45.4091,28.97,63.6983,101.9313,103.4055,42.73,214.152,47.7063,
2026-01-02,677.8753,611.0389,143.7814,54.2663,153.6054,117.6188,115.844,156.7295,76.2215,44.7629,42.2971,45.5352,39.4301,373.3,102.6008,121.4008,45.6189,29.18,64.121,103.5054,107.3178,46.06,221.4536,48.7645,
2026-01-05,682.39,615.8924,144.1002,55.4518,153.1412,119.5567,116.6863,158.5847,75.8879,45.9788,41.8269,45.9894,39.4789,377.59,103.6106,120.0322,45.8517,29.98,65.4183,104.1786,110.8408,48.63,225.9124,49.3535,
2026-01-06,686.4484,621.304,146.1229,55.7185,156.1538,120.322,116.2701,160.7375,76.0057,44.7531,42.0326,46.8977,39.7425,387.62,104.9003,121.9703,47.7807,31.5,66.0768,104.8122,114.793,49.37,229.6331,49.8825,
2026-01-07,684.2357,621.902,146.0034,54.938,157.7046,120.153,116.0323,157.7116,75.1717,44.253,41.0139,46.0881,39.1957,385.02,106.2201,126.306,48.6298,32.09,65.6051,102.7233,113.9447,49.83,225.8426,48.8843,
2026-01-08,684.1662,618.364,143.7216,55.2245,156.1834,122.1606,116.4188,158.9021,76.9573,45.6454,41.1315,46.8977,39.4887,378.98,104.4204,123.5887,47.451,30.91,66.9123,106.5547,113.805,49.51,226.86,49.2836,
2026-01-09,688.6909,624.5231,145.6247,55.0566,155.3834,123.6413,116.8449,160.6482,77.752,45.763,41.6408,47.6481,39.5473,389.22,104.9803,124.3779,47.3152,30.55,66.3225,112.069,116.6693,50.31,232.3862,50.0422,
2026-01-12,689.7724,625.0413,146.2624,54.6219,155.4525,123.7507,116.4881,161.8784,78.6644,45.4395,41.7094,47.9048,39.6644,390.66,105.3303,123.8085,47.3212,31.8,65.5363,112.4947,120.2622,51.76,235.9572,50.3916,
2026-01-13,688.3932,624.1144,145.9535,53.5747,154.8204,123.4426,115.8341,162.7117,79.5769,46.0866,41.9739,48.1121,39.9671,391.53,103.3306,123.7285,47.7537,31.96,65.1038,113.7322,119.5237,50.77,236.9447,50.6512,
2026-01-14,685.0096,617.4471,144.1799,53.4957,155.9266,121.4947,115.5863,162.9697,80.6757,47.126,42.2873,48.1319,40.4163,388.35,101.0511,126.6956,48.3231,32.53,65.8311,112.7521,122.7174,52.59,238.5607,50.6013,
2026-01-15,686.8751,619.6696,144.9372,53.713,155.0377,121.9419,115.1602,164.4677,80.813,46.6848,42.7183,48.3392,40.719,396.41,99.7613,124.2281,47.7987,32.06,67.0695,114.2965,123.4659,52.78,240.6055,51.32,
2026-01-16,686.2995,619.1514,145.0966,53.7822,153.8326,121.5444,114.1296,165.5789,80.558,46.7632,42.5028,48.0627,41.217,400.39,98.2916,124.0582,47.7607,31.82,66.6862,113.4154,123.895,54.4,243.1591,51.4797,
2026-01-20,672.3286,605.9962,141.3302,52.5572,153.4968,118.384,112.445,162.2355,80.8032,46.675,42.0816,47.579,40.4261,390.39,95.912,125.1671,48.3501,31.61,65.8115,110.7721,125.5418,54.12,237.3038,50.4316,
2026-01-21,680.0881,614.1882,143.2931,52.814,156.3217,120.6499,113.5945,165.0431,80.8817,47.8026,42.1404,48.6157,40.5726,401.93,95.3821,128.0543,49.7087,32.4,68.8779,113.6926,127.5578,56.15,239.6679,51.5596,
2026-01-22,683.6403,618.653,144.3593,53.1598,156.3514,121.8624,115.1999,164.1899,80.7149,47.9595,41.8367,48.8921,40.1722,402.82,96.9218,131.441,50.5359,34.24,68.7305,112.465,130.4321,56.56,235.229,51.5795,
2026-01-23,683.8883,620.6064,144.5685,52.4287,155.5513,122.3693,115.9034,162.9201,81.3428,48.2341,41.6898,49.3364,40.2796,400.09,97.6917,127.9144,49.45,32.63,66.4503,110.5741,131.1806,57,234.4809,51.0105,
2026-01-26,687.3612,623.3371,145.555,52.7646,156.1637,121.5643,116.7061,163.0788,81.2153,48.2635,41.9935,49.3956,40.2503,398.82,98.7915,127.7346,49.2582,32.48,66.7648,110.287,125.921,54.93,232.7952,51.0305,
2026-01-27,690.0998,628.9879,147.5179,52.3596,153.5461,121.932,115.844,163.7534,81.5881,48.7047,42.542,49.3463,40.2796,407.25,97.7417,128.4039,49.1253,32.42,67.0892,108.9802,128.0867,57.85,236.4261,51.0804,
2026-01-28,690.0303,631.0707,148.6936,52.3497,152.4201,121.0177,115.6953,162.8407,80.764,49.0774,42.4441,49.3166,39.889,416.63,97.0418,125.8165,48.0704,31.48,66.6174,108.5446,128.466,61.81,233.1044,50.8109,
2026-01-29,688.6611,627.2936,146.3421,52.9029,151.9361,120.4412,118.7079,164.5471,80.5776,49.5284,42.4441,49.366,40.3968,417.52,92.2527,126.6157,48.3861,31.35,67.846,109.3069,126.5198,59.33,232.1967,51.1104,
2026-01-30,686.6071,619.7592,143.3629,52.7943,152.8448,120.4214,118.9953,164.1304,81.9315,50.0579,42.3657,48.6453,40.4554,403.46,90.2931,124.6277,47.6388,30.43,67.6297,107.317,118.4857,54.99,231.7977,50.6612,
2026-02-02,690.0205,624.0148,144.7379,53.3771,153.7832,121.2164,118.589,166.2039,82.9028,49.0774,41.7486,49.0205,39.9964,407.97,89.5032,127.2251,47.8776,30.62,68.8386,108.0199,118.3859,53.27,230.5807,51.35,
2026-02-03,684.186,614.4274,141.5693,52.8832,152.2127,120.2425,116.6764,167.6027,84.2469,50.6659,42.3559,50.0571,39.85,397.68,85.374,127.5248,47.46,30.32,70.018,110.4553,124.3342,56.28,233.9024,52.2983,
2026-02-04,680.8719,603.6939,137.6236,53.308,154.119,119.358,115.7449,168.0491,85.3457,51.8033,42.1992,51.232,40.4847,382.02,83.8243,125.1671,46.7428,29.18,71.109,114.1975,121.4,52.39,227.4286,52.9272,
2026-02-05,672.3683,595.0036,135.1425,52.6461,152.9436,116.784,115.1602,167.0372,85.277,51.1954,42.2188,49.8597,40.2601,381.07,79.6551,120.6016,45.0565,27.49,71.0599,114.1579,115.4318,49.11,225.6132,52.7475,
2026-02-06,685.2676,607.5807,140.6228,53.6044,155.7785,117.261,114.7143,171.8091,86.2778,52.2152,42.4636,50.8569,41.0022,401.65,82.4445,125.3869,46.0825,28.79,72.3671,116.0983,122.2583,52.16,233.3438,54.5943,
2026-02-09,688.5718,612.2349,142.8348,53.2882,154.4055,116.8237,115.8242,172.325,85.7774,52.5976,42.591,51.5184,41.2561,406.65,85.0441,125.9863,46.1474,29.08,72.1607,115.8805,125.2224,54.9,234.2515,54.7939,
2026-02-10,686.7559,609.3945,142.0377,52.9029,153.4276,117.5989,116.5178,172.5334,85.5027,52.5388,43.2963,52.2391,41.8322,404.76,85.394,125.2171,46.2912,29.13,71.394,119.1476,122.8571,53.5,232.6256,55.1633,
2026-02-11,686.5972,611.029,142.4561,52.1027,154.3363,117.0324,115.6854,173.456,86.7291,53.9115,43.6783,52.9401,41.7932,414.78,83.2144,124.5278,46.1114,28.74,70.5783,119.3951,123.4958,53.71,230.3713,55.5426,
2026-02-12,675.9901,598.6013,138.7097,51.0654,154.0894,115.4125,113.6044,171.3826,87.5238,52.931,44.3248,52.1601,41.8615,406.11,80.9448,123.0592,45.3642,27.85,69.4873,117.92,116.4497,51.75,231.9473,54.5344,
2026-02-13,676.4663,599.877,139.0584,51.0259,155.739,115.4622,113.5449,172.7913,87.8181,53.2938,45.5492,52.634,42.4767,407.72,82.7545,122.7395,45.7638,28.36,70.0574,120.1475,117.5975,51.91,234.2814,55.0235,
2026-02-17,677.5578,599.259,138.9787,51.5692,155.4426,115.3231,113.3666,173.6941,86.5329,52.7054,45.4317,52.0318,42.9063,407.51,80.9448,124.5078,46.2693,28.93,70.3031,118.9397,114.8829,51.32,237.5732,54.6841,
2026-02-18,680.9711,603.7339,140.4036,51.9545,155.739,116.297,113.5548,173.6544,86.3759,53.7154,44.6774,52.3477,42.3302,412.55,81.9846,125.4768,46.9006,29.66,70.1556,118.3952,116.8589,52.99,239.7178,54.6941,
2026-02-19,679.1751,601.4216,139.7061,51.5199,155.334,115.5218,114.0999,174.9441,86.0129,54.1077,45.1672,52.1601,42.1837,410.2,81.7647,126.6157,47.2063,29.87,69.7723,116.6725,117.0086,53.92,242.8798,55.1932,
2026-02-20,684.0869,606.7435,140.3737,51.8557,154.8994,116.7243,115.7449,175.8271,86.2287,53.8135,45.3827,52.2885,42.5353,415.03,80.7649,124.6576,46.8347,28.81,70.6667,117.722,117.2282,54.36,243.0394,55.5426,
2026-02-23,677.1014,599.3687,138.0221,50.117,156.5983,114.2795,114.3179,173.4461,87.2883,54.0782,45.7256,52.2885,42.5841,412.88,76.9256,126.8455,46.7767,28.73,67.5609,115.3063,117.4777,53.44,240.6554,54.764,
2026-02-24,682.0229,605.8068,139.8157,50.364,155.9365,116.0187,115.1107,175.5791,88.0437,54.0292,46.2349,52.6834,42.7013,419.16,78.3953,129.0333,47.457,29.51,67.4921,116.0489,119.1344,54.95,242.5008,55.5526,
2026-02-25,687.778,614.5869,142.496,51.2432,155.897,116.3666,115.4476,174.21,87.3275,53.8037,46.3917,52.3872,42.4181,426.16,80.8348,128.1542,47.3871,29.24,68.6716,112.9699,119.2442,55.19,240.6155,54.9736,
2026-02-26,683.9578,607.1721,140.5032,51.8656,155.492,116.3268,115.6656,175.3013,87.1804,53.9802,46.2153,52.328,42.6036,412.01,82.5845,127.5448,47.7577,30.56,69.1826,114.1579,119.7931,54.87,242.2115,55.2331,
2026-02-27,680.6735,605.2288,138.2613,50.8086,158.238,116.138,116.9836,175.7378,88.3086,54.8333,46.7541,52.7328,42.8087,406.37,81.5547,127.2451,47.6159,29.98,65.6247,114.1876,119.1145,54.34,243.1093,54.9936,
2026-03-02,681.0605,606.0261,139.0385,50.6801,156.5884,114.7069,116.8052,177.4839,87.0332,55.9315,46.4015,52.5748,42.8868,406.39,82.7545,126.4259,47.0734,29.91,66.5977,112.0195,121.8191,56.45,249.9521,55.2731,
2026-03-03,675.0574,599.5381,137.0058,50.5912,154.8204,113.6534,116.8944,174.0513,86.0815,55.4216,46.1076,51.2814,42.672,391.06,84.1042,123.3789,45.8617,29.07,66.1456,110.3365,117.0486,52,244.3661,54.165,
2026-03-04,679.8201,608.6769,139.3374,50.8777,155.1266,115.6709,117.7169,174.5771,85.5125,55.098,46.3035,51.2617,42.7306,399.1,85.6339,126.296,47.0185,29.51,66.3422,110.1583,117.4178,52.77,246.3511,54.185,
2026-03-05,676.0298,606.8433,139.6762,50.611,152.025,115.8299,117.3701,170.698,83.7956,55.3824,45.9411,50.1855,42.3204,395.35,87.6036,123.7785,45.7228,28.78,65.4576,107.1982,112.6473,50.06,239.4385,52.9322,
2026-03-06,667.1689,597.7144,136.7966,49.9589,150.8298,113.7329,116.3989,168.5948,84.1586,55.4706,45.7843,49.2278,41.881,380.56,87.9535,123.8784,45.1564,28.12,63.7966,104.4954,109.9227,48.78,241.593,51.4897,
2026-03-09,673.0134,605.6971,139.2577,49.7218,152.3707,113.882,116.498,169.5869,84.345,55.2255,45.8921,49.3561,41.9689,394.37,87.6936,126.9953,46.1584,28.81,63.6394,104.1489,111.8289,51.07,241.3836,52.1086,
2026-03-10,671.9318,605.7072,139.2577,49.4551,151.2743,113.7329,116.3197,168.6742,84.0997,54.5195,45.608,49.2475,41.9103,397.33,85.6339,127.305,45.2873,27.93,63.6099,103.2975,113.8948,52.31,239.1193,51.9789,
2026-03-11,671.0884,605.6273,139.9253,49.0402,150.978,113.4348,115.9431,168.1484,82.9911,55.8727,45.226,49.208,41.4123,401.03,85.7239,126.2561,44.9536,27.67,62.8826,102.0204,114.6733,51.36,238.0819,51.889,
2026-03-12,660.8979,595.2328,137.3446,48.24,148.321,110.831,114.2287,163.932,82.6575,56.3924,45.5492,49.0501,41.1487,388.13,84.9741,122.4998,43.565,26.17,62.3715,99.0801,112.5874,50.77,230.9099,50.4116,
2026-03-13,657.1572,591.7048,136.3083,48.2992,147.9555,110.1751,113.4161,163.3467,83.1383,56.5787,45.9998,48.5663,41.2561,387.33,84.1742,121.7105,43.1994,26.36,62.0275,99.5256,108.8148,49.29,228.7653,50.0822,
2026-03-16,663.845,598.3422,138.2812,48.7043,149.1605,111.5068,114.2882,164.7455,83.3737,56.7748,46.2937,48.7736,41.5783,393.92,84.9341,123.7885,43.628,26.55,62.3715,100.6542,110.262,49.95,232.2266,50.5913,
2026-03-17,665.5912,601.2623,139.0385,48.9612,147.8073,112.4807,114.3278,165.182,83.099,57.3729,46.1664,48.8921,41.715,396.88,85.514,124.0682,43.9237,27.2,62.3617,101.0601,110.5514,50.52,232.4671,50.7809,
2026-03-18,656.3038,592.8809,137.4642,48.3783,145.3379,109.8869,112.6333,163.8725,81.0779,57.2945,45.7745,47.8653,41.0315,393.67,84.3242,120.9912,42.9357,26.34,61.5459,98.595,107.6971,49.07,230.9999,50.2219,
2026-03-19,654.6865,591.0072,137.9325,48.398,144.8144,109.0222,112.118,162.7613,80.4206,58.2064,45.5884,47.1347,40.9339,394.92,84.4442,122.21,43.3253,26.7,62.1061,97.7337,104.9625,48.27,226.8975,49.9025,
2026-03-20,645.301,580.0844,134.8038,48.4869,143.5501,107.0743,111.2162,160.3902,79.7535,58.1574,43.7371,46.3843,39.6351,384.74,82.9744,120.192,42.4522,26.05,61.9587,95.3082,101.5293,46.44,222.1463,48.9342,
2026-03-23,652.0767,586.7432,136.6274,48.9249,143.5848,109.6595,112.0483,162.2139,80.0938,58.8532,44.1711,47.1559,39.931,391.36,84.4242,121.5807,42.7339,26.63,63.0797,98.6302,103.4696,48.15,222.9349,50.1121,
2026-03-24,649.8878,582.7317,135.8293,48.9348,143.6046,109.2213,110.4775,163.159,80.0248,60.0475,44.4769,48.0484,39.6066,394.59,80.8048,119.4228,42.4892,26.635,63.6037,98.918,106.6753,48.19,222.2262,50.8808,
2026-03-25,653.5094,586.5635,136.4379,48.9944,145.0428,110.2669,110.7857,164.2534,80.4194,59.781,44.6347,49.0004,39.587,399.02,80.3849,123.7985,43.9287,26.86,63.831,99.7812,107.7538,48.95,225.4402,51.2451,
2026-03-26,641.8386,572.5635,132.1879,48.7064,144.5469,108.3749,108.1712,160.443,80.0544,60.7186,44.7136,48.6831,39.6066,380.84,79.7351,123.7785,43.2793,26.51,63.7322,97.3742,104.7778,46.7,219.7109,50.0622,
2026-03-27,630.894,561.3775,129.614,47.4751,142.0872,105.2381,106.4116,158.3836,80.6858,61.7451,44.9701,48.5046,39.3314,374.25,76.8756,119.4727,41.4542,25.01,62.6448,95.8251,105.7965,46.63,215.6385,49.6929,
2026-03-30,628.7847,557.0867,127.1997,48.0212,142.6426,105.2181,107.3261,155.8069,80.7845,61.1529,45.2956,48.6831,39.528,362.53,77.6055,118.6635,41.3533,24.82,62.882,94.8917,103.3198,45.29,210.3982,49.1039,
2026-03-31,647.0621,575.9462,132.587,49.0242,145.4097,108.5243,110.2091,160.9006,80.8831,60.462,45.266,49.5558,40.1375,383.4,80.035,127.6047,43.6999,26.42,64.4044,98.0296,107.8637,48.43,218.3434,50.7211,
2026-04-01,651.9374,583.061,134.5923,49.0937,146.5206,109.3408,110.5869,163.5868,80.3701,58.2018,45.483,50.0417,40.2554,391.97,79.755,128.4239,44.1445,27.09,65.0964,98.5162,109.7511,49.26,223.2243,51.5995,
2026-04-02,652.5244,583.7296,135.6697,49.183,145.6081,107.6977,111.0442,162.9302,80.7943,58.4782,45.7099,49.9921,40.9042,392.32,80.3249,128.8335,44.1455,27.36,65.2447,97.5331,110.6299,48.9,221.4976,51.2102,27.76
2026-04-06,655.6088,587.2421,136.4579,49.5306,145.0825,108.584,111.1038,163.7659,81.5541,58.9026,45.5422,49.8037,41.0517,395.98,80.4449,128.6737,44.0046,27.26,65.8773,98.4963,110.0707,48.61,224.7814,51.34,29.16
2026-04-07,655.8973,587.3319,137.1063,49.5306,145.3701,107.3193,111.1635,163.4376,80.1728,59.3763,45.6408,49.6649,41.0124,399.9,80.4849,128.7236,43.9606,27.16,65.9861,96.3018,109.6512,47.95,222.885,51.3949,29.44
2026-04-08,672.6027,604.7945,141.3563,50.8413,148.4447,110.3566,113.1418,169.566,81.6724,57.2938,46.1439,51.321,41.7202,422.92,79.7351,130.5219,44.9846,27.81,67.9039,101.664,113.1964,51.4,231.7385,53.7957,32.47
2026-04-09,676.483,608.8857,141.7354,50.9704,148.1075,112.2685,113.5991,171.307,82.3335,56.5832,46.5089,51.2417,42.0052,430.31,76.6256,131.6907,44.583,27.07,69.0506,103.4514,112.5573,50.93,231.3293,54.4894,32.38
2026-04-10,676.0353,609.7639,142.2841,50.4143,146.104,112.4179,113.281,170.6404,81.2679,56.1983,46.3214,51.5293,42.0937,436.88,74.656,129.3131,43.8548,26.68,68.151,103.1138,113.4061,50.96,229.2132,54.5543,32.43
2026-04-13,682.6418,616.0703,145.2671,51.2981,146.7586,113.4436,114.1459,171.8442,80.4589,56.366,45.7592,51.7574,42.2903,443.34,78.6852,131.9205,44.7588,27.9,68.5959,104.792,114.7943,52.18,232.3773,54.9237,33.55
2026-04-14,690.9597,627.2563,147.5916,51.4173,147.6116,115.9531,115.8757,172.461,80.38,55.2212,45.8381,51.5789,42.6934,452,79.4651,135.5869,46.3921,29.3,68.497,105.0402,115.1038,52.84,234.9924,54.9037,35.57
2026-04-15,696.4121,636.0375,149.946,51.8045,146.5603,117.6858,116.671,170.3022,79.9755,55.0336,45.3942,50.9541,42.6737,453,82.9644,136.3162,46.8517,29.94,68.3784,102.1605,115.5233,54.84,233.5651,53.9654,34.47
2026-04-16,698.1234,639.101,151.662,51.6655,145.4097,117.1381,118.1323,169.4565,80.3405,55.8429,45.7197,51.321,43.0669,454.8,84.3442,135.3272,46.1624,29.84,68.0423,101.6441,115.8029,55.27,228.6043,53.7358,35.04
2026-04-17,706.5607,647.463,153.9865,52.0627,147.5818,119.9064,118.4007,172.6202,81.3567,54.3033,45.5323,51.45,43.7256,464.16,85.0641,138.534,47.2413,30.79,69.5647,106.4999,117.4407,55.86,231.5089,54.9636,35.59
2026-04-20,705.1478,645.4074,154.196,52.2613,146.2131,119.3687,118.0528,173.0082,81.2877,54.3526,45.1279,51.7971,43.8829,463.96,86.2838,137.6549,47.5719,31.24,69.8316,108.6349,119.0385,56.05,231.4191,55.3729,35.07
2026-04-21,700.5312,642.9527,154.3257,51.9336,144.7254,118.4725,116.4721,170.5608,80.745,55.1422,44.3388,51.3409,43.0374,464.66,86.6637,136.2562,47.2133,30.71,68.8331,108.0391,117.211,53.74,222.6754,55.1433,34.93
2026-04-22,707.6253,653.7097,157.7177,51.8443,145.1816,118.4326,117.1879,170.1629,81.0114,55.8035,44.2599,51.4004,42.7229,476.83,88.7234,137.1753,47.463,30.88,68.4575,108.049,121.645,57.73,218.7427,55.0335,37.3
2026-04-23,704.8792,650.0275,155.473,51.4371,145.0428,117.2476,116.7008,173.1774,82.3631,56.2377,45.4633,51.3805,43.2144,481.85,83.5543,134.3581,46.1124,29.8,69.1989,108.6746,117.4806,56.47,218.7028,56.2514,36.36
2026-04-24,710.3416,662.4609,159.8427,51.0598,142.9996,118.1936,114.8616,171.5856,82.1164,56.1292,45.552,51.4896,43.0866,506.44,85.184,133.1493,45.9226,29.54,68.1016,107.6915,117.6204,55.31,215.3989,56.0018,37.2
2026-04-27,711.5653,662.8102,160.1918,51.4471,142.2855,117.3472,115.1301,171.6254,81.2383,56.0305,45.5619,51.3508,42.7524,506.26,85.414,132.9095,45.4991,29.91,69.2681,107.632,120.0371,56.7,215.6385,56.1715,38.57
2026-04-28,708.1028,656.1445,157.4782,51.4868,142.6624,116.5207,115.0704,170.1032,81.9684,56.9582,45.6211,50.9739,43.1652,491.21,84.9841,131.0314,44.8228,29.58,69.5647,106.1722,116.9114,54.23,215.8082,55.6324,37.33
2026-04-29,707.9934,660.1559,158.7353,51.5563,141.6706,116.3514,114.6131,169.0586,81.8106,58.261,45.0588,50.5376,42.8998,499.58,84.4842,128.7736,43.8997,28.53,68.24,103.3124,114.4547,52.89,212.7439,55.0335,38.23
2026-04-30,715.0377,666.3126,159.1243,51.7648,144.7948,117.8551,115.826,173.6847,83.182,58.873,46.2129,51.0434,43.6469,506.72,83.8943,131.2012,45.2943,29.87,69.0506,105.2587,118.5691,56.42,218.1538,56.6906,39.33
2026-05-01,717.0177,672.709,161.4888,51.5563,143.9716,118.1339,116.0347,172.073,83.0438,58.0834,45.917,50.9244,43.5683,509.82,86.6138,130.2921,45.3702,30.3,69.0209,104.355,118.3994,55.84,215.868,56.5908,40.41
2026-05-04,714.391,671.4417,161.6684,51.2187,143.5451,117.2277,115.4184,170.1032,82.4223,58.6163,45.7395,50.2302,43.3323,506.79,88.4234,133.3691,46.2663,30.58,68.2004,100.6908,116.8015,54.77,213.9317,56.0916,42.47
2026-05-05,720.122,680.153,165.2399,51.2286,144.1105,117.5762,114.9511,171.5259,82.9353,58.6756,45.7395,51.1029,43.4208,522.69,88.2534,133.6588,45.503,29.78,69.1198,102.091,118.7189,54.2,214.9697,57.2696,46.29
2026-05-06,730.1313,694.2828,169.6295,51.4769,144.2096,119.3687,116.661,175.963,83.1129,56.2575,45.0884,51.9756,43.9812,549.76,87.8035,137.545,46.9356,31.06,69.9008,105.0104,123.9718,58.26,223.0048,58.2479,48.68
2026-05-07,727.8926,693.4545,169.2903,51.1889,143.5352,119.3787,116.6908,173.1077,82.8564,55.2212,44.5065,50.9739,43.6469,540.1,90.833,133.5289,46.3092,30.38,69.1495,101.942,120.3467,56.26,222.0965,56.7106,46.55
2026-05-08,733.9022,709.7097,175.1066,50.8811,142.3153,119.6973,116.2534,172.3118,83.0537,54.9744,44.1119,51.1624,43.6567,566.54,91.1329,134.5779,46.3422,30.48,69.0506,101.7931,120.7861,55.18,223.0746,56.6906,52.8
2026-05-11,735.5737,711.7653,177.4611,50.8215,141.869,118.8708,114.9014,174.1424,82.2545,56.4253,44.5262,51.8268,43.814,576.31,90.673,134.6179,46.2163,29.94,67.7655,100.8795,124.3713,57.23,225.57,56.9402,55.08
2026-05-12,734.4594,705.7282,174.7874,51.2187,144.656,117.7953,115.1798,173.4559,83.3102,56.8201,44.5755,51.7078,43.8239,561.25,89.4232,134.7777,46.7378,29.72,67.4491,99.2708,123.4325,54.35,224.9711,56.4211,51.3
2026-05-13,738.5685,713.1823,176.4335,50.6328,145.5089,118.2235,116.0745,172.7296,83.5865,56.8793,44.0626,51.6285,43.4601,572.46,88.5834,135.7168,46.1024,29.63,66.3716,98.2878,123.1729,53.31,225.2905,56.3711,54.54
2026-05-14,744.399,718.2514,179.0772,50.9307,145.4296,118.1737,116.4224,173.6151,83.843,57.3135,44.2895,51.2417,43.1652,578.34,90.623,134.7178,45.543,29.18,66.9647,99.39,120.8061,52.5,224.0428,56.7305,53.79
2026-05-15,735.4444,707.4147,175.8449,50.742,143.9121,116.0427,115.3985,170.521,83.5076,58.6657,43.2735,49.8831,42.4968,556.34,91.7628,130.5618,44.2693,28.15,66.2036,95.6464,115.4334,49.93,216.8662,55.313,51.1
2026-05-18,734.927,704.3712,173.9494,51.3776,144.527,115.8336,116.2932,169.8744,84.7507,59.7908,43.3425,49.8037,43.0079,546.16,92.8526,127.5448,43.9636,28.11,67.1427,95.7357,113.0566,48.68,219.8207,54.6242,49.32
2026-05-19,730.0318,700.0305,172.832,50.742,146.114,114.549,115.1698,167.8747,84.9382,60.4916,43.7371,48.6335,43.1947,543.96,91.9328,126.6657,43.8537,28.12,66.7868,94.1966,109.9708,47.2,217.9142,53.6759,49.77
2026-05-20,737.5139,711.6257,176.7228,51.2981,145.9255,117.4468,115.4184,169.8545,84.3758,59.021,43.9048,49.3079,43.6764,564.66,93.3025,131.5808,45.4771,29.54,68.3784,98.2282,113.0366,48.04,222.865,54.3946,51.51
2026-05-21,738.9764,712.9827,178.1794,51.3676,146.9371,118.2036,115.4184,169.6555,83.5273,58.3597,44.3881,49.6054,43.7452,567.88,92.4627,132.6498,46.3162,30.53,68.4179,98.8637,115.2237,48.86,222.7353,54.4445,54.34
2026-05-22,741.8818,716.0062,179.9651,51.5761,148.6629,118.6816,114.7821,170.8891,83.6654,58.715,44.7333,49.8731,43.8042,576.32,93.9924,131.5309,46.492,30.67,68.5761,99.3106,116.9114,48.96,224.9511,54.8438,52.82
2026-05-26,746.8068,728.7191,184.704,51.4868,147.2942,118.9505,114.8716,173.4062,82.5111,57.0964,44.7136,50.5673,43.9517,602.14,94.0324,133.2192,46.9685,31.3,69.4954,101.6243,122.4838,50.86,229.0635,56.2114,60.51
2026-05-27,746.6775,727.8908,183.9956,51.0598,147.5719,121.0417,115.5774,173.4062,83.4484,56.2476,44.5262,50.7558,43.873,595.5,93.0326,134.3181,47.9106,32.06,68.7837,102.5875,122.7435,50.16,230.0516,56.6207,60.73
2026-05-28,750.7966,734.0276,186.4099,50.9108,149.6448,121.5495,115.985,172.9087,83.3004,56.2081,44.0231,50.9343,43.6567,599.83,95.6621,135.8566,49.462,34.12,68.754,102.0513,126.2787,50.75,235.1322,56.3512,62.57
2026-05-29,752.6671,736.7318,190.5701,51.2187,148.2463,120.3645,115.0108,172.2422,81.8007,55.5567,43.816,50.726,43.2439,598.93,101.6409,136.556,49.6318,34.64,68.8133,101.9122,125.0404,50.76,235.0024,56.2114,63.2
2026-06-01,754.7167,741.1524,195.299,51.0697,146.6297,117.6957,114.9312,171.5159,80.9325,56.5536,42.5139,50.4979,42.5361,607.81,107.6798,133.489,48.48,34.75,67.5282,102.508,127.2873,50.54,229.4827,55.882,68
2026-06-02,755.7416,744.565,197.7432,51.0995,145.2015,117.0982,112.9032,173.2967,80.7352,57.205,43.3031,51.0929,42.7524,632.21,104.7104,127.6347,48.0025,34,68.7441,103.5904,132.65,53.42,227.9056,56.7904,69.57
2026-06-03,750.4384,742.6193,195.7678,50.5136,146.3421,116.2418,111.422,173.1575,81.0607,57.9452,43.1156,51.202,42.772,637.9,100.1812,129.7027,48.9575,33.92,67.1031,103.1634,128.3559,50.39,224.472,57.1897,69.71
2026-06-04,753.274,739.0269,192.7151,51.8244,150.835,116.7696,112.4459,175.2566,80.9423,57.9847,43.3425,51.1921,43.6469,627.53,100.0412,133.2892,50.6577,36.27,69.1791,103.9876,128.4757,50.28,231.1396,57.5092,65.7
2026-06-05,733.8325,703.5529,179.8754,51.9336,151.7573,114.3797,111.0144,173.2868,82.3236,56.9187,43.7469,50.2103,43.9418,569.69,95.832,128.5438,48.5139,33.41,69.3669,102.7861,118.4393,45.31,229.0236,56.5808,55.79
2026-06-08,735.4941,714.5394,183.7462,51.6059,151.4003,114.9074,110.4378,172.7396,81.9586,57.5702,42.9282,49.5459,43.2832,598.16,95.6321,128.304,47.7308,33.15,69.5548,102.5676,118.4293,45.92,226.8376,56.4111,60.52
2026-06-09,733.335,706.317,180.3443,52.0925,153.3046,115.3854,110.8255,174.6995,82.9748,56.6424,43.382,50.3492,44.2073,591.01,92.9326,131.2512,48.8496,33.56,70.4247,106.2715,115.9427,44.12,230.0217,57.0699,59.86
2026-06-10,721.7736,692.2072,176.214,51.8641,151.5987,113.0154,110.3582,168.79,84.3462,57.4912,43.4017,49.1889,44.2269,570.91,91.5628,128.7236,47.8686,32.85,70.8201,102.7563,112.2777,42.35,224.4521,55.2032,57.37
2026-06-11,734.0415,715.5871,182.7785,52.2514,152.8285,115.8136,111.4617,174.2518,84.1291,56.3759,43.451,50.7954,44.1581,609.45,90.903,132.6098,49.0794,33.65,71.522,107.0759,118.1897,44.83,235.6013,57.0799,65.12
2026-06-12,738.0114,719.7981,184.3648,52.9663,152.5508,116.1124,110.9945,175.2765,84.6718,56.8003,43.9245,51.7475,44.5906,619.96,90.683,133.6588,48.9025,33.47,72.5699,106.8375,120.2768,45.52,233.3555,57.6589,65.01
2026-06-15,751.0255,742.4097,191.3383,53.1848,151.6383,118.0741,111.5313,177.7637,84.3363,54.8264,44.1316,52.0648,44.2269,647.1,92.68,136.2662,50.0484,35.1,71.4034,107.5724,120.4666,48.06,237.1251,58.0682,71.07
2026-06-16,746.5482,728.2999,186.0009,53.9693,151.6879,117.9646,111.6605,178.9277,84.4448,54.6388,44.4473,52.283,44.335,616,91.37,135.2073,49.9585,34.88,71.6604,109.0718,119.1683,47.87,239.2427,58.3976,68.12
2026-06-17,737.2253,720.9656,185.3624,53.6714,149.4762,115.007,108.5589,178.679,82.5604,53.9578,43.8554,51.5888,43.2242,623.97,89.16,139.2533,51.2471,35.04,70.3357,106.5794,118.2296,47.1,242.5089,57.8785,69.95
2026-06-18,744.8903,739.0369,190.9891,53.1947,148.1769,116.6701,108.8074,179.9823,82.1855,53.0696,44.1514,51.3805,43.1161,659.88,89.09,140.582,52.0163,36.86,70.8992,110.2634,116.8615,47.78,238.7133,58.4575,76.71
2026-06-22,742.5461,737.1818,191.926,53.5106,149.4879,114.6874,106.509,181.3127,81.6431,53.7406,44.3936,51.3835,43.6526,668.91,87.31,145.86,51.7066,36.4,71.5823,108.5232,115.1426,46.8,235.2373,59.1363,80.72
2026-06-23,731.7629,712.9072,183.9753,53.69,151.5998,113.51,106.9176,177.6725,83.173,54.1382,44.741,50.637,44.2674,622.05,87.32,147.03,52.1742,36.01,72.7059,107.5983,110.8255,45.58,235.6568,57.7088,69.22
2026-06-24,731.4237,709.8803,182.8366,53.5305,152.7654,114.8171,106.19,179.727,83.8883,53.2535,45.2076,50.9256,44.1385,618.92,86.17,149.71,53.7236,38.58,73.5511,113.6445,107.148,44.72,235.9165,58.3078,69.93
2026-06-25,732.4811,715.6343,184.3549,53.2615,155.0367,113.1009,105.2332,183.6265,83.3916,53.7704,45.5153,51.6025,44.2178,636.88,84.76,151.59,54.8984,40.11,74.3466,115.2754,108.667,43.92,237.1051,59.885,76.89
2026-06-26,727.1843,705.7846,180.8989,53.3811,159.7287,114.1187,105.8312,180.7143,84.1565,53.5219,45.8628,51.3636,44.8624,611.61,88.2,155.38,56.213,41.43,74.7443,114.997,107.9375,43.59,236.5058,58.737,71.88
2026-06-29,739.1645,723.3263,185.1939,53.5305,160.1272,116.8626,107.5256,182.2701,83.8187,53.2634,45.6841,50.4279,44.545,631.98,89.89,158.31,57.12,42.36,74.3267,114.7483,106.4484,43.93,238.8531,58.6,71.94
2026-06-30,744.9202,735.6335,190.2979,53.4209,158.0551,117.0223,106.7781,184.7335,82.5272,52.7962,45.0091,50.5972,43.6625,655.89,90.6,158.25,56.834,42.06,74.4261,114.9174,106.8582,43.7,242.1393,58.92,73.85
2026-07-01,743.9127,724.4151,185.4036,54.5868,158.9317,117.8305,109.3795,182.8685,82.7557,52.498,44.4432,50.7863,43.8112,620.46,93.34,156.55,57.78,42.62,75.7486,112.0037,104.2899,43.18,243.5776,57.68,65.86
2026-07-02,742.9352,711.8582,180.3795,55.4238,163.1157,116.8626,109.24,183.4171,84.4347,52.9055,45.426,51.7717,44.3071,592.29,93.57,160.46,58.4,42.91,74.5951,111.9341,105.0594,43.23,247.9026,57.15,60.63
2026-07-06,749.4191,722.0676,183.356,55.942,161.3425,117.7507,109.848,185.0626,83.5505,52.8161,44.9693,51.7419,43.9203,604.3,94.79,160.81,58.827,43.57,75.1321,110.6711,106.0088,43.88,250.4896,57.83,64.76
2026-07-07,745.8579,708.6915,178.9711,55.8523,163.8131,117.132,110.6553,181.8911,84.3055,54.3171,45.3664,51.274,44.5153,581.45,94.13,163.87,58.317,42.6,74.6449,108.8016,102.4012,41.75,244.8262,56.44,60.59
2026-07-08,743.5536,710.6995,181.1886,54.7761,161.6812,115.0466,109.1004,179.9364,83.8386,55.2715,45.0289,49.9302,43.7815,593,92.48,162.97,57.344,41.87,72.9247,105.4503,101.8715,41.66,239.3525,56.04,62.04
2026-07-09,749.848,722.5272,185.134,55.3441,161.5517,116.5932,110.147,180.6245,82.6564,54.4961,44.8006,50.0298,43.8608,607.73,93.88,164.28,58.538,43,74.2272,107.0116,103.1707,42.35,239.3425,56.42,64.36
2026-07-10,753.08,724.7548,185.5634,55.5135,160.2268,116.9823,111.2733,181.4324,83.5704,54.7545,45.0785,50.6569,44.079,611.03,92.41,159.03,56.65,41.32,74.5951,108.0061,103.6204,42.97,238.7832,56.69,63.04
2026-07-13,747.3143,710.9991,181.0687,55.8723,160.7946,115.785,111.2234,179.8865,84.0373,56.4047,45.3863,50.3483,44.3269,585.62,92.7,155.34,55.61,40.59,74.6946,106.4746,102.0214,40.72,234.7778,56.23,57.3
2026-07-14,749.9677,718.9409,183.406,55.9819,157.6865,115.6453,111.0839,179.9663,82.8749,56.6135,45.3565,50.408,44.1087,600.31,93.63,155.45,55.765,41.05,74.5753,107.5586,104.3499,41.55,234.9976,56.71,61.23
2026-07-15,752.9403,716.9929,181.3683,56.3605,157.6865,116.7429,113.0076,179.5774,82.9246,56.1661,44.8899,50.2687,44.1881,590.77,93.94,156.22,55.993,41.22,75.3508,108.3143,103.1307,40.9,236.1463,56.64,57.4
2026-07-16,748.8604,705.2051,177.3131,56.5499,161.1831,117.0821,112.28,179.6671,85.2493,56.6831,45.1381,50.6569,45.0805,568.92,93.7,152,55.104,40.09,77.4787,110.1839,98.9235,39.11,230.6227,56.78,52.34
2026-07-17,741.4488,694.6062,175.3853,56.0616,160.4758,115.1863,110.2865,178.9291,84.6334,57.3392,44.8403,50.2985,45.0409,556.53,92.8,154.26,54.921,39.87,76.2557,107.648,98.2839,38.73,230.4628,56.3,52.72
2026-07-20,740.2518,695.3354,175.5052,55.8424,158.6429,114.3581,110.436,177.6426,84.3055,57.5976,44.612,49.8008,44.8525,558.83,92.98,150.94,53.574,38.28,75.4602,105.4802,97.6743,38.67,229.0045,55.7,53.06
2026-07-21,746.4265,708.232,180.5693,55.9121,159.639,114.6176,109.6686,178.1811,83.5108,58.1543,44.5921,49.8705,44.8227,584.08,91.82,154.5,54.855,39.56,75.5497,105.3509,101.5318,40.25,229.474,56.2,58.85
2026-07-22,745.5586,704.6157,180.0599,55.8523,158.8222,113.7694,108.8413,178.3706,83.8287,58.8502,45.5947,50.5872,44.6343,586.91,89.02,152.11,54.705,38.85,75.1719,106.3254,103.4305,40.97,230.8424,56.6,57.77
2026-07-23,736.3515,691.2397,178.242,55.6331,160.8245,108.521,105.0338,181.4523,82.6663,59.0291,45.8528,50.0596,44.5748,580.17,87.1,152.23,54.9,38.82,74.7244,106.0967,103.1007,41.13,237.9541,57.51,58.3
2026-07-24,737.0996,683.5178,175.675,56.1114,161.9502,109.1696,105.9508,182.1704,83.5803,59.2677,45.9521,51.0252,45.5665,561.19,87.98,150.48,53.987,37.81,75.3011,107.837,101.6717,39.89,239.862,57.69,53.2
2026-07-27,737.2593,681.41,174.0968,56.6794,162.777,110.5964,107.3064,182.7089,84.8023,58.0152,45.3466,51.1546,45.378,548.55,90.91,150.59,53.691,37.79,75.0923,108.6325,103.0407,40.32,243.6276,57.48,52.43
2026-07-28,739.0248,674.7869,170.8906,57.3969,166.6223,112.2328,109.3097,182.0009,86.4912,57.2298,45.1877,52.1002,45.6259,529.6,91.78,149.78,53.901,37.82,76.3551,109.0303,101.3719,38.95,244.6963,57.1,47.77
2026-07-29,727.6531,661.0411,166.3759,56.4801,165.6062,111.3647,109.1503,176.1865,86.7892,58.3034,44.5822,51.503,45.5764,504.22,92.37,147.91,53.721,37.5,75.7486,104.0979,97.5145,37.52,235.9864,54.99,44.85
2026-07-30,739.8528,682.8384,175.5252,56.799,162.8966,112.143,106.2299,177.9118,84.9116,58.6116,44.334,51.4034,44.9219,538.9,93.31,151.46,55.394,39.26,75.4702,103.9388,101.7916,39.72,237.8543,56.1,52.34
2026-07-31,745.1796,687.2739,175.1456,56.7392,161.9303,115.8349,107.8844,179.358,84.4943,59.1981,44.0263,50.199,44.6938,540.53,94.58,147.01,54.17,38.56,75.6292,103.1134,100.5824,39.07,239.3825,56.36,50.37
2026-08-03,755.7932,699.3413,177.8325,57.1776,161.6215,117.9502,110.9743,182.6691,84.3055,58.4426,44.0362,50.7763,44.8029,545.46,97.42,147.31,54.892,39.62,76.6236,105.7686,103.0407,40.81,245.7951,57.54,51.13
2026-08-04,769.4194,723.0965,186.6821,57.6759,161.482,118.03,111.672,185.9004,84.8122,58.1742,43.788,51.7618,44.793,575.71,102,151.88,55.813,40.7,77.3992,109.0005,107.7876,42.49,250.3598,58.58,54.89
2026-08-05,767.8832,716.5533,185.6933,57.7955,163.5341,118.3793,110.5058,185.8505,84.7725,56.9714,43.3413,52.3989,44.8227,569.7,101.31,153.01,56.323,41.24,76.902,110.2634,111.8448,42.89,251.9879,58.65,53.74
2026-08-06,766.6562,713.9061,185.114,57.6061,163.823,117.8405,110.8148,184.2648,84.5539,57.8163,43.0634,51.931,44.436,571.48,99.42,154.5,55.705,40.55,76.0568,108.2049,110.2759,43.2,249.7005,58.35,51.44
2026-08-07,771.3446,722.2774,187.7509,57.3969,165.0483,119.5966,110.8846,184.6836,84.5638,57.1602,43.2917,52.6179,44.6045,582.7,102.69,157.37,58.174,43.04,75.7784,110.1839,115.6623,44.91,250.4597,58.69,50.6
2026-08-10,771.1152,720.1196,186.1028,57.6061,167.7978,119.407,111.4626,184.1052,84.395,59.8244,42.8152,52.9364,44.0294,569.41,105.01,158.03,59.76,44.31,75.5994,107.6381,117.4611,44.38,250.8392,58.3,49.6
2026-08-11,768.6513,717.7021,185.8731,57.5962,167.3694,118.978,110.9045,185.2022,84.1367,60.57,43.3115,52.9961,43.7121,572.93,103.92,158.07,59.684,44.55,76.375,109.6867,117.7509,45.17,251.6083,58.7,50.89
2026-08-12,770.5765,722.9467,188.6399,57.7157,167.7978,117.6309,109.9078,185.3818,84.5241,60.6694,43.52,52.3391,44.1186,584.83,103.08,159.39,59.53,44.69,76.9418,107.7475,116.7116,45.2,251.3286,58.49,54.8
2026-08-13,775.9532,731.308,190.5476,58.0545,167.7381,118.1897,112.1803,185.292,85.4381,60.6992,43.7185,52.0704,44.7434,589.12,106.28,156.86,59.061,44.32,77.3097,108.9209,115.1926,45.25,249.4009,58.31,56.93
2026-08-14,774.417,730.309,189.7885,57.9549,166.7319,117.9402,112.579,186.0101,85.5275,61.5442,43.9866,52.2993,44.8921,587.82,104.08,157.41,58.31,43.45,77.4887,108.4138,117.0613,44.93,252.9268,58.59,57.32
2026-08-17,770.756,729.1102,190.0982,57.3769,166.4131,116.4934,110.456,185.8206,84.1267,62.2102,43.8575,52.0007,44.4558,594.07,101.99,159.53,59.09,44.04,76.9517,107.5884,118.0207,45.25,250.9091,58.73,60.39
2026-08-18,765.549,716.7631,185.4036,57.636,169.0829,116.1043,110.1171,183.078,85.0208,63.3037,43.6987,51.5428,44.2575,569.77,101.96,160.11,58.509,43.21,76.4148,105.3608,113.5537,43.62,251.868,57.31,55.1
2026-08-19,767.155,715.3346,183.4259,57.2773,175.0102,118.3294,110.9543,181.4623,85.9746,63.2043,43.6987,52.2794,44.6145,560.92,102.81,169.55,66.476,47.73,74.5753,107.6282,116.9914,45.01,245.865,56.78,55.14
2026-08-20,760.711,710.1899,182.8866,56.7492,171.7328,116.4236,110.3164,179.2881,84.7625,63.3733,43.4505,52.1799,44.7037,562.65,101.91,163.38,64.903,47.64,74.2869,105.0327,114.623,43.84,237.2849,56.04,57.58
2026-08-21,763.8232,712.6974,183.0963,57.2773,173.9543,117.7606,111.0341,179.7669,85.4282,63.264,42.4578,53.2947,44.7037,560.42,103.37,165.73,66.77,49.45,74.4361,105.9078,119.2598,46.07,237.0652,56.39,57.68
2026-08-24,761.5788,705.5848,179.8401,58.0147,174.034,118.04,111.951,178.5202,86.8786,62.7371,42.9045,53.3346,44.9516,546.8,102.45,164.17,65.127,48.01,74.3366,105.699,117.7908,45.69,233.1297,55.92,54.28
2026-08-25,764.0128,709.9802,181.5282,58.1044,174.6217,117.6908,112.8082,177.9218,85.9547,61.6933,42.9939,53.3346,44.9814,555.82,101.85,169.1,67.853,50.06,73.9091,105.7884,120.8588,48.14,234.0287,55.63,56.24
2026-08-26,764.1824,710.6295,182.6269,58.0545,172.8784,116.9025,112.2401,179.8566,85.7063,62.0611,43.1924,53.4241,44.7136,555.77,102.39,168.39,67.35,49.45,74.1576,105.4106,120.2292,48.05,236.1063,56.21,56.39
2026-08-27,769.1899,720.3594,188.3902,57.6759,170.9258,115.6253,111.044,178.3207,84.5241,61.9219,42.8648,52.9862,44.2872,573,110.32,168.23,67.24,49.87,73.9289,103.9388,122.9174,48.37,233.9888,56.06,56.83
2026-08-28,767.4443,715.6843,185.4736,57.8951,170.5074,116.9524,112.6188,176.6652,84.8917,62.3096,42.4181,52.9364,44.1087,553.11,109.5,162.38,64.807,47.64,73.8792,104.0183,118.6602,45.57,232.5504,55.31,55.83
2026-08-31,765.15,716.0139,186.2826,57.5065,169.8898,116.3338,111.0939,174.6606,84.4248,63.5821,41.9218,52.4486,43.7418,556.63,109.98,162.5,64.421,47.23,73.1434,102.2383,118.0507,45.51,228.0856,54.7,56.9
2026-09-01,759.8931,706.9034,183.4259,56.9983,171.0155,114.3382,110.5158,172.267,84.693,64.3873,42.2493,51.8315,43.6724,545.22,106.18,163.4,64.76,46.84,72.2087,100.0008,115.6922,43.94,225.1989,53.92,55.06
2026-09-02,763.2646,708.5017,183.386,57.4566,172.2906,114.6076,112.0507,172.3169,84.9712,64.7153,42.3585,52.7074,43.365,550.48,103.42,165.37,65.68,47.15,73.8196,100.6074,119.3798,44.32,223.1114,54.28,56.21
2026-09-03,771.2548,716.9229,185.7532,58.3535,172.5994,116.2041,113.0076,174.0921,84.7029,64.2382,42.7159,52.379,43.8806,552.6,106.95,164.38,64.97,47.2,74.446,101.7013,118.3005,45.7,225.7183,54.69,55.99
2026-09-04,768.2822,718.2116,187.0617,57.8951,170.7963,114.6575,111.662,174.8002,84.0274,63.6815,42.7655,52.1998,43.5633,567.01,104.57,163.81,64.26,47.14,74.8437,102.6758,118.5403,46.06,225.3488,55.16,59.69
2026-09-08,764.0627,717.6122,187.651,57.0979,166.4928,113.7395,111.1537,173.9525,83.471,64.3873,43.1328,51.7021,43.5336,573.73,102.66,161.93,63.441,46.85,73.8892,100.1898,119.8694,47.5,223.2712,54.81,61.1
2026-09-09,760.5115,715.5644,187.651,56.8588,165.9449,112.2129,110.4659,171.3295,82.5074,64.9241,42.6266,51.1546,43.0477,574.29,101.83,159.38,62.753,46.31,73.034,98.6782,119.1099,46.86,219.1959,54.19,61.58
2026-09-10,755.9528,707.9523,185.0041,56.6694,165.0284,111.714,111.1337,170.0928,82.5471,64.5463,42.2096,50.5275,42.6907,560.28,101.2,156.82,61.97,45.38,73.392,96.3711,114.6929,45,218.0672,53.36,58.56
2026-09-11,762.3968,714.1359,187.4512,57.0481,164.7296,112.7118,112.2301,171.908,82.8352,64.7551,42.0806,50.7166,43.0576,568.53,101.52,156.2,62.219,45.56,73.4815,97.9125,113.5537,43.53,218.7564,54.08,59.1
2026-09-14,758.9952,708.4418,184.0652,56.8289,167.1104,112.602,114.692,169.4745,83.8684,64.1487,41.5147,50.2587,42.7601,541.5,106.64,157.6,63.569,46.8,73.6903,97.7235,110.096,42.19,216.519,53.02,54.8
2026-09-15,755.5139,703.8066,183.5258,56.6495,167.0208,110.6363,113.6554,168.3974,83.1829,65.5404,41.0184,50.4976,42.7105,542.11,105.55,154.03,63.652,47.71,73.6306,97.2164,109.3665,41.77,214,52.84,55.01
2026-09-16,752.1822,703.9864,183.7156,55.7328,167.1304,109.9379,112.6288,168.2578,82.7855,63.6517,41.0184,50.1293,42.4527,545.56,104.96,154.18,63.58,47.85,72.3281,96.2617,108.6969,41.37,215.27,52.75,55.33
2026-09-17,760.711,716.1737,187.8408,55.6829,168.1664,111.1452,111.9809,168.557,82.9445,64.099,41.3857,50.4777,42.5816,560.61,105.78,158.25,66.92,51.59,72.3281,96.5302,111.2452,42.68,213.88,52.91,57.78
2026-09-18,761.69,720.699,189.379,55.663,167.748,110.786,110.446,169.295,82.259,63.93,40.8,49.761,42.175,573,104.35,156.72,66.398,51.64,72.338,95.854,108.607,41.65,213.84,52.96,59.61
2026-09-21,773.5,741.47,194.85,55.9,169.01,112.23,114.75,169.98,81.92,62.46,40.66,49.71,42.59,596.03,107.13,158.23,67.604,51.81,71.99,96.96,109,42.98,216.14,53.08,61.58
2026-09-22,773.38,747.46,196.27,54.8,169.89,112.33,113.53,170.27,82.73,61.78,40.53,50.53,42.5,607.46,106.75,161.87,69.282,52.87,71.19,99.41,111.94,43.74,214,53.57,63.62
2026-09-23,767.81,741.21,195.34,54.54,168.8,110.65,112.56,170.1,82.43,62.37,39.75,50.28,41.84,601.41,108.1,155.2,67.759,50.92,70.38,97.09,109.58,41.99,213.92,53.39,61.9
2026-09-24,767.18,741.1,194.71,54.53,169.87,110.32,113.99,168.83,81.7,62.6,39.36,49.68,41.65,600.52,107.15,156.05,70.249,53.53,70.94,96.8,107.96,40.86,212.76,53.07,60.72
2026-09-25,771.35,744.5,196.27,54.84,170.7,110.56,112.96,170.43,82.06,62.04,39.51,49.8,41.56,606.56,106.01,155.03,70.206,53.36,71.55,98.32,108.33,40.91,213.81,53.47,61.91
2026-09-28,765.61,736.53,194.53,54.19,171.26,109,111.18,168.78,82.28,62.1,39.25,49.47,41.35,600.01,105.43,156.61,70.303,53.35,70.55,97.3,105.42,40.13,209.26,53.08,59.7
2026-09-29,764.2,737.93,194.5,54.01,170.73,109.15,111.47,169.13,81.85,61.54,39.71,49.1,41.34,606.9,105.22,156.81,70.352,53.95,69.83,96.97,103.9,40.04,209.3,52.91,61.29
2026-09-30,762.63,739.77,195.75,53.4,168.42,108.84,110.97,166.98,80.6,61.5,39.44,48.7,40.91,609,106.48,157.68,70.48,54.22,69.44,96.03,103.56,39.85,207.18,52.5,60.36
2026-10-01,763.99,742.03,197.81,53.46,166.2,108.81,109.94,168.64,80.33,62.7,39.68,48.54,40.68,617.81,108.23,154.51,68.78,53.17,69.95,96.78,104.29,39.59,208.04,53.04,62.03
2026-10-02,769.64,749.58,199.81,53.49,166.18,110.04,110.32,169.95,80.53,62.82,39.83,48.86,40.81,630.6,108.43,154.43,69.621,54,70.78,96.7,105.74,39.79,207.79,53.88,61.78
2026-10-05,774.83,756.2,200.93,53.88,167.37,110.42,111.61,170.1,81.04,63.45,39.97,49.5,40.67,633.9,109.72,156.19,72.3,56.77,70.39,96.3,107.76,40.19,206.98,54.11,61.67
2026-10-06,779.09,759.66,202,54.01,167.09,111.72,111.65,171.58,81.8,63.75,41.16,49.73,41.1,632.5,111.16,150.9,67.6,51.75,70.07,97.37,108.24,41.8,208.26,54.65,59.52
2026-10-07,777.22,757.73,201.39,53.75,168.81,111.36,111.26,167.84,81.7,63.36,41.15,48.98,40.57,625.03,109.84,150.23,66.85,50.14,68.89,94.89,104.84,39.93,203.6,53.29,60.01
2026-10-08,773.93,747.58,197.78,54.23,168.16,111.71,112.07,168.4,83.42,65.24,41.07,49.27,40.85,607.27,109.59,149.29,65.83,49.29,69.59,95.68,104.61,38.56,204.88,53.25,56.93
2026-10-09,778.57,751.27,198.78,54.73,170.81,112.85,110.38,169.25,83.43,65.08,41.41,49.43,41.61,603.33,112.67,153.77,68.75,51.3,69.01,94.77,106.35,38.9,206.65,53.45,57.19
